{
"type": "FeatureCollection",
"name": "context",
"crs": { "type": "name", "properties": { "name": "urn:ogc:def:crs:OGC:1.3:CRS84" } },
"xy_coordinate_resolution": 0.0001,
"features": [
{ "type": "Feature", "properties": { "name": "Cherokee County" }, "geometry": { "type": "Polygon", "coordinates": [ [ [ -84.0291, 35.2914 ], [ -84.0361, 35.2886 ], [ -84.0412, 35.2792 ], [ -84.0525, 35.2702 ], [ -84.0811, 35.2611 ], [ -84.0825, 35.2563 ], [ -84.0926, 35.2492 ], [ -84.0986, 35.2476 ], [ -84.1069, 35.2515 ], [ -84.1136, 35.249 ], [ -84.1196, 35.2522 ], [ -84.1252, 35.2499 ], [ -84.1271, 35.2408 ], [ -84.1475, 35.2469 ], [ -84.1615, 35.2435 ], [ -84.17, 35.2465 ], [ -84.1789, 35.2405 ], [ -84.1885, 35.2401 ], [ -84.1934, 35.2448 ], [ -84.1995, 35.2438 ], [ -84.2032, 35.2556 ], [ -84.2114, 35.2656 ], [ -84.224, 35.269 ], [ -84.2425, 35.2535 ], [ -84.2759, 35.2342 ], [ -84.2833, 35.2265 ], [ -84.2902, 35.2253 ], [ -84.3218, 34.9885 ], [ -84.0051, 34.9871 ], [ -84.0036, 34.9955 ], [ -83.9799, 35.0058 ], [ -83.9566, 35.0262 ], [ -83.9607, 35.0308 ], [ -83.9584, 35.0389 ], [ -83.966, 35.044 ], [ -83.9641, 35.048 ], [ -83.9566, 35.0542 ], [ -83.9435, 35.0561 ], [ -83.9336, 35.069 ], [ -83.9274, 35.0667 ], [ -83.9225, 35.0743 ], [ -83.9077, 35.0782 ], [ -83.9055, 35.0865 ], [ -83.8639, 35.1201 ], [ -83.8656, 35.1272 ], [ -83.8571, 35.1371 ], [ -83.8406, 35.1438 ], [ -83.8176, 35.1389 ], [ -83.8066, 35.1441 ], [ -83.7972, 35.1449 ], [ -83.7949, 35.148 ], [ -83.7783, 35.15 ], [ -83.773, 35.1559 ], [ -83.7559, 35.1572 ], [ -83.7528, 35.1609 ], [ -83.7458, 35.1608 ], [ -83.7382, 35.1559 ], [ -83.7306, 35.1718 ], [ -83.7314, 35.1787 ], [ -83.7118, 35.1907 ], [ -83.7113, 35.1957 ], [ -83.7163, 35.1997 ], [ -83.7194, 35.1967 ], [ -83.7286, 35.2011 ], [ -83.7225, 35.2099 ], [ -83.7133, 35.213 ], [ -83.71, 35.219 ], [ -83.698, 35.2242 ], [ -83.6906, 35.2345 ], [ -83.6917, 35.2428 ], [ -83.7043, 35.2491 ], [ -83.7086, 35.2576 ], [ -83.7133, 35.2576 ], [ -83.7343, 35.245 ], [ -83.7567, 35.2425 ], [ -83.7618, 35.2479 ], [ -83.7735, 35.2457 ], [ -83.795, 35.2575 ], [ -83.8067, 35.2528 ], [ -83.8135, 35.2547 ], [ -83.8227, 35.2503 ], [ -83.8314, 35.2561 ], [ -83.8461, 35.2549 ], [ -83.8511, 35.2494 ], [ -83.8737, 35.2441 ], [ -83.8797, 35.2385 ], [ -83.8933, 35.2332 ], [ -83.9011, 35.2385 ], [ -83.9067, 35.2337 ], [ -83.9342, 35.223 ], [ -83.9434, 35.2226 ], [ -83.9453, 35.2198 ], [ -83.9573, 35.2204 ], [ -83.959, 35.2169 ], [ -83.9673, 35.2179 ], [ -83.9763, 35.2215 ], [ -83.9834, 35.2296 ], [ -84.003, 35.2351 ], [ -84.0064, 35.2417 ], [ -84.001, 35.2497 ], [ -84.011, 35.2572 ], [ -84.0097, 35.2732 ], [ -84.0165, 35.2762 ], [ -84.0226, 35.287 ], [ -84.0291, 35.2914 ] ] ] } },
{ "type": "Feature", "properties": { "name": "Swain County" }, "geometry": { "type": "Polygon", "coordinates": [ [ [ -83.565, 35.5661 ], [ -83.5849, 35.5629 ], [ -83.5961, 35.575 ], [ -83.6083, 35.58 ], [ -83.6186, 35.5723 ], [ -83.6293, 35.5682 ], [ -83.6339, 35.5707 ], [ -83.6401, 35.5662 ], [ -83.656, 35.57 ], [ -83.6877, 35.5682 ], [ -83.6956, 35.5703 ], [ -83.7228, 35.5623 ], [ -83.7361, 35.5655 ], [ -83.7465, 35.5603 ], [ -83.755, 35.5646 ], [ -83.7714, 35.5616 ], [ -83.7802, 35.5506 ], [ -83.8028, 35.5415 ], [ -83.8205, 35.5257 ], [ -83.8491, 35.5186 ], [ -83.8572, 35.5216 ], [ -83.8798, 35.5191 ], [ -83.8899, 35.5047 ], [ -83.9015, 35.4966 ], [ -83.9004, 35.493 ], [ -83.9117, 35.4762 ], [ -83.9367, 35.4716 ], [ -83.9429, 35.4644 ], [ -83.9534, 35.4602 ], [ -83.9443, 35.4508 ], [ -83.9357, 35.4484 ], [ -83.9287, 35.45 ], [ -83.9141, 35.4651 ], [ -83.9075, 35.4665 ], [ -83.8954, 35.4615 ], [ -83.8821, 35.4632 ], [ -83.8738, 35.4604 ], [ -83.8658, 35.4483 ], [ -83.8443, 35.4531 ], [ -83.8379, 35.4488 ], [ -83.8191, 35.4504 ], [ -83.8085, 35.444 ], [ -83.8012, 35.4558 ], [ -83.7756, 35.4436 ], [ -83.7567, 35.4417 ], [ -83.7328, 35.4474 ], [ -83.7211, 35.443 ], [ -83.703, 35.4432 ], [ -83.6698, 35.4356 ], [ -83.6645, 35.4311 ], [ -83.6576, 35.4321 ], [ -83.6515, 35.4265 ], [ -83.6459, 35.4294 ], [ -83.6424, 35.4436 ], [ -83.618, 35.4359 ], [ -83.6108, 35.427 ], [ -83.5858, 35.4348 ], [ -83.5852, 35.426 ], [ -83.589, 35.4189 ], [ -83.5851, 35.4182 ], [ -83.5824, 35.4096 ], [ -83.5954, 35.3811 ], [ -83.5931, 35.377 ], [ -83.6136, 35.3573 ], [ -83.617, 35.3491 ], [ -83.6392, 35.3387 ], [ -83.6447, 35.3403 ], [ -83.6605, 35.3356 ], [ -83.6702, 35.3286 ], [ -83.6786, 35.3282 ], [ -83.6906, 35.3172 ], [ -83.6954, 35.2975 ], [ -83.6846, 35.2887 ], [ -83.6817, 35.2804 ], [ -83.4957, 35.2996 ], [ -83.4902, 35.3056 ], [ -83.4742, 35.2977 ], [ -83.4677, 35.2977 ], [ -83.4558, 35.3029 ], [ -83.4521, 35.3142 ], [ -83.4408, 35.3172 ], [ -83.4325, 35.3252 ], [ -83.4217, 35.3176 ], [ -83.4159, 35.3195 ], [ -83.4109, 35.3165 ], [ -83.3996, 35.3278 ], [ -83.3793, 35.3255 ], [ -83.3725, 35.3291 ], [ -83.3642, 35.326 ], [ -83.3572, 35.3297 ], [ -83.3473, 35.3285 ], [ -83.3396, 35.331 ], [ -83.3403, 35.3374 ], [ -83.3314, 35.3537 ], [ -83.3351, 35.3598 ], [ -83.3374, 35.3821 ], [ -83.3459, 35.3893 ], [ -83.34, 35.3955 ], [ -83.3491, 35.4012 ], [ -83.348, 35.4054 ], [ -83.3518, 35.4111 ], [ -83.3607, 35.4118 ], [ -83.3638, 35.4269 ], [ -83.3574, 35.4376 ], [ -83.3517, 35.4681 ], [ -83.3457, 35.4734 ], [ -83.3359, 35.4749 ], [ -83.332, 35.47 ], [ -83.3178, 35.4653 ], [ -83.3089, 35.4793 ], [ -83.3049, 35.4786 ], [ -83.297, 35.4843 ], [ -83.2917, 35.4831 ], [ -83.2853, 35.4889 ], [ -83.2835, 35.4974 ], [ -83.2644, 35.5065 ], [ -83.2618, 35.5145 ], [ -83.2547, 35.5138 ], [ -83.2363, 35.5244 ], [ -83.2164, 35.526 ], [ -83.2077, 35.518 ], [ -83.1961, 35.5194 ], [ -83.1837, 35.515 ], [ -83.174, 35.5217 ], [ -83.17, 35.531 ], [ -83.1716, 35.5377 ], [ -83.1654, 35.5385 ], [ -83.1629, 35.5481 ], [ -83.1558, 35.5526 ], [ -83.1633, 35.5647 ], [ -83.1669, 35.5786 ], [ -83.1835, 35.586 ], [ -83.1855, 35.5988 ], [ -83.176, 35.6125 ], [ -83.1816, 35.6187 ], [ -83.1759, 35.6275 ], [ -83.1771, 35.632 ], [ -83.1875, 35.6408 ], [ -83.2, 35.6412 ], [ -83.2024, 35.6444 ], [ -83.2028, 35.6496 ], [ -83.1964, 35.6542 ], [ -83.1948, 35.6607 ], [ -83.182, 35.6713 ], [ -83.1997, 35.6811 ], [ -83.2071, 35.6811 ], [ -83.2151, 35.6923 ], [ -83.252, 35.6959 ], [ -83.2707, 35.6868 ], [ -83.2745, 35.6791 ], [ -83.2903, 35.6735 ], [ -83.2935, 35.6619 ], [ -83.2982, 35.6573 ], [ -83.3121, 35.6546 ], [ -83.3218, 35.6631 ], [ -83.3411, 35.6646 ], [ -83.3526, 35.659 ], [ -83.3583, 35.647 ], [ -83.3678, 35.6378 ], [ -83.3718, 35.6392 ], [ -83.3781, 35.6346 ], [ -83.3887, 35.6336 ], [ -83.3962, 35.6228 ], [ -83.422, 35.6111 ], [ -83.4457, 35.6118 ], [ -83.4566, 35.5972 ], [ -83.4791, 35.5832 ], [ -83.4854, 35.5685 ], [ -83.4984, 35.5629 ], [ -83.5407, 35.5659 ], [ -83.551, 35.5635 ], [ -83.565, 35.5661 ] ] ] } },
{ "type": "Feature", "properties": { "name": "Graham County" }, "geometry": { "type": "Polygon", "coordinates": [ [ [ -83.6814, 35.2784 ], [ -83.6818, 35.285 ], [ -83.6954, 35.2975 ], [ -83.6906, 35.3172 ], [ -83.6786, 35.3282 ], [ -83.6702, 35.3286 ], [ -83.6605, 35.3356 ], [ -83.6447, 35.3403 ], [ -83.6392, 35.3387 ], [ -83.617, 35.3491 ], [ -83.6136, 35.3573 ], [ -83.5931, 35.377 ], [ -83.5954, 35.3811 ], [ -83.5824, 35.4096 ], [ -83.5851, 35.4182 ], [ -83.589, 35.4189 ], [ -83.5852, 35.426 ], [ -83.5858, 35.4348 ], [ -83.6108, 35.427 ], [ -83.618, 35.4359 ], [ -83.6424, 35.4436 ], [ -83.6459, 35.4294 ], [ -83.653, 35.4266 ], [ -83.6576, 35.4321 ], [ -83.6645, 35.4311 ], [ -83.6698, 35.4356 ], [ -83.703, 35.4432 ], [ -83.7211, 35.443 ], [ -83.7328, 35.4474 ], [ -83.7567, 35.4417 ], [ -83.7756, 35.4436 ], [ -83.8012, 35.4558 ], [ -83.8081, 35.444 ], [ -83.8191, 35.4504 ], [ -83.8379, 35.4488 ], [ -83.8443, 35.4531 ], [ -83.8658, 35.4483 ], [ -83.8738, 35.4604 ], [ -83.8821, 35.4632 ], [ -83.8954, 35.4615 ], [ -83.9083, 35.4665 ], [ -83.9141, 35.4651 ], [ -83.9287, 35.45 ], [ -83.9386, 35.4485 ], [ -83.9589, 35.4643 ], [ -83.9646, 35.4541 ], [ -83.9717, 35.4551 ], [ -83.9727, 35.4472 ], [ -83.98, 35.4482 ], [ -83.9835, 35.4408 ], [ -83.9918, 35.4407 ], [ -83.9947, 35.4352 ], [ -83.9996, 35.4339 ], [ -83.9995, 35.4259 ], [ -84.0139, 35.4127 ], [ -84.0234, 35.4116 ], [ -84.0187, 35.4 ], [ -84.0086, 35.391 ], [ -84.0114, 35.3846 ], [ -84.0074, 35.3717 ], [ -84.0233, 35.3543 ], [ -84.0384, 35.351 ], [ -84.034, 35.3431 ], [ -84.0362, 35.3377 ], [ -84.0293, 35.3331 ], [ -84.0359, 35.3132 ], [ -84.0269, 35.3097 ], [ -84.0215, 35.3016 ], [ -84.0292, 35.2917 ], [ -84.0226, 35.287 ], [ -84.0165, 35.2762 ], [ -84.0097, 35.2732 ], [ -84.011, 35.2572 ], [ -84.001, 35.2497 ], [ -84.0064, 35.2417 ], [ -84.004, 35.2364 ], [ -83.9987, 35.2325 ], [ -83.9834, 35.2296 ], [ -83.9763, 35.2215 ], [ -83.9685, 35.2181 ], [ -83.9592, 35.2169 ], [ -83.9573, 35.2204 ], [ -83.9453, 35.2198 ], [ -83.9434, 35.2226 ], [ -83.9342, 35.223 ], [ -83.9067, 35.2337 ], [ -83.9011, 35.2385 ], [ -83.8934, 35.2333 ], [ -83.888, 35.2348 ], [ -83.8737, 35.2441 ], [ -83.8511, 35.2494 ], [ -83.8452, 35.2552 ], [ -83.8311, 35.2561 ], [ -83.8227, 35.2503 ], [ -83.8135, 35.2547 ], [ -83.8067, 35.2528 ], [ -83.795, 35.2575 ], [ -83.7735, 35.2457 ], [ -83.7618, 35.2479 ], [ -83.7567, 35.2425 ], [ -83.7343, 35.245 ], [ -83.7133, 35.2576 ], [ -83.7086, 35.2576 ], [ -83.7028, 35.2485 ], [ -83.6814, 35.2784 ] ] ] } },
{ "type": "Feature", "properties": { "name": "Clay County" }, "geometry": { "type": "Polygon", "coordinates": [ [ [ -83.7268, 35.1453 ], [ -83.7448, 35.1604 ], [ -83.7528, 35.1609 ], [ -83.7559, 35.1572 ], [ -83.773, 35.1559 ], [ -83.7783, 35.15 ], [ -83.7949, 35.148 ], [ -83.7972, 35.1449 ], [ -83.8066, 35.1441 ], [ -83.8176, 35.1389 ], [ -83.8406, 35.1438 ], [ -83.8571, 35.1371 ], [ -83.8656, 35.1272 ], [ -83.8639, 35.1201 ], [ -83.9055, 35.0865 ], [ -83.9077, 35.0782 ], [ -83.9225, 35.0743 ], [ -83.9274, 35.0667 ], [ -83.9336, 35.069 ], [ -83.9435, 35.0561 ], [ -83.9566, 35.0542 ], [ -83.9641, 35.048 ], [ -83.966, 35.044 ], [ -83.9584, 35.0389 ], [ -83.9607, 35.0308 ], [ -83.9566, 35.0262 ], [ -83.9799, 35.0058 ], [ -84.0036, 34.9955 ], [ -84.0051, 34.9871 ], [ -83.6199, 34.9867 ], [ -83.6201, 34.992 ], [ -83.4829, 34.9933 ], [ -83.4865, 34.9985 ], [ -83.5046, 35.0007 ], [ -83.5103, 35.0052 ], [ -83.521, 34.9968 ], [ -83.5271, 35.0092 ], [ -83.5219, 35.0132 ], [ -83.5213, 35.0183 ], [ -83.5385, 35.0362 ], [ -83.5478, 35.0395 ], [ -83.5584, 35.0392 ], [ -83.5667, 35.0513 ], [ -83.5622, 35.0595 ], [ -83.5681, 35.0672 ], [ -83.5669, 35.0708 ], [ -83.5753, 35.0717 ], [ -83.5819, 35.0781 ], [ -83.5863, 35.0913 ], [ -83.6179, 35.106 ], [ -83.6146, 35.1131 ], [ -83.6189, 35.1194 ], [ -83.619, 35.1282 ], [ -83.6266, 35.1313 ], [ -83.625, 35.1252 ], [ -83.6323, 35.1251 ], [ -83.6349, 35.1212 ], [ -83.6439, 35.1322 ], [ -83.6377, 35.1328 ], [ -83.6399, 35.1385 ], [ -83.6495, 35.1345 ], [ -83.6549, 35.1358 ], [ -83.6576, 35.1401 ], [ -83.6494, 35.1405 ], [ -83.645, 35.1452 ], [ -83.6539, 35.1572 ], [ -83.6598, 35.1603 ], [ -83.6594, 35.1545 ], [ -83.6662, 35.15 ], [ -83.6734, 35.1571 ], [ -83.6844, 35.1578 ], [ -83.6873, 35.1541 ], [ -83.6942, 35.1561 ], [ -83.6998, 35.1525 ], [ -83.7144, 35.1553 ], [ -83.7268, 35.1453 ] ] ] } },
{ "type": "Feature", "properties": { "name": "Macon County" }, "geometry": { "type": "Polygon", "coordinates": [ [ [ -83.3369, 35.3295 ], [ -83.3572, 35.3297 ], [ -83.3642, 35.326 ], [ -83.3725, 35.3291 ], [ -83.3793, 35.3255 ], [ -83.3996, 35.3278 ], [ -83.4109, 35.3165 ], [ -83.4159, 35.3195 ], [ -83.4217, 35.3176 ], [ -83.4325, 35.3252 ], [ -83.4408, 35.3172 ], [ -83.4521, 35.3142 ], [ -83.4558, 35.3029 ], [ -83.4673, 35.2978 ], [ -83.4742, 35.2977 ], [ -83.4902, 35.3056 ], [ -83.4957, 35.2996 ], [ -83.6728, 35.2828 ], [ -83.6841, 35.2764 ], [ -83.7028, 35.2485 ], [ -83.6917, 35.2428 ], [ -83.6901, 35.2375 ], [ -83.6938, 35.2287 ], [ -83.71, 35.219 ], [ -83.7133, 35.213 ], [ -83.7225, 35.2099 ], [ -83.7289, 35.2006 ], [ -83.7194, 35.1967 ], [ -83.7163, 35.1997 ], [ -83.7113, 35.1957 ], [ -83.7118, 35.1907 ], [ -83.7314, 35.1787 ], [ -83.7306, 35.1718 ], [ -83.7382, 35.1559 ], [ -83.7268, 35.1453 ], [ -83.7144, 35.1553 ], [ -83.6998, 35.1525 ], [ -83.6942, 35.1561 ], [ -83.6873, 35.1541 ], [ -83.6844, 35.1578 ], [ -83.6734, 35.1571 ], [ -83.6662, 35.15 ], [ -83.6594, 35.1545 ], [ -83.6598, 35.1603 ], [ -83.6539, 35.1572 ], [ -83.645, 35.1452 ], [ -83.6494, 35.1405 ], [ -83.6576, 35.1401 ], [ -83.6549, 35.1358 ], [ -83.6495, 35.1345 ], [ -83.6399, 35.1385 ], [ -83.6377, 35.1328 ], [ -83.6439, 35.1322 ], [ -83.6349, 35.1212 ], [ -83.6323, 35.1251 ], [ -83.625, 35.1252 ], [ -83.6266, 35.1313 ], [ -83.619, 35.1282 ], [ -83.6189, 35.1194 ], [ -83.6146, 35.1131 ], [ -83.6179, 35.106 ], [ -83.5863, 35.0913 ], [ -83.5819, 35.0781 ], [ -83.5753, 35.0717 ], [ -83.5669, 35.0708 ], [ -83.5681, 35.0672 ], [ -83.5622, 35.0595 ], [ -83.5667, 35.0513 ], [ -83.5584, 35.0392 ], [ -83.5478, 35.0395 ], [ -83.5385, 35.0362 ], [ -83.5213, 35.0183 ], [ -83.5219, 35.0132 ], [ -83.5271, 35.0092 ], [ -83.5208, 34.9966 ], [ -83.5106, 35.0052 ], [ -83.5046, 35.0007 ], [ -83.4865, 34.9985 ], [ -83.4829, 34.9933 ], [ -83.1086, 35.0007 ], [ -83.1086, 35.0096 ], [ -83.1126, 35.0132 ], [ -83.1173, 35.0117 ], [ -83.1263, 35.0157 ], [ -83.1262, 35.0228 ], [ -83.1328, 35.0338 ], [ -83.1311, 35.0393 ], [ -83.1362, 35.0385 ], [ -83.1484, 35.0539 ], [ -83.1713, 35.0606 ], [ -83.1721, 35.069 ], [ -83.1581, 35.075 ], [ -83.1576, 35.0784 ], [ -83.1433, 35.0779 ], [ -83.1477, 35.0938 ], [ -83.1517, 35.0987 ], [ -83.1598, 35.0979 ], [ -83.167, 35.1046 ], [ -83.1776, 35.1089 ], [ -83.1867, 35.1335 ], [ -83.2096, 35.1506 ], [ -83.2131, 35.1583 ], [ -83.2238, 35.1574 ], [ -83.2245, 35.1882 ], [ -83.2221, 35.1931 ], [ -83.2186, 35.1933 ], [ -83.2194, 35.2063 ], [ -83.216, 35.2132 ], [ -83.2166, 35.2233 ], [ -83.2243, 35.2387 ], [ -83.2431, 35.2391 ], [ -83.2453, 35.2314 ], [ -83.2767, 35.228 ], [ -83.2933, 35.2352 ], [ -83.2982, 35.2555 ], [ -83.3083, 35.2572 ], [ -83.31, 35.2641 ], [ -83.3159, 35.2648 ], [ -83.312, 35.2816 ], [ -83.3185, 35.2891 ], [ -83.317, 35.2981 ], [ -83.3226, 35.3015 ], [ -83.3211, 35.3119 ], [ -83.3318, 35.3158 ], [ -83.3369, 35.3295 ] ] ] } },
{ "type": "Feature", "properties": { "name": "Haywood County" }, "geometry": { "type": "Polygon", "coordinates": [ [ [ -82.8853, 35.6771 ], [ -82.9011, 35.6849 ], [ -82.8986, 35.7037 ], [ -82.9104, 35.7162 ], [ -82.9067, 35.7202 ], [ -82.9077, 35.7278 ], [ -82.9177, 35.7448 ], [ -82.923, 35.7468 ], [ -82.9363, 35.7448 ], [ -82.9479, 35.739 ], [ -82.9572, 35.7468 ], [ -82.9569, 35.7574 ], [ -82.9527, 35.7591 ], [ -82.95, 35.7745 ], [ -82.9611, 35.7909 ], [ -82.9697, 35.7896 ], [ -82.9839, 35.7781 ], [ -82.9959, 35.7731 ], [ -83.036, 35.7875 ], [ -83.0431, 35.7854 ], [ -83.0528, 35.7897 ], [ -83.0637, 35.7869 ], [ -83.0787, 35.7896 ], [ -83.0968, 35.7764 ], [ -83.1182, 35.7698 ], [ -83.1206, 35.7664 ], [ -83.1275, 35.7681 ], [ -83.1365, 35.7651 ], [ -83.1596, 35.7647 ], [ -83.165, 35.7597 ], [ -83.1648, 35.754 ], [ -83.1703, 35.746 ], [ -83.1778, 35.7444 ], [ -83.1856, 35.7303 ], [ -83.1975, 35.7253 ], [ -83.241, 35.7268 ], [ -83.2432, 35.7225 ], [ -83.2541, 35.7176 ], [ -83.2516, 35.709 ], [ -83.2574, 35.7051 ], [ -83.2543, 35.6956 ], [ -83.2151, 35.6923 ], [ -83.2071, 35.6811 ], [ -83.1997, 35.6811 ], [ -83.182, 35.6713 ], [ -83.1948, 35.6607 ], [ -83.1964, 35.6542 ], [ -83.2028, 35.6496 ], [ -83.2024, 35.6444 ], [ -83.2, 35.6412 ], [ -83.1875, 35.6408 ], [ -83.1771, 35.632 ], [ -83.1759, 35.6275 ], [ -83.1816, 35.6187 ], [ -83.176, 35.6125 ], [ -83.1855, 35.5988 ], [ -83.1835, 35.586 ], [ -83.1669, 35.5786 ], [ -83.1633, 35.5647 ], [ -83.1558, 35.5526 ], [ -83.1629, 35.5481 ], [ -83.1654, 35.5385 ], [ -83.1716, 35.5377 ], [ -83.17, 35.531 ], [ -83.1739, 35.5218 ], [ -83.1863, 35.5144 ], [ -83.1859, 35.5118 ], [ -83.1641, 35.5094 ], [ -83.16, 35.502 ], [ -83.1611, 35.4962 ], [ -83.1386, 35.4912 ], [ -83.1377, 35.4641 ], [ -83.109, 35.4641 ], [ -83.0914, 35.4575 ], [ -83.09, 35.4484 ], [ -83.0795, 35.4476 ], [ -83.08, 35.4345 ], [ -83.0618, 35.4253 ], [ -83.0563, 35.426 ], [ -83.0444, 35.4151 ], [ -83.0437, 35.3944 ], [ -83.0299, 35.3873 ], [ -83.0248, 35.3802 ], [ -83.0066, 35.3773 ], [ -82.9902, 35.3675 ], [ -82.9862, 35.3559 ], [ -82.9765, 35.3499 ], [ -82.9777, 35.3441 ], [ -82.9717, 35.3428 ], [ -82.9648, 35.3333 ], [ -82.9647, 35.3153 ], [ -82.9552, 35.3164 ], [ -82.9504, 35.3066 ], [ -82.9275, 35.303 ], [ -82.9184, 35.2916 ], [ -82.9132, 35.2982 ], [ -82.8933, 35.3076 ], [ -82.885, 35.3081 ], [ -82.8769, 35.3145 ], [ -82.8319, 35.3184 ], [ -82.825, 35.3242 ], [ -82.823, 35.3319 ], [ -82.8151, 35.3361 ], [ -82.8147, 35.3444 ], [ -82.8032, 35.3502 ], [ -82.7917, 35.3672 ], [ -82.7876, 35.3811 ], [ -82.7826, 35.3829 ], [ -82.7737, 35.3939 ], [ -82.7456, 35.4074 ], [ -82.7495, 35.413 ], [ -82.7453, 35.4235 ], [ -82.7561, 35.4252 ], [ -82.7817, 35.4395 ], [ -82.7862, 35.457 ], [ -82.7946, 35.4654 ], [ -82.7941, 35.4691 ], [ -82.7997, 35.471 ], [ -82.7825, 35.5043 ], [ -82.785, 35.5072 ], [ -82.7781, 35.5197 ], [ -82.7802, 35.5257 ], [ -82.766, 35.539 ], [ -82.7712, 35.5504 ], [ -82.7775, 35.5556 ], [ -82.7659, 35.5676 ], [ -82.7708, 35.5761 ], [ -82.7785, 35.5778 ], [ -82.7772, 35.5824 ], [ -82.781, 35.5888 ], [ -82.7993, 35.5981 ], [ -82.8113, 35.6271 ], [ -82.829, 35.6202 ], [ -82.8362, 35.6214 ], [ -82.8461, 35.6143 ], [ -82.8517, 35.6173 ], [ -82.8517, 35.6353 ], [ -82.8651, 35.6348 ], [ -82.8746, 35.6514 ], [ -82.8722, 35.6575 ], [ -82.878, 35.6625 ], [ -82.8768, 35.6662 ], [ -82.888, 35.6727 ], [ -82.8853, 35.6771 ] ] ] } },
{ "type": "Feature", "properties": { "name": "Jackson County" }, "geometry": { "type": "Polygon", "coordinates": [ [ [ -83.3406, 35.3335 ], [ -83.3318, 35.3158 ], [ -83.3211, 35.3119 ], [ -83.3226, 35.3015 ], [ -83.317, 35.2981 ], [ -83.3185, 35.2891 ], [ -83.312, 35.2816 ], [ -83.316, 35.2649 ], [ -83.31, 35.2641 ], [ -83.3083, 35.2572 ], [ -83.2982, 35.2555 ], [ -83.2933, 35.2352 ], [ -83.2767, 35.228 ], [ -83.2453, 35.2314 ], [ -83.2431, 35.2391 ], [ -83.2243, 35.2387 ], [ -83.2166, 35.2233 ], [ -83.216, 35.2132 ], [ -83.2194, 35.2063 ], [ -83.2186, 35.1933 ], [ -83.2221, 35.1931 ], [ -83.2245, 35.1882 ], [ -83.2238, 35.1574 ], [ -83.2131, 35.1583 ], [ -83.2096, 35.1506 ], [ -83.1867, 35.1335 ], [ -83.1776, 35.1089 ], [ -83.167, 35.1046 ], [ -83.1598, 35.0979 ], [ -83.1517, 35.0987 ], [ -83.1477, 35.0938 ], [ -83.1433, 35.0779 ], [ -83.1576, 35.0784 ], [ -83.1581, 35.075 ], [ -83.1721, 35.069 ], [ -83.1713, 35.0606 ], [ -83.1484, 35.0539 ], [ -83.1362, 35.0385 ], [ -83.1311, 35.0393 ], [ -83.1328, 35.0338 ], [ -83.1262, 35.0228 ], [ -83.1263, 35.0157 ], [ -83.1173, 35.0117 ], [ -83.1126, 35.0132 ], [ -83.1086, 35.0096 ], [ -83.109, 35.0012 ], [ -83.0085, 35.0274 ], [ -83.0181, 35.0371 ], [ -83.0286, 35.0399 ], [ -83.0326, 35.0378 ], [ -83.0438, 35.0514 ], [ -83.0569, 35.0539 ], [ -83.0487, 35.061 ], [ -83.0434, 35.0715 ], [ -83.044, 35.0782 ], [ -83.0375, 35.0797 ], [ -82.9832, 35.1319 ], [ -82.979, 35.1303 ], [ -82.9769, 35.1326 ], [ -82.9809, 35.1484 ], [ -82.9848, 35.1502 ], [ -82.9891, 35.1484 ], [ -82.9976, 35.1585 ], [ -82.9966, 35.1636 ], [ -82.9812, 35.1678 ], [ -82.9885, 35.1742 ], [ -82.9854, 35.1801 ], [ -82.9887, 35.1851 ], [ -82.9692, 35.1941 ], [ -82.9679, 35.1993 ], [ -82.9602, 35.2055 ], [ -82.9596, 35.2155 ], [ -82.9356, 35.225 ], [ -82.932, 35.2289 ], [ -82.9192, 35.2708 ], [ -82.9209, 35.292 ], [ -82.9273, 35.3028 ], [ -82.9504, 35.3066 ], [ -82.9552, 35.3164 ], [ -82.9647, 35.3153 ], [ -82.9648, 35.3333 ], [ -82.9717, 35.3428 ], [ -82.9777, 35.3441 ], [ -82.9765, 35.3499 ], [ -82.9862, 35.3559 ], [ -82.9904, 35.3676 ], [ -83.0066, 35.3773 ], [ -83.0248, 35.3802 ], [ -83.0299, 35.3873 ], [ -83.0437, 35.3944 ], [ -83.0444, 35.4151 ], [ -83.0563, 35.426 ], [ -83.0618, 35.4253 ], [ -83.08, 35.4345 ], [ -83.0795, 35.4476 ], [ -83.09, 35.4484 ], [ -83.0914, 35.4575 ], [ -83.109, 35.4641 ], [ -83.1377, 35.4641 ], [ -83.1365, 35.4792 ], [ -83.1405, 35.4846 ], [ -83.1375, 35.4899 ], [ -83.1421, 35.4937 ], [ -83.1611, 35.4962 ], [ -83.16, 35.502 ], [ -83.1637, 35.5092 ], [ -83.1845, 35.5107 ], [ -83.1951, 35.5192 ], [ -83.2077, 35.518 ], [ -83.2161, 35.5259 ], [ -83.2271, 35.5256 ], [ -83.2375, 35.524 ], [ -83.242, 35.5189 ], [ -83.2553, 35.5136 ], [ -83.2618, 35.5145 ], [ -83.2644, 35.5065 ], [ -83.2835, 35.4974 ], [ -83.2853, 35.4889 ], [ -83.2917, 35.4831 ], [ -83.297, 35.4843 ], [ -83.3049, 35.4786 ], [ -83.3089, 35.4793 ], [ -83.3178, 35.4653 ], [ -83.332, 35.47 ], [ -83.3362, 35.4749 ], [ -83.3454, 35.4735 ], [ -83.3517, 35.4681 ], [ -83.3574, 35.4376 ], [ -83.3638, 35.4269 ], [ -83.3607, 35.4118 ], [ -83.3518, 35.4111 ], [ -83.348, 35.4054 ], [ -83.3491, 35.4012 ], [ -83.34, 35.3955 ], [ -83.3459, 35.3893 ], [ -83.3374, 35.3821 ], [ -83.3351, 35.3598 ], [ -83.3314, 35.3537 ], [ -83.3406, 35.3335 ] ] ] } },
{ "type": "Feature", "properties": { "name": "Transylvania County" }, "geometry": { "type": "Polygon", "coordinates": [ [ [ -83.0148, 35.0345 ], [ -83.0085, 35.0274 ], [ -82.7832, 35.0859 ], [ -82.7762, 35.0812 ], [ -82.7817, 35.0653 ], [ -82.7565, 35.0674 ], [ -82.7511, 35.0739 ], [ -82.7514, 35.0815 ], [ -82.7389, 35.0781 ], [ -82.7353, 35.0872 ], [ -82.7303, 35.0877 ], [ -82.7267, 35.0947 ], [ -82.7158, 35.0929 ], [ -82.7001, 35.1009 ], [ -82.6976, 35.096 ], [ -82.6868, 35.108 ], [ -82.6945, 35.1162 ], [ -82.6877, 35.1191 ], [ -82.6873, 35.1253 ], [ -82.6817, 35.128 ], [ -82.6749, 35.1273 ], [ -82.6748, 35.1178 ], [ -82.6692, 35.1206 ], [ -82.663, 35.1181 ], [ -82.6557, 35.1199 ], [ -82.6519, 35.1262 ], [ -82.6449, 35.127 ], [ -82.6433, 35.1338 ], [ -82.6365, 35.1301 ], [ -82.6361, 35.1255 ], [ -82.6288, 35.1258 ], [ -82.6237, 35.1337 ], [ -82.6149, 35.1362 ], [ -82.6131, 35.1397 ], [ -82.5978, 35.1377 ], [ -82.5883, 35.1428 ], [ -82.5785, 35.141 ], [ -82.5748, 35.1454 ], [ -82.5854, 35.1518 ], [ -82.5858, 35.1588 ], [ -82.5907, 35.162 ], [ -82.604, 35.2218 ], [ -82.6043, 35.2589 ], [ -82.6112, 35.2615 ], [ -82.6162, 35.2603 ], [ -82.6102, 35.2882 ], [ -82.619, 35.2884 ], [ -82.624, 35.2971 ], [ -82.6193, 35.3037 ], [ -82.7451, 35.423 ], [ -82.7495, 35.413 ], [ -82.7456, 35.4074 ], [ -82.7737, 35.3939 ], [ -82.7826, 35.3829 ], [ -82.7876, 35.3811 ], [ -82.7917, 35.3672 ], [ -82.8032, 35.3502 ], [ -82.8147, 35.3444 ], [ -82.8151, 35.3361 ], [ -82.823, 35.3319 ], [ -82.825, 35.3242 ], [ -82.8319, 35.3184 ], [ -82.8769, 35.3145 ], [ -82.885, 35.3081 ], [ -82.8998, 35.3053 ], [ -82.9145, 35.2974 ], [ -82.9176, 35.2917 ], [ -82.9209, 35.292 ], [ -82.9192, 35.2708 ], [ -82.9286, 35.2346 ], [ -82.9356, 35.225 ], [ -82.9596, 35.2155 ], [ -82.9602, 35.2055 ], [ -82.9679, 35.1993 ], [ -82.9695, 35.1938 ], [ -82.9872, 35.1875 ], [ -82.9885, 35.1831 ], [ -82.9854, 35.1798 ], [ -82.9886, 35.1745 ], [ -82.9812, 35.1676 ], [ -82.9966, 35.1636 ], [ -82.9948, 35.1535 ], [ -82.9891, 35.1484 ], [ -82.9848, 35.1502 ], [ -82.9801, 35.1473 ], [ -82.9815, 35.1436 ], [ -82.9769, 35.1326 ], [ -82.979, 35.1303 ], [ -82.9832, 35.1319 ], [ -83.0375, 35.0797 ], [ -83.044, 35.0782 ], [ -83.0434, 35.0715 ], [ -83.0487, 35.061 ], [ -83.0569, 35.0539 ], [ -83.0438, 35.0514 ], [ -83.0325, 35.0377 ], [ -83.0279, 35.0398 ], [ -83.0148, 35.0345 ] ] ] } },
{ "type": "Feature", "properties": { "name": "Henderson County" }, "geometry": { "type": "Polygon", "coordinates": [ [ [ -82.7441, 35.4235 ], [ -82.6193, 35.3037 ], [ -82.624, 35.2971 ], [ -82.619, 35.2884 ], [ -82.6102, 35.2882 ], [ -82.6162, 35.2603 ], [ -82.6112, 35.2615 ], [ -82.6043, 35.2589 ], [ -82.604, 35.2218 ], [ -82.5907, 35.162 ], [ -82.5858, 35.1588 ], [ -82.5854, 35.1518 ], [ -82.5727, 35.1442 ], [ -82.5681, 35.1457 ], [ -82.5642, 35.1524 ], [ -82.5542, 35.1524 ], [ -82.5556, 35.1595 ], [ -82.5459, 35.1642 ], [ -82.5368, 35.16 ], [ -82.5359, 35.1545 ], [ -82.5274, 35.1558 ], [ -82.5169, 35.1632 ], [ -82.5077, 35.1623 ], [ -82.5042, 35.1659 ], [ -82.4955, 35.162 ], [ -82.4922, 35.1682 ], [ -82.487, 35.1698 ], [ -82.4863, 35.1742 ], [ -82.4782, 35.176 ], [ -82.4749, 35.1739 ], [ -82.4607, 35.1779 ], [ -82.455, 35.1769 ], [ -82.4518, 35.1726 ], [ -82.4579, 35.167 ], [ -82.4573, 35.1639 ], [ -82.4399, 35.1657 ], [ -82.4346, 35.168 ], [ -82.4308, 35.1779 ], [ -82.4259, 35.1794 ], [ -82.4283, 35.1838 ], [ -82.4226, 35.1959 ], [ -82.4165, 35.201 ], [ -82.4158, 35.1992 ], [ -82.4001, 35.2052 ], [ -82.3938, 35.2152 ], [ -82.3839, 35.2108 ], [ -82.3779, 35.1958 ], [ -82.3831, 35.1942 ], [ -82.3833, 35.1913 ], [ -82.3726, 35.1808 ], [ -82.3658, 35.183 ], [ -82.3596, 35.1925 ], [ -82.3538, 35.191 ], [ -82.3509, 35.2283 ], [ -82.3593, 35.2283 ], [ -82.3592, 35.2445 ], [ -82.3497, 35.2443 ], [ -82.3461, 35.2861 ], [ -82.3304, 35.3028 ], [ -82.3295, 35.3076 ], [ -82.3266, 35.3092 ], [ -82.3181, 35.3067 ], [ -82.3104, 35.3147 ], [ -82.3113, 35.3201 ], [ -82.3057, 35.3267 ], [ -82.3052, 35.3327 ], [ -82.2982, 35.3359 ], [ -82.2768, 35.3747 ], [ -82.2613, 35.3889 ], [ -82.2618, 35.3945 ], [ -82.2702, 35.4004 ], [ -82.2686, 35.4065 ], [ -82.2728, 35.4102 ], [ -82.2758, 35.4233 ], [ -82.2734, 35.4307 ], [ -82.2806, 35.4431 ], [ -82.2658, 35.4678 ], [ -82.3328, 35.5002 ], [ -82.3379, 35.4985 ], [ -82.341, 35.4889 ], [ -82.3562, 35.4907 ], [ -82.3608, 35.485 ], [ -82.3693, 35.4855 ], [ -82.3707, 35.472 ], [ -82.3631, 35.461 ], [ -82.3812, 35.4636 ], [ -82.3882, 35.47 ], [ -82.4019, 35.4698 ], [ -82.407, 35.4738 ], [ -82.4113, 35.4721 ], [ -82.4175, 35.4745 ], [ -82.435, 35.4629 ], [ -82.4459, 35.4608 ], [ -82.4539, 35.4555 ], [ -82.4558, 35.4497 ], [ -82.4612, 35.4509 ], [ -82.4706, 35.4452 ], [ -82.5358, 35.4446 ], [ -82.5365, 35.4369 ], [ -82.5312, 35.4324 ], [ -82.5347, 35.4289 ], [ -82.5304, 35.4292 ], [ -82.5297, 35.4251 ], [ -82.5298, 35.4228 ], [ -82.5355, 35.4224 ], [ -82.5332, 35.4165 ], [ -82.5359, 35.4222 ], [ -82.547, 35.4252 ], [ -82.5425, 35.4313 ], [ -82.5488, 35.4443 ], [ -82.5612, 35.4432 ], [ -82.5619, 35.4376 ], [ -82.5679, 35.4379 ], [ -82.5706, 35.4311 ], [ -82.5904, 35.4379 ], [ -82.595, 35.4357 ], [ -82.6084, 35.4433 ], [ -82.6181, 35.4402 ], [ -82.6218, 35.4357 ], [ -82.642, 35.4443 ], [ -82.6529, 35.455 ], [ -82.6606, 35.4528 ], [ -82.6731, 35.4595 ], [ -82.6798, 35.4541 ], [ -82.7007, 35.4543 ], [ -82.7149, 35.4484 ], [ -82.7441, 35.4235 ] ] ] } },
{ "type": "Feature", "properties": { "name": "Yancey County" }, "geometry": { "type": "Polygon", "coordinates": [ [ [ -82.1699, 35.9288 ], [ -82.1835, 35.9376 ], [ -82.1842, 35.9424 ], [ -82.1977, 35.9522 ], [ -82.1928, 35.9595 ], [ -82.1873, 35.9581 ], [ -82.1859, 35.9601 ], [ -82.1941, 35.9674 ], [ -82.1913, 35.9703 ], [ -82.1917, 35.9906 ], [ -82.1974, 35.9922 ], [ -82.2042, 36.0039 ], [ -82.2004, 36.0061 ], [ -82.1964, 36.0005 ], [ -82.1936, 36.0011 ], [ -82.1976, 36.0151 ], [ -82.2056, 36.0141 ], [ -82.2142, 36.0171 ], [ -82.2335, 36.0135 ], [ -82.2376, 36.0094 ], [ -82.2372, 36.0047 ], [ -82.2521, 36.0087 ], [ -82.254, 36.0053 ], [ -82.2492, 35.9903 ], [ -82.2533, 35.9897 ], [ -82.2627, 35.9998 ], [ -82.2735, 36.0031 ], [ -82.2729, 36.0108 ], [ -82.2681, 36.0166 ], [ -82.2909, 36.0294 ], [ -82.2987, 36.0394 ], [ -82.2997, 36.0457 ], [ -82.3123, 36.0376 ], [ -82.3124, 36.0261 ], [ -82.3382, 36.0301 ], [ -82.337, 36.055 ], [ -82.3453, 36.0765 ], [ -82.3522, 36.0846 ], [ -82.3593, 36.0785 ], [ -82.3713, 36.0762 ], [ -82.3766, 36.0709 ], [ -82.3981, 36.0819 ], [ -82.4026, 36.0791 ], [ -82.4001, 36.0712 ], [ -82.4167, 36.0728 ], [ -82.4606, 36.0077 ], [ -82.4759, 35.9982 ], [ -82.4816, 35.998 ], [ -82.4842, 35.9933 ], [ -82.5033, 35.9822 ], [ -82.5054, 35.9774 ], [ -82.4963, 35.9622 ], [ -82.4967, 35.957 ], [ -82.4801, 35.9492 ], [ -82.4986, 35.9302 ], [ -82.498, 35.9253 ], [ -82.4903, 35.9211 ], [ -82.4945, 35.9092 ], [ -82.4862, 35.9071 ], [ -82.4748, 35.9093 ], [ -82.4635, 35.8997 ], [ -82.4515, 35.8988 ], [ -82.4419, 35.8875 ], [ -82.4396, 35.8794 ], [ -82.4237, 35.8695 ], [ -82.4252, 35.8612 ], [ -82.4175, 35.8592 ], [ -82.4197, 35.8429 ], [ -82.4163, 35.8293 ], [ -82.4121, 35.8268 ], [ -82.414, 35.8198 ], [ -82.3966, 35.8183 ], [ -82.3817, 35.8241 ], [ -82.3736, 35.8178 ], [ -82.362, 35.8213 ], [ -82.3487, 35.8115 ], [ -82.3466, 35.8057 ], [ -82.3383, 35.8017 ], [ -82.3383, 35.7962 ], [ -82.3464, 35.787 ], [ -82.3437, 35.7755 ], [ -82.3377, 35.7682 ], [ -82.3345, 35.7486 ], [ -82.3264, 35.7471 ], [ -82.3131, 35.7336 ], [ -82.2912, 35.7299 ], [ -82.2759, 35.7144 ], [ -82.2754, 35.7044 ], [ -82.2584, 35.6987 ], [ -82.2423, 35.7131 ], [ -82.2135, 35.7244 ], [ -82.1976, 35.7363 ], [ -82.1934, 35.7353 ], [ -82.1844, 35.7535 ], [ -82.1698, 35.7609 ], [ -82.1641, 35.7728 ], [ -82.1604, 35.7743 ], [ -82.1583, 35.7797 ], [ -82.1668, 35.7849 ], [ -82.1678, 35.7894 ], [ -82.1587, 35.8011 ], [ -82.1475, 35.8043 ], [ -82.15, 35.8094 ], [ -82.1412, 35.8129 ], [ -82.1338, 35.8211 ], [ -82.1335, 35.8233 ], [ -82.1483, 35.8229 ], [ -82.1436, 35.8269 ], [ -82.1501, 35.8417 ], [ -82.1438, 35.8439 ], [ -82.1413, 35.8419 ], [ -82.1386, 35.8459 ], [ -82.1427, 35.8488 ], [ -82.1412, 35.8579 ], [ -82.1463, 35.8636 ], [ -82.1448, 35.8803 ], [ -82.1465, 35.8891 ], [ -82.1499, 35.8912 ], [ -82.1447, 35.8965 ], [ -82.1469, 35.9062 ], [ -82.1445, 35.904 ], [ -82.1427, 35.9084 ], [ -82.1446, 35.9136 ], [ -82.1472, 35.9116 ], [ -82.1501, 35.9166 ], [ -82.1549, 35.9149 ], [ -82.155, 35.9211 ], [ -82.1502, 35.9244 ], [ -82.1527, 35.9285 ], [ -82.1452, 35.9314 ], [ -82.1548, 35.9336 ], [ -82.1604, 35.9304 ], [ -82.1666, 35.9345 ], [ -82.1699, 35.9288 ] ] ] } },
{ "type": "Feature", "properties": { "name": "Madison County" }, "geometry": { "type": "Polygon", "coordinates": [ [ [ -82.8963, 35.9447 ], [ -82.9018, 35.9379 ], [ -82.8989, 35.9299 ], [ -82.9018, 35.927 ], [ -82.9136, 35.9297 ], [ -82.9205, 35.9273 ], [ -82.9136, 35.9243 ], [ -82.9116, 35.9168 ], [ -82.9144, 35.9152 ], [ -82.908, 35.9113 ], [ -82.9081, 35.9042 ], [ -82.901, 35.8928 ], [ -82.9068, 35.8839 ], [ -82.8962, 35.8792 ], [ -82.9066, 35.8702 ], [ -82.9208, 35.8682 ], [ -82.9182, 35.8593 ], [ -82.921, 35.851 ], [ -82.9163, 35.8417 ], [ -82.9341, 35.8367 ], [ -82.936, 35.8256 ], [ -82.9459, 35.8244 ], [ -82.9629, 35.7949 ], [ -82.95, 35.7745 ], [ -82.9527, 35.7591 ], [ -82.9569, 35.7574 ], [ -82.9572, 35.7468 ], [ -82.9479, 35.739 ], [ -82.9363, 35.7448 ], [ -82.923, 35.7468 ], [ -82.9177, 35.7448 ], [ -82.9077, 35.7278 ], [ -82.9067, 35.7202 ], [ -82.9104, 35.7162 ], [ -82.8986, 35.7037 ], [ -82.9011, 35.6849 ], [ -82.8844, 35.6782 ], [ -82.8711, 35.6889 ], [ -82.8572, 35.6934 ], [ -82.8541, 35.6995 ], [ -82.8489, 35.7017 ], [ -82.8426, 35.6995 ], [ -82.8389, 35.6936 ], [ -82.8244, 35.6885 ], [ -82.8049, 35.6861 ], [ -82.7977, 35.6893 ], [ -82.7932, 35.6965 ], [ -82.7749, 35.7001 ], [ -82.7694, 35.6983 ], [ -82.7562, 35.7025 ], [ -82.75, 35.7065 ], [ -82.7515, 35.7108 ], [ -82.7448, 35.7148 ], [ -82.7371, 35.7118 ], [ -82.733, 35.7141 ], [ -82.7368, 35.7161 ], [ -82.731, 35.7224 ], [ -82.7206, 35.7156 ], [ -82.714, 35.7177 ], [ -82.7089, 35.7255 ], [ -82.7137, 35.727 ], [ -82.71, 35.7287 ], [ -82.7121, 35.733 ], [ -82.6947, 35.735 ], [ -82.6856, 35.7271 ], [ -82.6696, 35.7258 ], [ -82.6695, 35.7302 ], [ -82.6777, 35.7347 ], [ -82.6685, 35.7347 ], [ -82.6679, 35.7377 ], [ -82.5396, 35.7918 ], [ -82.5357, 35.7911 ], [ -82.5318, 35.7958 ], [ -82.5147, 35.8033 ], [ -82.4758, 35.7983 ], [ -82.4652, 35.8018 ], [ -82.4638, 35.8096 ], [ -82.4543, 35.8074 ], [ -82.4471, 35.8104 ], [ -82.4354, 35.8086 ], [ -82.4274, 35.8138 ], [ -82.4176, 35.8134 ], [ -82.4086, 35.8182 ], [ -82.414, 35.8198 ], [ -82.4121, 35.8268 ], [ -82.4163, 35.8293 ], [ -82.4196, 35.8419 ], [ -82.4176, 35.8594 ], [ -82.4252, 35.8612 ], [ -82.4236, 35.8694 ], [ -82.4396, 35.8794 ], [ -82.4483, 35.8965 ], [ -82.4537, 35.8999 ], [ -82.4635, 35.8997 ], [ -82.4748, 35.9093 ], [ -82.4862, 35.9071 ], [ -82.4949, 35.9097 ], [ -82.4903, 35.9211 ], [ -82.498, 35.9253 ], [ -82.4986, 35.9302 ], [ -82.4801, 35.9492 ], [ -82.4967, 35.957 ], [ -82.4963, 35.9622 ], [ -82.5054, 35.9774 ], [ -82.5402, 35.969 ], [ -82.5499, 35.9639 ], [ -82.558, 35.9539 ], [ -82.5762, 35.9587 ], [ -82.5805, 35.9653 ], [ -82.6001, 35.9646 ], [ -82.6107, 35.9672 ], [ -82.6109, 35.9744 ], [ -82.6044, 35.9875 ], [ -82.6071, 35.9924 ], [ -82.6129, 35.9936 ], [ -82.6149, 36.0021 ], [ -82.6069, 36.0104 ], [ -82.6094, 36.011 ], [ -82.6078, 36.0158 ], [ -82.6028, 36.0178 ], [ -82.6029, 36.0234 ], [ -82.5908, 36.0336 ], [ -82.5932, 36.0362 ], [ -82.6017, 36.0361 ], [ -82.6087, 36.0444 ], [ -82.6184, 36.0469 ], [ -82.618, 36.0559 ], [ -82.6326, 36.0659 ], [ -82.6515, 36.0574 ], [ -82.6706, 36.053 ], [ -82.6841, 36.0458 ], [ -82.6896, 36.0382 ], [ -82.7151, 36.0286 ], [ -82.7165, 36.0224 ], [ -82.7391, 36.015 ], [ -82.7403, 36.0121 ], [ -82.7508, 36.0089 ], [ -82.7502, 36.006 ], [ -82.7758, 36.0011 ], [ -82.7792, 35.9923 ], [ -82.7853, 35.9885 ], [ -82.7857, 35.9778 ], [ -82.7751, 35.9718 ], [ -82.785, 35.9625 ], [ -82.7876, 35.952 ], [ -82.8062, 35.9378 ], [ -82.8027, 35.9296 ], [ -82.8051, 35.9271 ], [ -82.8222, 35.9219 ], [ -82.8282, 35.9325 ], [ -82.8325, 35.9329 ], [ -82.8517, 35.9494 ], [ -82.8606, 35.9475 ], [ -82.8743, 35.9528 ], [ -82.8963, 35.9447 ] ] ] } },
{ "type": "Feature", "properties": { "name": "Buncombe County" }, "geometry": { "type": "Polygon", "coordinates": [ [ [ -82.5461, 35.4246 ], [ -82.5359, 35.4222 ], [ -82.5327, 35.4166 ], [ -82.5355, 35.4224 ], [ -82.5298, 35.4228 ], [ -82.5297, 35.4251 ], [ -82.5304, 35.4292 ], [ -82.5347, 35.4289 ], [ -82.5312, 35.4324 ], [ -82.5365, 35.4369 ], [ -82.5358, 35.4446 ], [ -82.4706, 35.4452 ], [ -82.4612, 35.4509 ], [ -82.4558, 35.4497 ], [ -82.4539, 35.4555 ], [ -82.4459, 35.4608 ], [ -82.435, 35.4629 ], [ -82.4176, 35.4745 ], [ -82.4113, 35.4721 ], [ -82.407, 35.4738 ], [ -82.4019, 35.4698 ], [ -82.3882, 35.47 ], [ -82.3812, 35.4636 ], [ -82.3631, 35.461 ], [ -82.3707, 35.472 ], [ -82.3693, 35.4855 ], [ -82.3608, 35.485 ], [ -82.3562, 35.4907 ], [ -82.341, 35.4889 ], [ -82.3379, 35.4985 ], [ -82.3334, 35.5002 ], [ -82.2514, 35.4607 ], [ -82.2425, 35.4678 ], [ -82.2244, 35.4983 ], [ -82.2333, 35.5096 ], [ -82.2332, 35.5194 ], [ -82.1691, 35.5278 ], [ -82.22, 35.5532 ], [ -82.2513, 35.5599 ], [ -82.291, 35.5913 ], [ -82.2919, 35.595 ], [ -82.2824, 35.6032 ], [ -82.2803, 35.6088 ], [ -82.2648, 35.6145 ], [ -82.2646, 35.6178 ], [ -82.2727, 35.622 ], [ -82.2741, 35.6289 ], [ -82.2709, 35.6319 ], [ -82.2819, 35.6394 ], [ -82.2857, 35.6484 ], [ -82.2866, 35.6581 ], [ -82.2811, 35.6702 ], [ -82.2842, 35.6768 ], [ -82.295, 35.6841 ], [ -82.2889, 35.6962 ], [ -82.2754, 35.7044 ], [ -82.2758, 35.7139 ], [ -82.2912, 35.7299 ], [ -82.3131, 35.7336 ], [ -82.3264, 35.7471 ], [ -82.3345, 35.7486 ], [ -82.3377, 35.7682 ], [ -82.3437, 35.7755 ], [ -82.3464, 35.787 ], [ -82.3383, 35.7962 ], [ -82.3383, 35.8017 ], [ -82.3452, 35.8045 ], [ -82.3487, 35.8115 ], [ -82.362, 35.8213 ], [ -82.3736, 35.8178 ], [ -82.3817, 35.8241 ], [ -82.3966, 35.8183 ], [ -82.4077, 35.8186 ], [ -82.4176, 35.8134 ], [ -82.4274, 35.8138 ], [ -82.4354, 35.8086 ], [ -82.4471, 35.8104 ], [ -82.4543, 35.8074 ], [ -82.4637, 35.8097 ], [ -82.4652, 35.8018 ], [ -82.4758, 35.7983 ], [ -82.5147, 35.8033 ], [ -82.5318, 35.7958 ], [ -82.5357, 35.7911 ], [ -82.5396, 35.7918 ], [ -82.6679, 35.7377 ], [ -82.6685, 35.7347 ], [ -82.6777, 35.7347 ], [ -82.6695, 35.7302 ], [ -82.6696, 35.7258 ], [ -82.6856, 35.7271 ], [ -82.6947, 35.735 ], [ -82.7121, 35.733 ], [ -82.71, 35.7287 ], [ -82.7137, 35.727 ], [ -82.7089, 35.7255 ], [ -82.714, 35.7177 ], [ -82.7206, 35.7156 ], [ -82.731, 35.7224 ], [ -82.7368, 35.7161 ], [ -82.733, 35.7139 ], [ -82.7374, 35.7118 ], [ -82.7454, 35.7145 ], [ -82.7517, 35.7106 ], [ -82.7499, 35.7066 ], [ -82.7545, 35.7033 ], [ -82.7694, 35.6983 ], [ -82.7749, 35.7001 ], [ -82.7932, 35.6965 ], [ -82.7978, 35.6892 ], [ -82.8065, 35.6858 ], [ -82.8389, 35.6936 ], [ -82.8426, 35.6995 ], [ -82.8489, 35.7017 ], [ -82.8541, 35.6995 ], [ -82.8572, 35.6934 ], [ -82.8711, 35.6889 ], [ -82.8881, 35.673 ], [ -82.8768, 35.6662 ], [ -82.878, 35.6625 ], [ -82.8722, 35.6575 ], [ -82.8746, 35.6514 ], [ -82.8651, 35.6348 ], [ -82.8517, 35.6353 ], [ -82.8517, 35.6173 ], [ -82.8461, 35.6143 ], [ -82.8362, 35.6214 ], [ -82.829, 35.6202 ], [ -82.8113, 35.6271 ], [ -82.7993, 35.5981 ], [ -82.781, 35.5888 ], [ -82.7772, 35.5824 ], [ -82.7785, 35.5778 ], [ -82.7708, 35.5761 ], [ -82.7659, 35.5676 ], [ -82.7775, 35.5556 ], [ -82.7712, 35.5504 ], [ -82.766, 35.539 ], [ -82.7802, 35.5257 ], [ -82.7781, 35.5197 ], [ -82.785, 35.5072 ], [ -82.7825, 35.5043 ], [ -82.7997, 35.471 ], [ -82.7941, 35.4691 ], [ -82.7946, 35.4654 ], [ -82.7862, 35.457 ], [ -82.7817, 35.4395 ], [ -82.7561, 35.4252 ], [ -82.7483, 35.4255 ], [ -82.7451, 35.423 ], [ -82.7393, 35.43 ], [ -82.7309, 35.4323 ], [ -82.7149, 35.4484 ], [ -82.7007, 35.4543 ], [ -82.6798, 35.4541 ], [ -82.6731, 35.4595 ], [ -82.6606, 35.4528 ], [ -82.6529, 35.455 ], [ -82.642, 35.4443 ], [ -82.6218, 35.4357 ], [ -82.6181, 35.4402 ], [ -82.6084, 35.4433 ], [ -82.595, 35.4357 ], [ -82.5904, 35.4379 ], [ -82.5706, 35.4311 ], [ -82.5679, 35.4379 ], [ -82.5619, 35.4376 ], [ -82.5612, 35.4432 ], [ -82.5488, 35.4443 ], [ -82.5425, 35.4313 ], [ -82.5461, 35.4246 ] ] ] } },
{ "type": "Feature", "properties": { "name": "Robeson County" }, "geometry": { "type": "Polygon", "coordinates": [ [ [ -79.3756, 34.5604 ], [ -79.0712, 34.2993 ], [ -79.0553, 34.3108 ], [ -79.0497, 34.3098 ], [ -79.0402, 34.3161 ], [ -79.0389, 34.3338 ], [ -79.0304, 34.3447 ], [ -79.0309, 34.3488 ], [ -79.022, 34.3473 ], [ -79.0074, 34.3572 ], [ -79.0062, 34.3617 ], [ -79.015, 34.3764 ], [ -79.0071, 34.3817 ], [ -79.0065, 34.3867 ], [ -78.9981, 34.3908 ], [ -78.9797, 34.3915 ], [ -78.9735, 34.3978 ], [ -78.9736, 34.4273 ], [ -78.9635, 34.4382 ], [ -78.9634, 34.4427 ], [ -78.9465, 34.4548 ], [ -78.9376, 34.4534 ], [ -78.9103, 34.4572 ], [ -78.8861, 34.4693 ], [ -78.8736, 34.4837 ], [ -78.869, 34.4848 ], [ -78.8636, 34.4979 ], [ -78.8494, 34.5026 ], [ -78.8496, 34.5001 ], [ -78.8464, 34.4998 ], [ -78.8447, 34.509 ], [ -78.8573, 34.5154 ], [ -78.8539, 34.5188 ], [ -78.8566, 34.5247 ], [ -78.853, 34.5278 ], [ -78.8601, 34.5374 ], [ -78.8612, 34.5448 ], [ -78.8576, 34.5471 ], [ -78.8608, 34.5525 ], [ -78.858, 34.5569 ], [ -78.8627, 34.5622 ], [ -78.857, 34.5631 ], [ -78.8542, 34.5749 ], [ -78.8436, 34.5785 ], [ -78.8434, 34.5876 ], [ -78.836, 34.5934 ], [ -78.8352, 34.5975 ], [ -78.8412, 34.5972 ], [ -78.834, 34.6016 ], [ -78.8317, 34.6082 ], [ -78.8344, 34.6216 ], [ -78.8298, 34.6258 ], [ -78.8252, 34.6406 ], [ -78.8228, 34.643 ], [ -78.8185, 34.6417 ], [ -78.8218, 34.6457 ], [ -78.8182, 34.6508 ], [ -78.8136, 34.6517 ], [ -78.8184, 34.655 ], [ -78.8192, 34.6626 ], [ -78.8095, 34.6682 ], [ -78.8103, 34.673 ], [ -78.8061, 34.676 ], [ -78.8058, 34.6896 ], [ -78.8175, 34.7047 ], [ -78.8328, 34.7158 ], [ -78.8324, 34.7197 ], [ -78.8378, 34.7179 ], [ -78.8445, 34.7241 ], [ -78.8408, 34.7273 ], [ -78.8449, 34.7271 ], [ -78.8542, 34.7355 ], [ -78.8561, 34.7478 ], [ -78.8653, 34.7678 ], [ -78.8636, 34.7706 ], [ -78.8692, 34.7733 ], [ -78.8848, 34.8023 ], [ -78.8867, 34.8096 ], [ -78.8833, 34.8121 ], [ -78.8871, 34.8109 ], [ -78.8928, 34.8142 ], [ -78.8998, 34.8248 ], [ -78.902, 34.8353 ], [ -78.9271, 34.8641 ], [ -78.9216, 34.8707 ], [ -78.9266, 34.8868 ], [ -78.9408, 34.9034 ], [ -78.9531, 34.9093 ], [ -78.9549, 34.9133 ], [ -79.0388, 34.9527 ], [ -79.1849, 34.8356 ], [ -79.3501, 34.8398 ], [ -79.3609, 34.8162 ], [ -79.335, 34.7706 ], [ -79.4615, 34.6304 ], [ -79.3756, 34.5604 ] ] ] } },
{ "type": "Feature", "properties": { "name": "Mecklenburg County" }, "geometry": { "type": "Polygon", "coordinates": [ [ [ -80.9348, 35.1074 ], [ -80.8403, 35.0017 ], [ -80.8045, 35.0278 ], [ -80.7699, 35.0345 ], [ -80.5504, 35.2084 ], [ -80.6667, 35.2681 ], [ -80.6931, 35.3464 ], [ -80.7404, 35.3776 ], [ -80.7553, 35.3948 ], [ -80.7664, 35.4015 ], [ -80.7636, 35.4121 ], [ -80.7522, 35.4141 ], [ -80.7869, 35.4933 ], [ -80.7842, 35.506 ], [ -80.9075, 35.5148 ], [ -80.9087, 35.509 ], [ -80.9362, 35.4903 ], [ -80.9481, 35.4912 ], [ -80.9453, 35.4837 ], [ -80.9517, 35.4682 ], [ -80.9424, 35.4552 ], [ -80.958, 35.4344 ], [ -80.9545, 35.4212 ], [ -80.9588, 35.4123 ], [ -80.9548, 35.3938 ], [ -80.9868, 35.379 ], [ -80.9837, 35.3684 ], [ -80.9764, 35.3642 ], [ -80.9602, 35.3754 ], [ -80.9511, 35.367 ], [ -80.923, 35.3599 ], [ -80.9342, 35.3569 ], [ -80.9429, 35.3508 ], [ -80.9546, 35.3507 ], [ -80.9621, 35.3471 ], [ -80.9676, 35.351 ], [ -80.9722, 35.3506 ], [ -80.9751, 35.3447 ], [ -80.9849, 35.3401 ], [ -80.9815, 35.3276 ], [ -81.0014, 35.3044 ], [ -81.0151, 35.2684 ], [ -81.0142, 35.2585 ], [ -81.0083, 35.2486 ], [ -81.0141, 35.222 ], [ -81.0054, 35.2084 ], [ -81.0061, 35.1951 ], [ -81.0024, 35.1821 ], [ -81.0073, 35.1652 ], [ -81.0058, 35.157 ], [ -81.0098, 35.153 ], [ -81.0171, 35.1543 ], [ -81.0247, 35.1489 ], [ -81.0436, 35.148 ], [ -81.0476, 35.1452 ], [ -81.052, 35.1328 ], [ -81.0388, 35.1255 ], [ -81.0324, 35.1096 ], [ -81.0361, 35.1032 ], [ -81.0516, 35.097 ], [ -81.057, 35.0865 ], [ -81.0582, 35.064 ], [ -81.0416, 35.0447 ], [ -80.9348, 35.1074 ] ] ] } },
{ "type": "Feature", "properties": { "name": "Gaston County" }, "geometry": { "type": "Polygon", "coordinates": [ [ [ -81.3237, 35.1911 ], [ -81.3281, 35.1635 ], [ -81.0339, 35.1487 ], [ -81.0247, 35.1489 ], [ -81.0171, 35.1543 ], [ -81.0094, 35.1532 ], [ -81.0058, 35.157 ], [ -81.0073, 35.1652 ], [ -81.0024, 35.1821 ], [ -81.0061, 35.1951 ], [ -81.0054, 35.2084 ], [ -81.0141, 35.222 ], [ -81.0083, 35.2486 ], [ -81.0142, 35.2585 ], [ -81.0151, 35.2684 ], [ -81.0014, 35.3044 ], [ -80.9815, 35.3276 ], [ -80.9849, 35.3401 ], [ -80.9751, 35.3447 ], [ -80.9722, 35.3506 ], [ -80.9676, 35.351 ], [ -80.9625, 35.347 ], [ -80.9546, 35.3507 ], [ -80.9434, 35.3506 ], [ -80.9231, 35.3607 ], [ -80.9511, 35.367 ], [ -80.9602, 35.3754 ], [ -80.9738, 35.3639 ], [ -80.9837, 35.3684 ], [ -80.9861, 35.3806 ], [ -80.9568, 35.3915 ], [ -80.9549, 35.4001 ], [ -81.4556, 35.4198 ], [ -81.3989, 35.3531 ], [ -81.3567, 35.3306 ], [ -81.364, 35.3232 ], [ -81.3666, 35.3151 ], [ -81.3553, 35.296 ], [ -81.3552, 35.2795 ], [ -81.3217, 35.2605 ], [ -81.3237, 35.1911 ] ] ] } },
{ "type": "Feature", "properties": { "name": "Polk County" }, "geometry": { "type": "Polygon", "coordinates": [ [ [ -82.2911, 35.2001 ], [ -81.9693, 35.1872 ], [ -81.9709, 35.2117 ], [ -81.9628, 35.2269 ], [ -81.9657, 35.2311 ], [ -81.9639, 35.2494 ], [ -81.9683, 35.2506 ], [ -81.9689, 35.2578 ], [ -81.9959, 35.2708 ], [ -82.0007, 35.2826 ], [ -82.0152, 35.2924 ], [ -82.0168, 35.2992 ], [ -82.023, 35.2982 ], [ -82.0295, 35.3015 ], [ -82.031, 35.3087 ], [ -82.0463, 35.3208 ], [ -82.0473, 35.3276 ], [ -82.0515, 35.3291 ], [ -82.0539, 35.3354 ], [ -82.0586, 35.3371 ], [ -82.0644, 35.3345 ], [ -82.068, 35.3392 ], [ -82.0762, 35.3412 ], [ -82.0797, 35.353 ], [ -82.0883, 35.3553 ], [ -82.0969, 35.3697 ], [ -82.1003, 35.3698 ], [ -82.1021, 35.3662 ], [ -82.1056, 35.3677 ], [ -82.1095, 35.3834 ], [ -82.1201, 35.3882 ], [ -82.1278, 35.3963 ], [ -82.1417, 35.3991 ], [ -82.1524, 35.4079 ], [ -82.1714, 35.4095 ], [ -82.1852, 35.3966 ], [ -82.19, 35.3993 ], [ -82.1941, 35.3974 ], [ -82.1972, 35.4022 ], [ -82.2046, 35.4036 ], [ -82.209, 35.3977 ], [ -82.2144, 35.3982 ], [ -82.2205, 35.3946 ], [ -82.2391, 35.4026 ], [ -82.2573, 35.3962 ], [ -82.2636, 35.3858 ], [ -82.2768, 35.3747 ], [ -82.2978, 35.3364 ], [ -82.3052, 35.3327 ], [ -82.3057, 35.3267 ], [ -82.3113, 35.3201 ], [ -82.3104, 35.3147 ], [ -82.3181, 35.3067 ], [ -82.3266, 35.3092 ], [ -82.3295, 35.3076 ], [ -82.3304, 35.3028 ], [ -82.3461, 35.2861 ], [ -82.3497, 35.2443 ], [ -82.3592, 35.2445 ], [ -82.3593, 35.2283 ], [ -82.3509, 35.2283 ], [ -82.3527, 35.1902 ], [ -82.3444, 35.1937 ], [ -82.339, 35.1886 ], [ -82.3337, 35.1908 ], [ -82.3231, 35.1852 ], [ -82.3151, 35.1907 ], [ -82.2942, 35.1954 ], [ -82.2911, 35.2001 ] ] ] } },
{ "type": "Feature", "properties": { "name": "Rutherford County" }, "geometry": { "type": "Polygon", "coordinates": [ [ [ -81.9693, 35.1872 ], [ -81.7681, 35.1806 ], [ -81.7596, 35.2223 ], [ -81.7028, 35.3572 ], [ -81.692, 35.58 ], [ -81.6975, 35.5788 ], [ -81.7026, 35.5833 ], [ -81.7057, 35.5812 ], [ -81.7092, 35.5899 ], [ -81.7121, 35.5893 ], [ -81.7163, 35.595 ], [ -81.7173, 35.6046 ], [ -81.7217, 35.6063 ], [ -81.7371, 35.6019 ], [ -81.7468, 35.6057 ], [ -81.7534, 35.6136 ], [ -81.7719, 35.6021 ], [ -81.768, 35.5972 ], [ -81.7722, 35.5926 ], [ -81.7941, 35.5932 ], [ -81.796, 35.5846 ], [ -81.8028, 35.5782 ], [ -81.8101, 35.5813 ], [ -81.8185, 35.578 ], [ -81.8221, 35.5805 ], [ -81.8241, 35.575 ], [ -81.8284, 35.5739 ], [ -81.8332, 35.5594 ], [ -81.841, 35.5542 ], [ -81.8425, 35.5423 ], [ -81.905, 35.5419 ], [ -81.9209, 35.5337 ], [ -81.9331, 35.5361 ], [ -81.9676, 35.526 ], [ -81.978, 35.5306 ], [ -81.9863, 35.5407 ], [ -82.0028, 35.5519 ], [ -82.013, 35.5477 ], [ -82.0221, 35.5373 ], [ -82.0398, 35.5327 ], [ -82.0957, 35.5317 ], [ -82.1505, 35.518 ], [ -82.1691, 35.5278 ], [ -82.2332, 35.5194 ], [ -82.2333, 35.5096 ], [ -82.2244, 35.4983 ], [ -82.2425, 35.4678 ], [ -82.2514, 35.4607 ], [ -82.2658, 35.4678 ], [ -82.2802, 35.445 ], [ -82.2734, 35.4307 ], [ -82.2758, 35.4233 ], [ -82.2728, 35.4102 ], [ -82.2686, 35.4065 ], [ -82.2699, 35.4002 ], [ -82.2605, 35.3931 ], [ -82.2391, 35.4026 ], [ -82.2205, 35.3946 ], [ -82.2144, 35.3982 ], [ -82.209, 35.3977 ], [ -82.2046, 35.4036 ], [ -82.1972, 35.4022 ], [ -82.1941, 35.3974 ], [ -82.19, 35.3993 ], [ -82.1852, 35.3966 ], [ -82.1714, 35.4095 ], [ -82.1599, 35.4094 ], [ -82.1517, 35.4077 ], [ -82.1404, 35.3986 ], [ -82.1278, 35.3963 ], [ -82.1077, 35.3812 ], [ -82.1052, 35.3672 ], [ -82.1018, 35.3663 ], [ -82.0972, 35.3699 ], [ -82.0883, 35.3553 ], [ -82.0797, 35.353 ], [ -82.0762, 35.3412 ], [ -82.068, 35.3392 ], [ -82.0644, 35.3345 ], [ -82.0586, 35.3371 ], [ -82.0539, 35.3354 ], [ -82.0515, 35.3291 ], [ -82.0473, 35.3276 ], [ -82.0463, 35.3208 ], [ -82.031, 35.3087 ], [ -82.0295, 35.3015 ], [ -82.023, 35.2982 ], [ -82.0168, 35.2992 ], [ -82.0152, 35.2924 ], [ -82.0007, 35.2826 ], [ -81.9959, 35.2708 ], [ -81.9689, 35.2578 ], [ -81.9683, 35.2506 ], [ -81.9639, 35.2494 ], [ -81.9657, 35.2311 ], [ -81.9628, 35.2269 ], [ -81.9709, 35.2117 ], [ -81.9693, 35.1872 ] ] ] } },
{ "type": "Feature", "properties": { "name": "Cleveland County" }, "geometry": { "type": "Polygon", "coordinates": [ [ [ -81.7587, 35.2243 ], [ -81.7681, 35.1806 ], [ -81.3281, 35.1635 ], [ -81.3237, 35.1896 ], [ -81.3217, 35.2605 ], [ -81.3552, 35.2795 ], [ -81.3553, 35.296 ], [ -81.3666, 35.3151 ], [ -81.364, 35.3232 ], [ -81.3567, 35.3306 ], [ -81.3989, 35.3531 ], [ -81.4588, 35.4239 ], [ -81.4812, 35.4714 ], [ -81.5131, 35.5234 ], [ -81.5092, 35.5503 ], [ -81.5154, 35.5583 ], [ -81.5464, 35.5648 ], [ -81.5729, 35.5585 ], [ -81.5791, 35.5622 ], [ -81.5772, 35.5664 ], [ -81.5914, 35.5651 ], [ -81.5962, 35.5713 ], [ -81.6172, 35.5655 ], [ -81.6186, 35.5672 ], [ -81.633, 35.5653 ], [ -81.6334, 35.5673 ], [ -81.6489, 35.5616 ], [ -81.6622, 35.5676 ], [ -81.671, 35.5668 ], [ -81.6902, 35.5843 ], [ -81.6927, 35.583 ], [ -81.6946, 35.4865 ], [ -81.7028, 35.3572 ], [ -81.7587, 35.2243 ] ] ] } },
{ "type": "Feature", "properties": { "name": "McDowell County" }, "geometry": { "type": "Polygon", "coordinates": [ [ [ -82.1325, 35.8246 ], [ -82.1412, 35.8129 ], [ -82.15, 35.8094 ], [ -82.1475, 35.8043 ], [ -82.1587, 35.8011 ], [ -82.1678, 35.7894 ], [ -82.1668, 35.7849 ], [ -82.1583, 35.7797 ], [ -82.1604, 35.7743 ], [ -82.1641, 35.7728 ], [ -82.1698, 35.7609 ], [ -82.1844, 35.7535 ], [ -82.1934, 35.7353 ], [ -82.1976, 35.7363 ], [ -82.2135, 35.7244 ], [ -82.2423, 35.7131 ], [ -82.2578, 35.6989 ], [ -82.2756, 35.7044 ], [ -82.2891, 35.696 ], [ -82.295, 35.6841 ], [ -82.2842, 35.6768 ], [ -82.2804, 35.6677 ], [ -82.2866, 35.6581 ], [ -82.2857, 35.6484 ], [ -82.2819, 35.6394 ], [ -82.2709, 35.6319 ], [ -82.2741, 35.6289 ], [ -82.2727, 35.622 ], [ -82.2645, 35.6177 ], [ -82.2654, 35.6135 ], [ -82.2803, 35.6088 ], [ -82.2824, 35.6032 ], [ -82.2919, 35.595 ], [ -82.291, 35.5913 ], [ -82.2513, 35.5599 ], [ -82.2069, 35.5478 ], [ -82.1505, 35.518 ], [ -82.0957, 35.5317 ], [ -82.0398, 35.5327 ], [ -82.0221, 35.5373 ], [ -82.013, 35.5477 ], [ -82.0028, 35.5519 ], [ -81.9863, 35.5407 ], [ -81.978, 35.5306 ], [ -81.9676, 35.526 ], [ -81.9331, 35.5361 ], [ -81.9209, 35.5337 ], [ -81.905, 35.5419 ], [ -81.8425, 35.5423 ], [ -81.841, 35.5542 ], [ -81.8334, 35.559 ], [ -81.8284, 35.5739 ], [ -81.8241, 35.575 ], [ -81.8693, 35.7198 ], [ -81.9874, 35.807 ], [ -81.9735, 35.8212 ], [ -81.9569, 35.8197 ], [ -81.9475, 35.826 ], [ -81.9397, 35.8377 ], [ -81.9319, 35.839 ], [ -81.92, 35.8474 ], [ -81.9179, 35.8602 ], [ -81.9067, 35.8834 ], [ -81.9094, 35.8981 ], [ -81.9143, 35.9014 ], [ -81.9103, 35.9055 ], [ -81.9149, 35.9164 ], [ -81.9206, 35.919 ], [ -81.9283, 35.931 ], [ -81.9257, 35.9374 ], [ -81.9323, 35.9414 ], [ -81.9313, 35.9466 ], [ -81.9375, 35.9555 ], [ -81.9432, 35.9601 ], [ -81.9629, 35.9418 ], [ -81.9627, 35.9382 ], [ -81.9545, 35.932 ], [ -81.9543, 35.927 ], [ -81.9604, 35.9212 ], [ -81.982, 35.9112 ], [ -81.979, 35.9012 ], [ -81.9801, 35.885 ], [ -81.9898, 35.8801 ], [ -81.9914, 35.8762 ], [ -81.9998, 35.8741 ], [ -82.0077, 35.8828 ], [ -82.0223, 35.885 ], [ -82.0285, 35.8793 ], [ -82.0297, 35.8678 ], [ -82.037, 35.859 ], [ -82.049, 35.8529 ], [ -82.0737, 35.8483 ], [ -82.0896, 35.851 ], [ -82.0922, 35.8492 ], [ -82.0983, 35.8521 ], [ -82.1017, 35.841 ], [ -82.117, 35.8329 ], [ -82.1203, 35.8253 ], [ -82.1325, 35.8246 ] ] ] } },
{ "type": "Feature", "properties": { "name": "Burke County" }, "geometry": { "type": "Polygon", "coordinates": [ [ [ -81.6922, 35.5794 ], [ -81.6911, 35.5846 ], [ -81.671, 35.5668 ], [ -81.6622, 35.5676 ], [ -81.6489, 35.5616 ], [ -81.6334, 35.5673 ], [ -81.633, 35.5653 ], [ -81.6186, 35.5672 ], [ -81.6172, 35.5655 ], [ -81.5978, 35.5713 ], [ -81.5914, 35.5651 ], [ -81.5785, 35.5671 ], [ -81.5791, 35.5622 ], [ -81.5729, 35.5585 ], [ -81.5671, 35.5582 ], [ -81.5609, 35.563 ], [ -81.5376, 35.5642 ], [ -81.507, 35.6078 ], [ -81.4329, 35.6779 ], [ -81.3638, 35.7678 ], [ -81.3711, 35.7662 ], [ -81.3775, 35.7575 ], [ -81.3986, 35.7584 ], [ -81.4085, 35.7655 ], [ -81.4265, 35.772 ], [ -81.4415, 35.7739 ], [ -81.4464, 35.7853 ], [ -81.556, 35.7775 ], [ -81.6008, 35.8251 ], [ -81.6104, 35.8196 ], [ -81.63, 35.8304 ], [ -81.6261, 35.8335 ], [ -81.6323, 35.8358 ], [ -81.6392, 35.8484 ], [ -81.7102, 35.8752 ], [ -81.729, 35.8912 ], [ -81.7351, 35.9028 ], [ -81.7446, 35.9087 ], [ -81.7457, 35.9164 ], [ -81.7525, 35.9244 ], [ -81.7587, 35.9285 ], [ -81.7629, 35.9257 ], [ -81.7694, 35.9291 ], [ -81.7762, 35.9271 ], [ -81.7755, 35.9339 ], [ -81.7798, 35.9387 ], [ -81.7767, 35.9416 ], [ -81.7775, 35.9474 ], [ -81.7996, 35.9504 ], [ -81.8089, 35.9584 ], [ -81.8072, 35.962 ], [ -81.8174, 35.9684 ], [ -81.8322, 35.9671 ], [ -81.8359, 35.9718 ], [ -81.8445, 35.975 ], [ -81.85, 35.9736 ], [ -81.8732, 35.9776 ], [ -81.8814, 35.9929 ], [ -81.8999, 35.9999 ], [ -81.9432, 35.9601 ], [ -81.9313, 35.9466 ], [ -81.9323, 35.9414 ], [ -81.9257, 35.9374 ], [ -81.9283, 35.931 ], [ -81.9206, 35.919 ], [ -81.9149, 35.9164 ], [ -81.9103, 35.9055 ], [ -81.9143, 35.9014 ], [ -81.9094, 35.8981 ], [ -81.9066, 35.8836 ], [ -81.9179, 35.8602 ], [ -81.9176, 35.8513 ], [ -81.925, 35.8431 ], [ -81.9414, 35.8363 ], [ -81.9514, 35.8231 ], [ -81.9579, 35.8193 ], [ -81.9735, 35.8212 ], [ -81.9874, 35.807 ], [ -81.8693, 35.7198 ], [ -81.8241, 35.575 ], [ -81.8221, 35.5805 ], [ -81.8185, 35.578 ], [ -81.8104, 35.5813 ], [ -81.8035, 35.5781 ], [ -81.7988, 35.58 ], [ -81.7941, 35.5932 ], [ -81.7722, 35.5926 ], [ -81.768, 35.5972 ], [ -81.7719, 35.6021 ], [ -81.7534, 35.6136 ], [ -81.7468, 35.6057 ], [ -81.7371, 35.6019 ], [ -81.7217, 35.6063 ], [ -81.7173, 35.6046 ], [ -81.7163, 35.595 ], [ -81.7121, 35.5893 ], [ -81.7092, 35.5899 ], [ -81.7057, 35.5812 ], [ -81.7026, 35.5833 ], [ -81.6975, 35.5788 ], [ -81.6922, 35.5794 ] ] ] } },
{ "type": "Feature", "properties": { "name": "Catawba County" }, "geometry": { "type": "Polygon", "coordinates": [ [ [ -81.483, 35.5681 ], [ -80.9599, 35.548 ], [ -80.954, 35.5531 ], [ -80.957, 35.5669 ], [ -80.9547, 35.5763 ], [ -80.9487, 35.5836 ], [ -80.9364, 35.5878 ], [ -80.9334, 35.5919 ], [ -80.9434, 35.6061 ], [ -80.939, 35.6129 ], [ -80.9283, 35.6164 ], [ -80.9255, 35.621 ], [ -80.9527, 35.643 ], [ -80.9667, 35.671 ], [ -80.9815, 35.6816 ], [ -80.9937, 35.7013 ], [ -81.0032, 35.7092 ], [ -81.0177, 35.7127 ], [ -81.0414, 35.7074 ], [ -81.0627, 35.7117 ], [ -81.0679, 35.7381 ], [ -81.0899, 35.7566 ], [ -81.0909, 35.7672 ], [ -81.1027, 35.7685 ], [ -81.1166, 35.7834 ], [ -81.1285, 35.7894 ], [ -81.1293, 35.8009 ], [ -81.1396, 35.8102 ], [ -81.1414, 35.8276 ], [ -81.1463, 35.8294 ], [ -81.1953, 35.8213 ], [ -81.2043, 35.8234 ], [ -81.2252, 35.8099 ], [ -81.2492, 35.8159 ], [ -81.2544, 35.8088 ], [ -81.2678, 35.8044 ], [ -81.2825, 35.806 ], [ -81.2902, 35.7998 ], [ -81.2983, 35.7982 ], [ -81.3069, 35.8032 ], [ -81.3159, 35.7967 ], [ -81.3451, 35.7946 ], [ -81.3556, 35.7803 ], [ -81.3539, 35.7689 ], [ -81.3638, 35.7678 ], [ -81.4329, 35.6779 ], [ -81.507, 35.6078 ], [ -81.5334, 35.5701 ], [ -81.4998, 35.5652 ], [ -81.4998, 35.5686 ], [ -81.483, 35.5681 ] ] ] } },
{ "type": "Feature", "properties": { "name": "Alexander County" }, "geometry": { "type": "Polygon", "coordinates": [ [ [ -81.3316, 35.8023 ], [ -81.3339, 35.7963 ], [ -81.3159, 35.7967 ], [ -81.3064, 35.8032 ], [ -81.2993, 35.7982 ], [ -81.2912, 35.7995 ], [ -81.2825, 35.806 ], [ -81.2678, 35.8044 ], [ -81.2573, 35.8075 ], [ -81.2492, 35.8159 ], [ -81.2254, 35.8099 ], [ -81.2043, 35.8234 ], [ -81.1953, 35.8213 ], [ -81.1441, 35.8293 ], [ -81.1413, 35.8272 ], [ -81.1412, 35.8131 ], [ -81.1293, 35.8009 ], [ -81.1285, 35.7894 ], [ -81.1095, 35.7766 ], [ -81.1064, 35.7785 ], [ -81.0939, 35.7939 ], [ -81.0789, 35.8028 ], [ -81.0775, 35.8127 ], [ -81.065, 35.8242 ], [ -81.0605, 35.8351 ], [ -81.0413, 35.8578 ], [ -81.0055, 35.9583 ], [ -81.0034, 35.9968 ], [ -81.0288, 36.0457 ], [ -81.0485, 36.0411 ], [ -81.0576, 36.0316 ], [ -81.0981, 36.0282 ], [ -81.1049, 36.0355 ], [ -81.1117, 36.0377 ], [ -81.1158, 36.0343 ], [ -81.1235, 36.0378 ], [ -81.1398, 36.0377 ], [ -81.1673, 36.0255 ], [ -81.1739, 36.0262 ], [ -81.1757, 36.0311 ], [ -81.1903, 36.0372 ], [ -81.2029, 36.0362 ], [ -81.2074, 36.0327 ], [ -81.2123, 36.0341 ], [ -81.2193, 36.0298 ], [ -81.2378, 36.0309 ], [ -81.2444, 36.0248 ], [ -81.2499, 36.0273 ], [ -81.2685, 36.025 ], [ -81.2814, 36.0183 ], [ -81.2839, 36.0129 ], [ -81.3012, 36.0044 ], [ -81.312, 36.0051 ], [ -81.3179, 35.9969 ], [ -81.3283, 35.9966 ], [ -81.3429, 35.9232 ], [ -81.3334, 35.8789 ], [ -81.344, 35.8246 ], [ -81.3425, 35.8224 ], [ -81.3401, 35.8243 ], [ -81.3376, 35.8189 ], [ -81.3401, 35.8161 ], [ -81.336, 35.8145 ], [ -81.3381, 35.8124 ], [ -81.3316, 35.8023 ] ] ] } },
{ "type": "Feature", "properties": { "name": "Iredell County" }, "geometry": { "type": "Polygon", "coordinates": [ [ [ -80.7078, 35.8529 ], [ -80.6932, 36.0513 ], [ -80.9757, 36.0588 ], [ -81.0288, 36.0457 ], [ -81.0034, 35.9968 ], [ -81.0055, 35.9583 ], [ -81.0413, 35.8578 ], [ -81.0605, 35.8351 ], [ -81.065, 35.8242 ], [ -81.0775, 35.8127 ], [ -81.0789, 35.8028 ], [ -81.0938, 35.794 ], [ -81.1095, 35.7766 ], [ -81.1024, 35.7683 ], [ -81.0903, 35.7667 ], [ -81.0899, 35.7566 ], [ -81.0679, 35.7381 ], [ -81.0627, 35.7117 ], [ -81.0414, 35.7074 ], [ -81.0177, 35.7127 ], [ -81.0032, 35.7092 ], [ -80.9937, 35.7013 ], [ -80.9815, 35.6816 ], [ -80.9667, 35.671 ], [ -80.9527, 35.643 ], [ -80.9255, 35.621 ], [ -80.9283, 35.6164 ], [ -80.939, 35.6129 ], [ -80.9434, 35.6061 ], [ -80.9343, 35.5951 ], [ -80.9341, 35.59 ], [ -80.9499, 35.5827 ], [ -80.9569, 35.5698 ], [ -80.9535, 35.5541 ], [ -80.9598, 35.546 ], [ -80.9397, 35.529 ], [ -80.9448, 35.526 ], [ -80.9563, 35.532 ], [ -80.956, 35.5151 ], [ -80.9635, 35.506 ], [ -80.9604, 35.4962 ], [ -80.9468, 35.4901 ], [ -80.9362, 35.4903 ], [ -80.9244, 35.4976 ], [ -80.9087, 35.509 ], [ -80.9075, 35.5148 ], [ -80.7842, 35.506 ], [ -80.7374, 35.5058 ], [ -80.7398, 35.5441 ], [ -80.7716, 35.6722 ], [ -80.7078, 35.8529 ] ] ] } },
{ "type": "Feature", "properties": { "name": "Lincoln County" }, "geometry": { "type": "Polygon", "coordinates": [ [ [ -80.9599, 35.548 ], [ -81.483, 35.5681 ], [ -81.4998, 35.5686 ], [ -81.4998, 35.5652 ], [ -81.5334, 35.5701 ], [ -81.5376, 35.5642 ], [ -81.5154, 35.5583 ], [ -81.5092, 35.5503 ], [ -81.5131, 35.5234 ], [ -81.4812, 35.4714 ], [ -81.4556, 35.4198 ], [ -80.9549, 35.4001 ], [ -80.9587, 35.4118 ], [ -80.9545, 35.4212 ], [ -80.958, 35.4344 ], [ -80.9424, 35.4565 ], [ -80.9517, 35.4682 ], [ -80.9454, 35.4835 ], [ -80.9477, 35.4904 ], [ -80.9613, 35.4971 ], [ -80.9635, 35.506 ], [ -80.956, 35.5151 ], [ -80.9563, 35.532 ], [ -80.944, 35.526 ], [ -80.9399, 35.5283 ], [ -80.9408, 35.5315 ], [ -80.9599, 35.548 ] ] ] } },
{ "type": "Feature", "properties": { "name": "Rowan County" }, "geometry": { "type": "Polygon", "coordinates": [ [ [ -80.7374, 35.5058 ], [ -80.4223, 35.502 ], [ -80.1826, 35.5042 ], [ -80.184, 35.5173 ], [ -80.197, 35.5295 ], [ -80.1953, 35.5369 ], [ -80.1988, 35.5455 ], [ -80.2098, 35.5523 ], [ -80.2086, 35.5806 ], [ -80.2311, 35.596 ], [ -80.2434, 35.6144 ], [ -80.2639, 35.6292 ], [ -80.2887, 35.6357 ], [ -80.3049, 35.6541 ], [ -80.3083, 35.6669 ], [ -80.3306, 35.6788 ], [ -80.3344, 35.6936 ], [ -80.3242, 35.7077 ], [ -80.3338, 35.72 ], [ -80.341, 35.7213 ], [ -80.3721, 35.7164 ], [ -80.3892, 35.7194 ], [ -80.395, 35.725 ], [ -80.4113, 35.7223 ], [ -80.4427, 35.735 ], [ -80.4533, 35.7346 ], [ -80.4688, 35.7574 ], [ -80.4714, 35.7678 ], [ -80.4783, 35.7748 ], [ -80.4849, 35.7756 ], [ -80.4875, 35.7664 ], [ -80.4922, 35.7792 ], [ -80.5003, 35.7835 ], [ -80.5086, 35.7747 ], [ -80.5207, 35.7844 ], [ -80.5336, 35.7856 ], [ -80.5336, 35.7912 ], [ -80.5433, 35.7926 ], [ -80.5468, 35.7984 ], [ -80.5548, 35.8004 ], [ -80.5704, 35.8163 ], [ -80.5867, 35.8232 ], [ -80.5913, 35.8174 ], [ -80.5942, 35.8274 ], [ -80.5995, 35.8273 ], [ -80.6014, 35.8235 ], [ -80.6035, 35.8263 ], [ -80.6042, 35.8237 ], [ -80.6095, 35.8231 ], [ -80.6126, 35.8256 ], [ -80.6111, 35.8314 ], [ -80.6228, 35.8392 ], [ -80.6311, 35.8386 ], [ -80.6318, 35.8458 ], [ -80.6423, 35.8442 ], [ -80.6713, 35.8465 ], [ -80.6729, 35.8499 ], [ -80.6688, 35.8563 ], [ -80.6769, 35.8559 ], [ -80.6918, 35.8635 ], [ -80.6932, 35.8537 ], [ -80.6965, 35.8546 ], [ -80.7, 35.8505 ], [ -80.7078, 35.8529 ], [ -80.7716, 35.6722 ], [ -80.7398, 35.5441 ], [ -80.7374, 35.5058 ] ] ] } },
{ "type": "Feature", "properties": { "name": "Davidson County" }, "geometry": { "type": "Polygon", "coordinates": [ [ [ -80.0668, 35.5058 ], [ -80.0432, 36.0108 ], [ -80.1494, 36.0268 ], [ -80.2137, 36.0268 ], [ -80.2138, 35.9967 ], [ -80.3303, 35.9966 ], [ -80.3943, 35.9728 ], [ -80.39, 35.9669 ], [ -80.3783, 35.9626 ], [ -80.3746, 35.9548 ], [ -80.3755, 35.9404 ], [ -80.3684, 35.9273 ], [ -80.375, 35.9118 ], [ -80.3651, 35.8937 ], [ -80.3731, 35.8844 ], [ -80.3909, 35.8921 ], [ -80.4079, 35.8915 ], [ -80.4166, 35.881 ], [ -80.39, 35.8683 ], [ -80.3858, 35.8546 ], [ -80.3889, 35.8447 ], [ -80.3988, 35.8414 ], [ -80.4141, 35.8515 ], [ -80.4207, 35.8527 ], [ -80.4242, 35.8511 ], [ -80.4278, 35.8329 ], [ -80.432, 35.8283 ], [ -80.4464, 35.8367 ], [ -80.4552, 35.8273 ], [ -80.4626, 35.827 ], [ -80.4764, 35.8438 ], [ -80.4876, 35.8332 ], [ -80.4858, 35.8306 ], [ -80.4775, 35.8307 ], [ -80.4723, 35.8256 ], [ -80.4648, 35.8066 ], [ -80.4658, 35.8012 ], [ -80.4745, 35.797 ], [ -80.4766, 35.789 ], [ -80.4508, 35.7671 ], [ -80.4595, 35.7466 ], [ -80.4551, 35.7358 ], [ -80.4427, 35.735 ], [ -80.4152, 35.723 ], [ -80.3958, 35.7252 ], [ -80.3892, 35.7194 ], [ -80.3721, 35.7164 ], [ -80.341, 35.7213 ], [ -80.333, 35.7195 ], [ -80.3242, 35.7068 ], [ -80.3344, 35.6936 ], [ -80.3306, 35.6788 ], [ -80.3083, 35.6669 ], [ -80.3049, 35.6541 ], [ -80.2887, 35.6357 ], [ -80.2639, 35.6292 ], [ -80.2434, 35.6144 ], [ -80.2311, 35.596 ], [ -80.2086, 35.5806 ], [ -80.2098, 35.5523 ], [ -80.1988, 35.5455 ], [ -80.1953, 35.5369 ], [ -80.197, 35.5295 ], [ -80.184, 35.5173 ], [ -80.1826, 35.5042 ], [ -80.0668, 35.5058 ] ] ] } },
{ "type": "Feature", "properties": { "name": "Davie County" }, "geometry": { "type": "Polygon", "coordinates": [ [ [ -80.3927, 35.9716 ], [ -80.4214, 35.9876 ], [ -80.422, 35.9938 ], [ -80.4133, 36.0022 ], [ -80.4181, 36.016 ], [ -80.4424, 36.0311 ], [ -80.4636, 36.0625 ], [ -80.473, 36.0603 ], [ -80.4747, 36.0504 ], [ -80.4884, 36.043 ], [ -80.4963, 36.0466 ], [ -80.6932, 36.0513 ], [ -80.7075, 35.8522 ], [ -80.7, 35.8505 ], [ -80.6965, 35.8546 ], [ -80.6932, 35.8537 ], [ -80.6918, 35.8635 ], [ -80.6769, 35.8559 ], [ -80.6688, 35.8563 ], [ -80.6729, 35.8499 ], [ -80.6713, 35.8465 ], [ -80.6315, 35.8457 ], [ -80.6311, 35.8386 ], [ -80.6228, 35.8392 ], [ -80.6111, 35.8314 ], [ -80.6126, 35.8256 ], [ -80.6096, 35.8232 ], [ -80.6042, 35.8237 ], [ -80.6035, 35.8263 ], [ -80.6016, 35.8234 ], [ -80.5995, 35.8273 ], [ -80.5942, 35.8274 ], [ -80.5913, 35.8174 ], [ -80.5867, 35.8232 ], [ -80.5704, 35.8163 ], [ -80.5548, 35.8004 ], [ -80.5468, 35.7984 ], [ -80.5433, 35.7926 ], [ -80.5336, 35.7912 ], [ -80.5329, 35.7853 ], [ -80.5207, 35.7844 ], [ -80.5081, 35.7746 ], [ -80.5019, 35.783 ], [ -80.4966, 35.7828 ], [ -80.4872, 35.7663 ], [ -80.4849, 35.7756 ], [ -80.4783, 35.7748 ], [ -80.4714, 35.7678 ], [ -80.4688, 35.7574 ], [ -80.4589, 35.743 ], [ -80.4583, 35.7519 ], [ -80.4526, 35.7583 ], [ -80.4508, 35.7671 ], [ -80.4766, 35.789 ], [ -80.4745, 35.797 ], [ -80.4658, 35.8012 ], [ -80.4648, 35.8066 ], [ -80.4723, 35.8256 ], [ -80.4775, 35.8307 ], [ -80.4858, 35.8306 ], [ -80.4876, 35.8332 ], [ -80.4764, 35.8438 ], [ -80.4626, 35.827 ], [ -80.4552, 35.8273 ], [ -80.4464, 35.8367 ], [ -80.432, 35.8283 ], [ -80.4278, 35.8329 ], [ -80.4242, 35.8511 ], [ -80.4207, 35.8527 ], [ -80.4141, 35.8515 ], [ -80.3988, 35.8414 ], [ -80.3889, 35.8447 ], [ -80.3858, 35.8546 ], [ -80.39, 35.8683 ], [ -80.4166, 35.881 ], [ -80.4079, 35.8915 ], [ -80.3909, 35.8921 ], [ -80.3731, 35.8844 ], [ -80.3651, 35.8937 ], [ -80.375, 35.9118 ], [ -80.3684, 35.9273 ], [ -80.3755, 35.9404 ], [ -80.3746, 35.9548 ], [ -80.3783, 35.9626 ], [ -80.39, 35.9669 ], [ -80.3927, 35.9716 ] ] ] } },
{ "type": "Feature", "properties": { "name": "Randolph County" }, "geometry": { "type": "Polygon", "coordinates": [ [ [ -80.0656, 35.5059 ], [ -79.5558, 35.5151 ], [ -79.5418, 35.8996 ], [ -80.0469, 35.9207 ], [ -80.0656, 35.5059 ] ] ] } },
{ "type": "Feature", "properties": { "name": "Chatham County" }, "geometry": { "type": "Polygon", "coordinates": [ [ [ -78.9061, 35.8681 ], [ -79.082, 35.8608 ], [ -79.2495, 35.8768 ], [ -79.2504, 35.857 ], [ -79.2369, 35.8506 ], [ -79.2373, 35.8441 ], [ -79.5424, 35.8433 ], [ -79.5558, 35.5151 ], [ -79.3501, 35.518 ], [ -79.3345, 35.5252 ], [ -79.3224, 35.5245 ], [ -79.3121, 35.5305 ], [ -79.3112, 35.5327 ], [ -79.3234, 35.5443 ], [ -79.3136, 35.5444 ], [ -79.3035, 35.5486 ], [ -79.3029, 35.5523 ], [ -79.2879, 35.5551 ], [ -79.282, 35.5518 ], [ -79.291, 35.5454 ], [ -79.2906, 35.5401 ], [ -79.2762, 35.5319 ], [ -79.2681, 35.5325 ], [ -79.2452, 35.553 ], [ -79.2442, 35.5697 ], [ -79.2193, 35.5665 ], [ -79.2265, 35.5542 ], [ -79.2245, 35.5508 ], [ -79.1999, 35.5586 ], [ -79.2009, 35.5767 ], [ -79.1861, 35.5803 ], [ -79.1579, 35.6036 ], [ -79.1501, 35.6171 ], [ -79.1425, 35.6227 ], [ -79.1258, 35.6239 ], [ -79.1188, 35.6283 ], [ -79.1123, 35.6229 ], [ -79.1009, 35.6239 ], [ -79.0688, 35.6091 ], [ -79.0523, 35.5959 ], [ -79.0459, 35.5687 ], [ -79.024, 35.5484 ], [ -79.0147, 35.5437 ], [ -78.9906, 35.5401 ], [ -78.9697, 35.5217 ], [ -78.9161, 35.5841 ], [ -78.9951, 35.6101 ], [ -78.9363, 35.7719 ], [ -78.9309, 35.7944 ], [ -78.9094, 35.8429 ], [ -78.9061, 35.8681 ] ] ] } },
{ "type": "Feature", "properties": { "name": "Lee County" }, "geometry": { "type": "Polygon", "coordinates": [ [ [ -79.1836, 35.3072 ], [ -78.9697, 35.5217 ], [ -78.9906, 35.5401 ], [ -79.0147, 35.5437 ], [ -79.024, 35.5484 ], [ -79.0459, 35.5687 ], [ -79.0523, 35.5959 ], [ -79.0688, 35.6091 ], [ -79.1009, 35.6239 ], [ -79.1123, 35.6229 ], [ -79.1188, 35.6283 ], [ -79.1258, 35.6239 ], [ -79.1425, 35.6227 ], [ -79.1501, 35.6171 ], [ -79.1579, 35.6036 ], [ -79.1861, 35.5803 ], [ -79.2009, 35.5767 ], [ -79.1999, 35.5586 ], [ -79.2245, 35.5508 ], [ -79.2265, 35.5542 ], [ -79.2193, 35.5665 ], [ -79.2438, 35.5699 ], [ -79.2452, 35.553 ], [ -79.2685, 35.5325 ], [ -79.2762, 35.5319 ], [ -79.2909, 35.5404 ], [ -79.2905, 35.546 ], [ -79.2821, 35.5516 ], [ -79.2849, 35.5551 ], [ -79.3024, 35.5525 ], [ -79.3035, 35.5486 ], [ -79.3154, 35.5439 ], [ -79.3234, 35.5443 ], [ -79.3111, 35.5318 ], [ -79.3224, 35.5245 ], [ -79.3341, 35.5253 ], [ -79.3496, 35.5188 ], [ -79.3534, 35.513 ], [ -79.3428, 35.5021 ], [ -79.3423, 35.4944 ], [ -79.3599, 35.4745 ], [ -79.3533, 35.4604 ], [ -79.3298, 35.4389 ], [ -79.3321, 35.4271 ], [ -79.2934, 35.4029 ], [ -79.2751, 35.3664 ], [ -79.273, 35.3514 ], [ -79.2567, 35.3463 ], [ -79.2142, 35.3193 ], [ -79.1836, 35.3072 ] ] ] } },
{ "type": "Feature", "properties": { "name": "Harnett County" }, "geometry": { "type": "Polygon", "coordinates": [ [ [ -78.9632, 35.529 ], [ -79.223, 35.2681 ], [ -79.2025, 35.2582 ], [ -79.1936, 35.2502 ], [ -79.1786, 35.2478 ], [ -79.1651, 35.2409 ], [ -79.1539, 35.2292 ], [ -79.1506, 35.2133 ], [ -79.138, 35.2114 ], [ -79.1347, 35.2068 ], [ -79.1205, 35.2049 ], [ -79.0962, 35.192 ], [ -78.998, 35.2141 ], [ -78.9781, 35.2119 ], [ -78.9356, 35.2188 ], [ -78.9247, 35.2239 ], [ -78.9202, 35.2203 ], [ -78.8981, 35.2312 ], [ -78.8933, 35.2287 ], [ -78.8804, 35.2304 ], [ -78.874, 35.2361 ], [ -78.8761, 35.2415 ], [ -78.8681, 35.2451 ], [ -78.8597, 35.2425 ], [ -78.8472, 35.253 ], [ -78.8347, 35.2524 ], [ -78.8255, 35.2595 ], [ -78.8195, 35.2605 ], [ -78.8059, 35.2566 ], [ -78.8015, 35.263 ], [ -78.7987, 35.262 ], [ -78.7943, 35.2661 ], [ -78.7824, 35.2637 ], [ -78.7821, 35.2609 ], [ -78.7783, 35.2636 ], [ -78.771, 35.2621 ], [ -78.7659, 35.2582 ], [ -78.76, 35.2639 ], [ -78.7592, 35.2615 ], [ -78.7545, 35.2634 ], [ -78.7541, 35.2596 ], [ -78.75, 35.2635 ], [ -78.7362, 35.2616 ], [ -78.7256, 35.2669 ], [ -78.7205, 35.2649 ], [ -78.7188, 35.2598 ], [ -78.7119, 35.2575 ], [ -78.7077, 35.2592 ], [ -78.7046, 35.2567 ], [ -78.6171, 35.2456 ], [ -78.6087, 35.2544 ], [ -78.6, 35.2584 ], [ -78.5985, 35.265 ], [ -78.5846, 35.2733 ], [ -78.5835, 35.2968 ], [ -78.5728, 35.2975 ], [ -78.5703, 35.3021 ], [ -78.5577, 35.3047 ], [ -78.5599, 35.3063 ], [ -78.5555, 35.3096 ], [ -78.5451, 35.3122 ], [ -78.5361, 35.3187 ], [ -78.5376, 35.3272 ], [ -78.5299, 35.3349 ], [ -78.5331, 35.343 ], [ -78.5677, 35.3677 ], [ -78.5725, 35.3865 ], [ -78.5927, 35.3986 ], [ -78.5988, 35.4183 ], [ -78.6099, 35.4272 ], [ -78.6071, 35.4325 ], [ -78.6269, 35.458 ], [ -78.6391, 35.4619 ], [ -78.6498, 35.4717 ], [ -78.6503, 35.4827 ], [ -78.6606, 35.4963 ], [ -78.6726, 35.4957 ], [ -78.6869, 35.5019 ], [ -78.6895, 35.5159 ], [ -78.7063, 35.5186 ], [ -78.9161, 35.5841 ], [ -78.9632, 35.529 ] ] ] } },
{ "type": "Feature", "properties": { "name": "Moore County" }, "geometry": { "type": "Polygon", "coordinates": [ [ [ -79.3428, 35.5021 ], [ -79.3534, 35.513 ], [ -79.3501, 35.518 ], [ -79.7682, 35.5115 ], [ -79.764, 35.4754 ], [ -79.7497, 35.4377 ], [ -79.7097, 35.3014 ], [ -79.7121, 35.2756 ], [ -79.7067, 35.2711 ], [ -79.6991, 35.2521 ], [ -79.6736, 35.2459 ], [ -79.6695, 35.2405 ], [ -79.6635, 35.2257 ], [ -79.6603, 35.1995 ], [ -79.6549, 35.1908 ], [ -79.6494, 35.189 ], [ -79.6347, 35.1747 ], [ -79.6281, 35.1753 ], [ -79.6263, 35.1707 ], [ -79.6196, 35.1711 ], [ -79.607, 35.1496 ], [ -79.5916, 35.1351 ], [ -79.5805, 35.1178 ], [ -79.5863, 35.0815 ], [ -79.5762, 35.0665 ], [ -79.4959, 35.0627 ], [ -79.4773, 35.0572 ], [ -79.4674, 35.0438 ], [ -79.4592, 35.0431 ], [ -79.3429, 35.1589 ], [ -79.3186, 35.1688 ], [ -79.3022, 35.1846 ], [ -79.2767, 35.1989 ], [ -79.2711, 35.198 ], [ -79.2479, 35.211 ], [ -79.2434, 35.2074 ], [ -79.2361, 35.2078 ], [ -79.2171, 35.1927 ], [ -79.2115, 35.1949 ], [ -79.2065, 35.1912 ], [ -79.2002, 35.1948 ], [ -79.1913, 35.1934 ], [ -79.1885, 35.1897 ], [ -79.1806, 35.1915 ], [ -79.1801, 35.187 ], [ -79.1723, 35.1796 ], [ -79.1577, 35.1791 ], [ -79.1571, 35.1745 ], [ -79.1476, 35.1686 ], [ -79.1402, 35.1762 ], [ -79.1297, 35.1657 ], [ -79.106, 35.171 ], [ -79.1014, 35.1764 ], [ -79.0976, 35.1742 ], [ -79.0962, 35.192 ], [ -79.1004, 35.1962 ], [ -79.1247, 35.2062 ], [ -79.1347, 35.2068 ], [ -79.138, 35.2114 ], [ -79.1513, 35.2137 ], [ -79.1539, 35.2292 ], [ -79.1651, 35.2409 ], [ -79.1786, 35.2478 ], [ -79.1936, 35.2502 ], [ -79.2025, 35.2582 ], [ -79.223, 35.2681 ], [ -79.1836, 35.3072 ], [ -79.2142, 35.3193 ], [ -79.2567, 35.3463 ], [ -79.273, 35.3514 ], [ -79.2751, 35.3664 ], [ -79.2934, 35.4029 ], [ -79.3321, 35.4271 ], [ -79.3298, 35.4389 ], [ -79.3533, 35.4604 ], [ -79.3599, 35.4745 ], [ -79.3423, 35.4944 ], [ -79.3428, 35.5021 ] ] ] } },
{ "type": "Feature", "properties": { "name": "Montgomery County" }, "geometry": { "type": "Polygon", "coordinates": [ [ [ -79.6418, 35.1578 ], [ -79.6145, 35.1638 ], [ -79.6152, 35.1656 ], [ -79.6196, 35.1711 ], [ -79.6263, 35.1707 ], [ -79.6281, 35.1753 ], [ -79.6347, 35.1747 ], [ -79.6494, 35.189 ], [ -79.6549, 35.1908 ], [ -79.6603, 35.1995 ], [ -79.6635, 35.2257 ], [ -79.6695, 35.2405 ], [ -79.6736, 35.2459 ], [ -79.6991, 35.2521 ], [ -79.7067, 35.2711 ], [ -79.7121, 35.2756 ], [ -79.7097, 35.3014 ], [ -79.7497, 35.4377 ], [ -79.764, 35.4754 ], [ -79.7682, 35.5115 ], [ -80.1826, 35.5042 ], [ -80.1715, 35.4829 ], [ -80.1619, 35.4775 ], [ -80.1387, 35.4729 ], [ -80.1308, 35.4657 ], [ -80.1127, 35.4594 ], [ -80.1132, 35.4457 ], [ -80.1019, 35.4412 ], [ -80.1019, 35.4303 ], [ -80.09, 35.4156 ], [ -80.0935, 35.4011 ], [ -80.0843, 35.395 ], [ -80.0743, 35.3948 ], [ -80.0623, 35.3859 ], [ -80.0528, 35.3732 ], [ -80.0543, 35.3654 ], [ -80.0654, 35.3599 ], [ -80.0691, 35.3378 ], [ -80.0823, 35.3205 ], [ -80.0792, 35.3101 ], [ -80.0967, 35.2878 ], [ -80.0933, 35.2737 ], [ -80.0994, 35.2569 ], [ -80.0983, 35.2447 ], [ -80.0955, 35.2388 ], [ -80.0729, 35.2211 ], [ -80.0696, 35.2052 ], [ -80.056, 35.1748 ], [ -80.0588, 35.1621 ], [ -80.0768, 35.1471 ], [ -80.0706, 35.1444 ], [ -80.0172, 35.1399 ], [ -79.9835, 35.1589 ], [ -79.9525, 35.1553 ], [ -79.9407, 35.1585 ], [ -79.898, 35.1602 ], [ -79.8817, 35.1652 ], [ -79.8513, 35.1829 ], [ -79.8344, 35.1756 ], [ -79.8243, 35.1779 ], [ -79.7725, 35.1764 ], [ -79.7562, 35.1718 ], [ -79.7343, 35.1763 ], [ -79.7163, 35.1745 ], [ -79.6988, 35.179 ], [ -79.664, 35.1698 ], [ -79.6418, 35.1578 ] ] ] } },
{ "type": "Feature", "properties": { "name": "Stanly County" }, "geometry": { "type": "Polygon", "coordinates": [ [ [ -80.2792, 35.1959 ], [ -80.2789, 35.1995 ], [ -80.266, 35.2081 ], [ -80.2592, 35.2118 ], [ -80.2553, 35.2104 ], [ -80.2558, 35.2009 ], [ -80.2468, 35.1891 ], [ -80.2382, 35.1587 ], [ -80.223, 35.1537 ], [ -80.2163, 35.1547 ], [ -80.2124, 35.1637 ], [ -80.2034, 35.1651 ], [ -80.1944, 35.1538 ], [ -80.1837, 35.1465 ], [ -80.1673, 35.1466 ], [ -80.1645, 35.1493 ], [ -80.1724, 35.1624 ], [ -80.1556, 35.1738 ], [ -80.1454, 35.1675 ], [ -80.1404, 35.1675 ], [ -80.1314, 35.1752 ], [ -80.1342, 35.1861 ], [ -80.1314, 35.1893 ], [ -80.1179, 35.192 ], [ -80.1129, 35.1893 ], [ -80.1134, 35.1748 ], [ -80.1089, 35.1684 ], [ -80.0926, 35.1589 ], [ -80.0824, 35.1489 ], [ -80.0768, 35.1471 ], [ -80.0588, 35.1621 ], [ -80.056, 35.1748 ], [ -80.0696, 35.2052 ], [ -80.0729, 35.2211 ], [ -80.0955, 35.2388 ], [ -80.0994, 35.2569 ], [ -80.0933, 35.2737 ], [ -80.0967, 35.2878 ], [ -80.0792, 35.3101 ], [ -80.0823, 35.3205 ], [ -80.0691, 35.3378 ], [ -80.0654, 35.3599 ], [ -80.0543, 35.3654 ], [ -80.0528, 35.3732 ], [ -80.0623, 35.3859 ], [ -80.0743, 35.3948 ], [ -80.0843, 35.395 ], [ -80.0935, 35.4011 ], [ -80.09, 35.4156 ], [ -80.1019, 35.4303 ], [ -80.1019, 35.4412 ], [ -80.1132, 35.4457 ], [ -80.1127, 35.4594 ], [ -80.1308, 35.4657 ], [ -80.1387, 35.4729 ], [ -80.1619, 35.4775 ], [ -80.1715, 35.4829 ], [ -80.1826, 35.5042 ], [ -80.2952, 35.5029 ], [ -80.4762, 35.2286 ], [ -80.4833, 35.2125 ], [ -80.4933, 35.2066 ], [ -80.5062, 35.1922 ], [ -80.5035, 35.1817 ], [ -80.4887, 35.1754 ], [ -80.4811, 35.1803 ], [ -80.4698, 35.1668 ], [ -80.4635, 35.1702 ], [ -80.4589, 35.165 ], [ -80.4471, 35.1648 ], [ -80.4397, 35.161 ], [ -80.4193, 35.1728 ], [ -80.4119, 35.1633 ], [ -80.4031, 35.1673 ], [ -80.3888, 35.1657 ], [ -80.3714, 35.1796 ], [ -80.3561, 35.165 ], [ -80.3401, 35.1741 ], [ -80.3288, 35.1766 ], [ -80.3216, 35.1732 ], [ -80.3209, 35.1788 ], [ -80.3055, 35.182 ], [ -80.3038, 35.1881 ], [ -80.2959, 35.1941 ], [ -80.287, 35.1915 ], [ -80.2792, 35.1959 ] ] ] } },
{ "type": "Feature", "properties": { "name": "Cabarrus County" }, "geometry": { "type": "Polygon", "coordinates": [ [ [ -80.4833, 35.2146 ], [ -80.2952, 35.5029 ], [ -80.4231, 35.502 ], [ -80.7842, 35.506 ], [ -80.7869, 35.4933 ], [ -80.7522, 35.4141 ], [ -80.7636, 35.4121 ], [ -80.7664, 35.4015 ], [ -80.7553, 35.3948 ], [ -80.7404, 35.3776 ], [ -80.6931, 35.3464 ], [ -80.6667, 35.2681 ], [ -80.5051, 35.1851 ], [ -80.5055, 35.194 ], [ -80.4833, 35.2146 ] ] ] } },
{ "type": "Feature", "properties": { "name": "Richmond County" }, "geometry": { "type": "Polygon", "coordinates": [ [ [ -79.9274, 34.8067 ], [ -79.693, 34.8052 ], [ -79.6857, 34.8116 ], [ -79.6499, 34.8174 ], [ -79.6369, 34.8237 ], [ -79.6235, 34.816 ], [ -79.6135, 34.8155 ], [ -79.614, 34.8196 ], [ -79.6213, 34.8237 ], [ -79.6224, 34.8287 ], [ -79.6173, 34.8382 ], [ -79.6189, 34.8473 ], [ -79.625, 34.855 ], [ -79.5665, 34.9071 ], [ -79.572, 34.9216 ], [ -79.5876, 34.9321 ], [ -79.5915, 34.948 ], [ -79.5835, 34.9689 ], [ -79.5699, 34.9766 ], [ -79.573, 34.9918 ], [ -79.5119, 35.0258 ], [ -79.4645, 35.039 ], [ -79.4592, 35.0431 ], [ -79.4674, 35.0438 ], [ -79.4773, 35.0572 ], [ -79.4959, 35.0627 ], [ -79.5762, 35.0665 ], [ -79.5863, 35.0815 ], [ -79.5805, 35.1178 ], [ -79.5916, 35.1351 ], [ -79.607, 35.1496 ], [ -79.6145, 35.1638 ], [ -79.6418, 35.1578 ], [ -79.664, 35.1698 ], [ -79.6848, 35.1767 ], [ -79.6988, 35.179 ], [ -79.7163, 35.1745 ], [ -79.7343, 35.1763 ], [ -79.7562, 35.1718 ], [ -79.7725, 35.1764 ], [ -79.8243, 35.1779 ], [ -79.8344, 35.1756 ], [ -79.8513, 35.1829 ], [ -79.8817, 35.1652 ], [ -79.898, 35.1602 ], [ -79.9407, 35.1585 ], [ -79.9525, 35.1553 ], [ -79.9835, 35.1589 ], [ -80.0172, 35.1399 ], [ -80.0706, 35.1444 ], [ -80.0768, 35.1471 ], [ -80.0785, 35.1367 ], [ -80.0751, 35.1153 ], [ -80.07, 35.1108 ], [ -80.0549, 35.1081 ], [ -80.0414, 35.0985 ], [ -80.0374, 35.0922 ], [ -80.0228, 35.0886 ], [ -79.9981, 35.0854 ], [ -79.9846, 35.0931 ], [ -79.9835, 35.0995 ], [ -79.9762, 35.1067 ], [ -79.9593, 35.1176 ], [ -79.9503, 35.1203 ], [ -79.9329, 35.119 ], [ -79.9273, 35.1153 ], [ -79.9245, 35.1076 ], [ -79.9121, 35.0981 ], [ -79.911, 35.0713 ], [ -79.8992, 35.0595 ], [ -79.8824, 35.0513 ], [ -79.8757, 35.0426 ], [ -79.8791, 35.0331 ], [ -79.9004, 35.0113 ], [ -79.901, 35.0041 ], [ -79.887, 34.9882 ], [ -79.8679, 34.9804 ], [ -79.8629, 34.9754 ], [ -79.8736, 34.9491 ], [ -79.8495, 34.9109 ], [ -79.8484, 34.9046 ], [ -79.8664, 34.8783 ], [ -79.9006, 34.8579 ], [ -79.9079, 34.8474 ], [ -79.9158, 34.8193 ], [ -79.9274, 34.8067 ] ] ] } },
{ "type": "Feature", "properties": { "name": "Anson County" }, "geometry": { "type": "Polygon", "coordinates": [ [ [ -80.3205, 34.8139 ], [ -79.9274, 34.8067 ], [ -79.9158, 34.8193 ], [ -79.9079, 34.8474 ], [ -79.9006, 34.8579 ], [ -79.8664, 34.8783 ], [ -79.8484, 34.9046 ], [ -79.8495, 34.9109 ], [ -79.8736, 34.9491 ], [ -79.8629, 34.9754 ], [ -79.8679, 34.9804 ], [ -79.887, 34.9882 ], [ -79.901, 35.0041 ], [ -79.9004, 35.0113 ], [ -79.8791, 35.0331 ], [ -79.8757, 35.0426 ], [ -79.8824, 35.0513 ], [ -79.8992, 35.0595 ], [ -79.911, 35.0713 ], [ -79.9121, 35.0981 ], [ -79.9245, 35.1076 ], [ -79.9273, 35.1153 ], [ -79.9329, 35.119 ], [ -79.9503, 35.1203 ], [ -79.9762, 35.1067 ], [ -79.9835, 35.0995 ], [ -79.9846, 35.0931 ], [ -79.9981, 35.0854 ], [ -80.0374, 35.0922 ], [ -80.0414, 35.0985 ], [ -80.0549, 35.1081 ], [ -80.07, 35.1108 ], [ -80.0751, 35.1153 ], [ -80.0785, 35.1367 ], [ -80.0768, 35.1471 ], [ -80.1089, 35.1684 ], [ -80.1134, 35.1748 ], [ -80.1129, 35.1893 ], [ -80.1179, 35.192 ], [ -80.1314, 35.1893 ], [ -80.1342, 35.1861 ], [ -80.1314, 35.1752 ], [ -80.1404, 35.1675 ], [ -80.1454, 35.1675 ], [ -80.1556, 35.1738 ], [ -80.1724, 35.1624 ], [ -80.1645, 35.1493 ], [ -80.1673, 35.1466 ], [ -80.1837, 35.1465 ], [ -80.1944, 35.1538 ], [ -80.2034, 35.1651 ], [ -80.2124, 35.1637 ], [ -80.2163, 35.1547 ], [ -80.223, 35.1537 ], [ -80.2382, 35.1587 ], [ -80.2468, 35.1891 ], [ -80.2558, 35.2009 ], [ -80.2553, 35.2104 ], [ -80.262, 35.2104 ], [ -80.2789, 35.1995 ], [ -80.3205, 34.8139 ] ] ] } },
{ "type": "Feature", "properties": { "name": "Union County" }, "geometry": { "type": "Polygon", "coordinates": [ [ [ -80.8402, 35.0022 ], [ -80.7819, 34.9358 ], [ -80.7975, 34.8198 ], [ -80.3205, 34.8139 ], [ -80.2773, 35.1958 ], [ -80.2875, 35.1915 ], [ -80.2957, 35.1941 ], [ -80.3038, 35.1881 ], [ -80.3055, 35.182 ], [ -80.3209, 35.1788 ], [ -80.3216, 35.1732 ], [ -80.3288, 35.1766 ], [ -80.3401, 35.1741 ], [ -80.3561, 35.165 ], [ -80.3714, 35.1796 ], [ -80.3888, 35.1657 ], [ -80.4031, 35.1673 ], [ -80.4119, 35.1633 ], [ -80.4193, 35.1728 ], [ -80.44, 35.161 ], [ -80.4471, 35.1648 ], [ -80.4589, 35.165 ], [ -80.4635, 35.1702 ], [ -80.4698, 35.1668 ], [ -80.4763, 35.1719 ], [ -80.4784, 35.179 ], [ -80.4826, 35.1803 ], [ -80.4892, 35.1755 ], [ -80.5504, 35.2084 ], [ -80.7699, 35.0345 ], [ -80.8045, 35.0278 ], [ -80.8402, 35.0022 ] ] ] } },
{ "type": "Feature", "properties": { "name": "Scotland County" }, "geometry": { "type": "Polygon", "coordinates": [ [ [ -79.6765, 34.8051 ], [ -79.4615, 34.6304 ], [ -79.335, 34.7706 ], [ -79.3609, 34.8162 ], [ -79.3603, 34.8226 ], [ -79.3478, 34.8425 ], [ -79.3438, 34.8597 ], [ -79.3542, 34.8852 ], [ -79.3593, 34.9461 ], [ -79.3671, 34.9516 ], [ -79.3676, 34.957 ], [ -79.3849, 34.9766 ], [ -79.3955, 34.9835 ], [ -79.4032, 34.9954 ], [ -79.4189, 35.0022 ], [ -79.4492, 35.0287 ], [ -79.4578, 35.0432 ], [ -79.4645, 35.039 ], [ -79.5119, 35.0258 ], [ -79.5722, 34.993 ], [ -79.5699, 34.9766 ], [ -79.5835, 34.9689 ], [ -79.5915, 34.948 ], [ -79.5876, 34.9321 ], [ -79.572, 34.9216 ], [ -79.5665, 34.9071 ], [ -79.625, 34.855 ], [ -79.6189, 34.8473 ], [ -79.6173, 34.8382 ], [ -79.6224, 34.8287 ], [ -79.6213, 34.8237 ], [ -79.614, 34.8196 ], [ -79.6135, 34.8155 ], [ -79.6235, 34.816 ], [ -79.6369, 34.8237 ], [ -79.6499, 34.8174 ], [ -79.6857, 34.8116 ], [ -79.693, 34.8052 ], [ -79.6765, 34.8051 ] ] ] } },
{ "type": "Feature", "properties": { "name": "Hoke County" }, "geometry": { "type": "Polygon", "coordinates": [ [ [ -79.3438, 34.8597 ], [ -79.3501, 34.8398 ], [ -79.1849, 34.8356 ], [ -79.0356, 34.9552 ], [ -79.0376, 34.9575 ], [ -79.0348, 34.9631 ], [ -79.047, 34.9783 ], [ -79.0497, 34.992 ], [ -79.0614, 35.0079 ], [ -79.0714, 35.0145 ], [ -79.0903, 35.042 ], [ -79.0918, 35.0476 ], [ -79.0882, 35.0517 ], [ -79.0932, 35.0565 ], [ -79.0894, 35.0734 ], [ -79.0934, 35.0796 ], [ -79.0932, 35.0904 ], [ -79.0985, 35.0944 ], [ -79.1013, 35.1146 ], [ -79.1055, 35.1215 ], [ -79.1129, 35.1257 ], [ -79.0976, 35.1742 ], [ -79.1014, 35.1764 ], [ -79.106, 35.171 ], [ -79.1297, 35.1657 ], [ -79.1402, 35.1762 ], [ -79.1476, 35.1686 ], [ -79.1571, 35.1745 ], [ -79.1577, 35.1791 ], [ -79.1723, 35.1796 ], [ -79.1801, 35.187 ], [ -79.1806, 35.1915 ], [ -79.1885, 35.1897 ], [ -79.1913, 35.1934 ], [ -79.2002, 35.1948 ], [ -79.2065, 35.1912 ], [ -79.2115, 35.1949 ], [ -79.2171, 35.1927 ], [ -79.2361, 35.2078 ], [ -79.2434, 35.2074 ], [ -79.2479, 35.211 ], [ -79.2711, 35.198 ], [ -79.2767, 35.1989 ], [ -79.3022, 35.1846 ], [ -79.3186, 35.1688 ], [ -79.3429, 35.1589 ], [ -79.4592, 35.0431 ], [ -79.4492, 35.0287 ], [ -79.4189, 35.0022 ], [ -79.4032, 34.9954 ], [ -79.3955, 34.9835 ], [ -79.3849, 34.9766 ], [ -79.3676, 34.957 ], [ -79.3671, 34.9516 ], [ -79.3593, 34.9461 ], [ -79.3542, 34.8852 ], [ -79.3438, 34.8597 ] ] ] } },
{ "type": "Feature", "properties": { "name": "Cumberland County" }, "geometry": { "type": "Polygon", "coordinates": [ [ [ -78.672, 35.0851 ], [ -78.6705, 35.0927 ], [ -78.6582, 35.0945 ], [ -78.659, 35.1 ], [ -78.6519, 35.1037 ], [ -78.6538, 35.1114 ], [ -78.6393, 35.1161 ], [ -78.6414, 35.1212 ], [ -78.6493, 35.1178 ], [ -78.6525, 35.121 ], [ -78.6355, 35.1374 ], [ -78.636, 35.1508 ], [ -78.6399, 35.1551 ], [ -78.6337, 35.1571 ], [ -78.6324, 35.1639 ], [ -78.6389, 35.1672 ], [ -78.6356, 35.1709 ], [ -78.6295, 35.1716 ], [ -78.6388, 35.1821 ], [ -78.64, 35.1859 ], [ -78.6359, 35.192 ], [ -78.6468, 35.1977 ], [ -78.6426, 35.2009 ], [ -78.637, 35.1979 ], [ -78.6245, 35.2034 ], [ -78.6318, 35.2114 ], [ -78.6171, 35.2281 ], [ -78.6171, 35.2456 ], [ -78.7046, 35.2567 ], [ -78.7077, 35.2592 ], [ -78.7119, 35.2575 ], [ -78.7188, 35.2598 ], [ -78.7205, 35.2649 ], [ -78.7256, 35.2669 ], [ -78.7362, 35.2616 ], [ -78.75, 35.2635 ], [ -78.7541, 35.2596 ], [ -78.7545, 35.2634 ], [ -78.7592, 35.2615 ], [ -78.76, 35.2639 ], [ -78.7659, 35.2582 ], [ -78.771, 35.2621 ], [ -78.7783, 35.2636 ], [ -78.7821, 35.2609 ], [ -78.7824, 35.2637 ], [ -78.7943, 35.2661 ], [ -78.7987, 35.262 ], [ -78.8015, 35.263 ], [ -78.8059, 35.2566 ], [ -78.8195, 35.2605 ], [ -78.8255, 35.2595 ], [ -78.8347, 35.2524 ], [ -78.8472, 35.253 ], [ -78.8597, 35.2425 ], [ -78.8681, 35.2451 ], [ -78.8761, 35.2415 ], [ -78.874, 35.2361 ], [ -78.8804, 35.2304 ], [ -78.8933, 35.2287 ], [ -78.8981, 35.2312 ], [ -78.9202, 35.2203 ], [ -78.9247, 35.2239 ], [ -78.9356, 35.2188 ], [ -78.9781, 35.2119 ], [ -78.998, 35.2141 ], [ -79.0972, 35.191 ], [ -79.0963, 35.1779 ], [ -79.1129, 35.1257 ], [ -79.1055, 35.1215 ], [ -79.1013, 35.1146 ], [ -79.0985, 35.0944 ], [ -79.0932, 35.0904 ], [ -79.0934, 35.0796 ], [ -79.0894, 35.0734 ], [ -79.0932, 35.0565 ], [ -79.0882, 35.0517 ], [ -79.0918, 35.0476 ], [ -79.0903, 35.042 ], [ -79.0714, 35.0145 ], [ -79.0614, 35.0079 ], [ -79.0497, 34.992 ], [ -79.047, 34.9783 ], [ -79.0348, 34.9631 ], [ -79.0388, 34.9527 ], [ -78.9549, 34.9133 ], [ -78.9531, 34.9093 ], [ -78.9408, 34.9034 ], [ -78.9266, 34.8868 ], [ -78.9223, 34.8755 ], [ -78.9217, 34.8703 ], [ -78.9269, 34.8636 ], [ -78.9042, 34.8349 ], [ -78.8429, 34.8474 ], [ -78.7996, 34.8509 ], [ -78.5336, 34.8511 ], [ -78.5159, 34.8459 ], [ -78.4947, 34.8562 ], [ -78.5026, 34.8646 ], [ -78.5132, 34.8692 ], [ -78.5139, 34.882 ], [ -78.5247, 34.884 ], [ -78.5265, 34.8912 ], [ -78.5469, 34.9006 ], [ -78.5419, 34.9081 ], [ -78.5445, 34.9148 ], [ -78.5618, 34.9176 ], [ -78.5645, 34.9251 ], [ -78.5727, 34.9298 ], [ -78.5728, 34.9375 ], [ -78.5836, 34.9384 ], [ -78.5972, 34.9513 ], [ -78.6075, 34.9536 ], [ -78.6112, 34.9609 ], [ -78.6136, 34.9597 ], [ -78.6372, 34.9811 ], [ -78.6363, 34.9878 ], [ -78.6466, 34.9915 ], [ -78.645, 35.0101 ], [ -78.6529, 35.0206 ], [ -78.6497, 35.0269 ], [ -78.6584, 35.0418 ], [ -78.6539, 35.0497 ], [ -78.6641, 35.0673 ], [ -78.663, 35.0781 ], [ -78.672, 35.0851 ] ] ] } },
{ "type": "Feature", "properties": { "name": "Columbus County" }, "geometry": { "type": "Polygon", "coordinates": [ [ [ -78.3969, 34.3708 ], [ -78.4201, 34.3781 ], [ -78.4453, 34.3774 ], [ -78.5527, 34.4208 ], [ -78.594, 34.4314 ], [ -78.6038, 34.4412 ], [ -78.6468, 34.4607 ], [ -78.6593, 34.4536 ], [ -78.6564, 34.4603 ], [ -78.6643, 34.4627 ], [ -78.6676, 34.4696 ], [ -78.8258, 34.4617 ], [ -78.8447, 34.4689 ], [ -78.8499, 34.4737 ], [ -78.8581, 34.4744 ], [ -78.8604, 34.4833 ], [ -78.869, 34.4848 ], [ -78.8736, 34.4837 ], [ -78.8861, 34.4693 ], [ -78.9103, 34.4572 ], [ -78.9376, 34.4534 ], [ -78.9465, 34.4548 ], [ -78.9634, 34.4427 ], [ -78.9635, 34.4382 ], [ -78.9736, 34.4273 ], [ -78.9735, 34.3978 ], [ -78.9797, 34.3915 ], [ -78.9981, 34.3908 ], [ -79.0065, 34.3867 ], [ -79.0071, 34.3817 ], [ -79.015, 34.3764 ], [ -79.0062, 34.3617 ], [ -79.0074, 34.3572 ], [ -79.022, 34.3473 ], [ -79.0309, 34.3488 ], [ -79.0304, 34.3447 ], [ -79.0389, 34.3338 ], [ -79.0402, 34.3161 ], [ -79.0497, 34.3098 ], [ -79.0553, 34.3108 ], [ -79.0712, 34.2993 ], [ -78.6505, 33.9445 ], [ -78.6474, 33.9501 ], [ -78.6442, 33.9501 ], [ -78.6466, 33.9546 ], [ -78.642, 33.9562 ], [ -78.6483, 33.9657 ], [ -78.6407, 33.9705 ], [ -78.6305, 33.9721 ], [ -78.6302, 33.9749 ], [ -78.6241, 33.9734 ], [ -78.6278, 33.976 ], [ -78.6304, 33.9906 ], [ -78.6402, 34.0041 ], [ -78.6406, 34.0104 ], [ -78.6255, 34.0197 ], [ -78.6189, 34.0189 ], [ -78.6169, 34.0234 ], [ -78.6034, 34.0247 ], [ -78.6008, 34.0301 ], [ -78.6005, 34.0278 ], [ -78.5943, 34.0296 ], [ -78.5918, 34.027 ], [ -78.5889, 34.0323 ], [ -78.584, 34.0314 ], [ -78.5855, 34.0359 ], [ -78.5795, 34.0365 ], [ -78.5779, 34.0413 ], [ -78.5784, 34.0439 ], [ -78.5827, 34.0434 ], [ -78.5821, 34.049 ], [ -78.5735, 34.0559 ], [ -78.5711, 34.0532 ], [ -78.5696, 34.0561 ], [ -78.5685, 34.0536 ], [ -78.5628, 34.0542 ], [ -78.5569, 34.0622 ], [ -78.559, 34.0614 ], [ -78.5592, 34.0663 ], [ -78.555, 34.0672 ], [ -78.5546, 34.0764 ], [ -78.5587, 34.0776 ], [ -78.5592, 34.0752 ], [ -78.5629, 34.0777 ], [ -78.561, 34.0824 ], [ -78.5569, 34.0836 ], [ -78.5601, 34.092 ], [ -78.5569, 34.0916 ], [ -78.5586, 34.0936 ], [ -78.5531, 34.0972 ], [ -78.5482, 34.0952 ], [ -78.544, 34.1 ], [ -78.5477, 34.1003 ], [ -78.549, 34.1043 ], [ -78.5542, 34.1038 ], [ -78.5491, 34.1116 ], [ -78.5551, 34.1168 ], [ -78.549, 34.1189 ], [ -78.5513, 34.1198 ], [ -78.5489, 34.1254 ], [ -78.5425, 34.1261 ], [ -78.5399, 34.1229 ], [ -78.5388, 34.1247 ], [ -78.5457, 34.1345 ], [ -78.5452, 34.1459 ], [ -78.5411, 34.1484 ], [ -78.5371, 34.1462 ], [ -78.5327, 34.1536 ], [ -78.5247, 34.1541 ], [ -78.5185, 34.1591 ], [ -78.5153, 34.1663 ], [ -78.5035, 34.1692 ], [ -78.4953, 34.1675 ], [ -78.484, 34.1578 ], [ -78.4672, 34.1547 ], [ -78.4601, 34.1501 ], [ -78.423, 34.1394 ], [ -78.3929, 34.1729 ], [ -78.366, 34.189 ], [ -78.3743, 34.2049 ], [ -78.2546, 34.2163 ], [ -78.1622, 34.3572 ], [ -78.1698, 34.3568 ], [ -78.1747, 34.3513 ], [ -78.1793, 34.3553 ], [ -78.2025, 34.3533 ], [ -78.2102, 34.358 ], [ -78.2106, 34.3688 ], [ -78.2248, 34.3735 ], [ -78.2288, 34.3789 ], [ -78.2352, 34.3742 ], [ -78.2367, 34.3805 ], [ -78.2456, 34.3851 ], [ -78.2466, 34.3933 ], [ -78.2526, 34.3912 ], [ -78.2561, 34.3995 ], [ -78.3346, 34.3675 ], [ -78.3657, 34.3728 ], [ -78.3969, 34.3708 ] ] ] } },
{ "type": "Feature", "properties": { "name": "Bladen County" }, "geometry": { "type": "Polygon", "coordinates": [ [ [ -78.3657, 34.3728 ], [ -78.3346, 34.3675 ], [ -78.2561, 34.3995 ], [ -78.1765, 34.4654 ], [ -78.1822, 34.4698 ], [ -78.1898, 34.4693 ], [ -78.1912, 34.4734 ], [ -78.2035, 34.476 ], [ -78.2073, 34.4877 ], [ -78.2172, 34.4874 ], [ -78.2223, 34.4932 ], [ -78.2237, 34.4906 ], [ -78.236, 34.4927 ], [ -78.2387, 34.4979 ], [ -78.2456, 34.4999 ], [ -78.2553, 34.5081 ], [ -78.2546, 34.5115 ], [ -78.2512, 34.5106 ], [ -78.2558, 34.5137 ], [ -78.2541, 34.5201 ], [ -78.2643, 34.5198 ], [ -78.2656, 34.5268 ], [ -78.263, 34.5288 ], [ -78.2703, 34.5323 ], [ -78.2726, 34.5377 ], [ -78.2547, 34.5532 ], [ -78.2604, 34.5562 ], [ -78.2517, 34.562 ], [ -78.2547, 34.5686 ], [ -78.2622, 34.5713 ], [ -78.2607, 34.5745 ], [ -78.2663, 34.584 ], [ -78.2752, 34.5814 ], [ -78.2798, 34.5911 ], [ -78.2871, 34.5931 ], [ -78.289, 34.5981 ], [ -78.2927, 34.5971 ], [ -78.2912, 34.6005 ], [ -78.3029, 34.6005 ], [ -78.3053, 34.6027 ], [ -78.3046, 34.611 ], [ -78.3129, 34.614 ], [ -78.3131, 34.6259 ], [ -78.3228, 34.6297 ], [ -78.314, 34.6331 ], [ -78.3169, 34.6357 ], [ -78.3114, 34.6412 ], [ -78.3209, 34.6501 ], [ -78.3247, 34.6498 ], [ -78.3227, 34.6543 ], [ -78.3266, 34.6559 ], [ -78.3272, 34.6642 ], [ -78.3236, 34.6655 ], [ -78.3251, 34.6692 ], [ -78.3471, 34.6804 ], [ -78.3444, 34.6839 ], [ -78.347, 34.6906 ], [ -78.3503, 34.6891 ], [ -78.3495, 34.6923 ], [ -78.3619, 34.6913 ], [ -78.3619, 34.6956 ], [ -78.3666, 34.6931 ], [ -78.3734, 34.6992 ], [ -78.3738, 34.7015 ], [ -78.3693, 34.7004 ], [ -78.3717, 34.7024 ], [ -78.3685, 34.7045 ], [ -78.3774, 34.7099 ], [ -78.3762, 34.7128 ], [ -78.3823, 34.7173 ], [ -78.3794, 34.7234 ], [ -78.392, 34.7298 ], [ -78.3876, 34.7381 ], [ -78.3928, 34.7421 ], [ -78.3909, 34.7497 ], [ -78.3988, 34.7501 ], [ -78.4035, 34.7571 ], [ -78.4076, 34.7576 ], [ -78.4058, 34.7594 ], [ -78.41, 34.7654 ], [ -78.4204, 34.7659 ], [ -78.4245, 34.7699 ], [ -78.4237, 34.773 ], [ -78.4303, 34.7765 ], [ -78.4298, 34.7822 ], [ -78.4387, 34.7857 ], [ -78.4373, 34.7923 ], [ -78.4448, 34.7977 ], [ -78.441, 34.8005 ], [ -78.4494, 34.8078 ], [ -78.448, 34.8118 ], [ -78.4519, 34.8141 ], [ -78.4594, 34.8128 ], [ -78.4588, 34.8199 ], [ -78.4665, 34.822 ], [ -78.4658, 34.8276 ], [ -78.4822, 34.8368 ], [ -78.4877, 34.8364 ], [ -78.4896, 34.8428 ], [ -78.4936, 34.8431 ], [ -78.4947, 34.8562 ], [ -78.5159, 34.8459 ], [ -78.5336, 34.8511 ], [ -78.7996, 34.8509 ], [ -78.8429, 34.8474 ], [ -78.902, 34.8353 ], [ -78.8998, 34.8248 ], [ -78.8928, 34.8142 ], [ -78.8871, 34.8109 ], [ -78.8833, 34.8121 ], [ -78.8867, 34.8096 ], [ -78.8848, 34.8023 ], [ -78.8692, 34.7733 ], [ -78.8636, 34.7706 ], [ -78.8653, 34.7678 ], [ -78.8561, 34.7478 ], [ -78.8542, 34.7355 ], [ -78.8449, 34.7271 ], [ -78.8408, 34.7273 ], [ -78.8445, 34.7241 ], [ -78.8378, 34.7179 ], [ -78.8324, 34.7197 ], [ -78.8327, 34.7156 ], [ -78.8216, 34.7095 ], [ -78.8057, 34.6891 ], [ -78.8094, 34.6683 ], [ -78.8194, 34.6621 ], [ -78.8184, 34.655 ], [ -78.8136, 34.6517 ], [ -78.8182, 34.6508 ], [ -78.8218, 34.6457 ], [ -78.8185, 34.6417 ], [ -78.8228, 34.643 ], [ -78.8252, 34.6406 ], [ -78.8298, 34.6258 ], [ -78.8344, 34.6216 ], [ -78.8317, 34.6082 ], [ -78.834, 34.6016 ], [ -78.8412, 34.5972 ], [ -78.8352, 34.5975 ], [ -78.836, 34.5934 ], [ -78.8434, 34.5876 ], [ -78.8436, 34.5785 ], [ -78.8542, 34.5749 ], [ -78.857, 34.5631 ], [ -78.8627, 34.5622 ], [ -78.858, 34.5569 ], [ -78.8608, 34.5525 ], [ -78.8576, 34.5471 ], [ -78.8612, 34.5448 ], [ -78.8601, 34.5374 ], [ -78.853, 34.5278 ], [ -78.8566, 34.5247 ], [ -78.8539, 34.5188 ], [ -78.8573, 34.5154 ], [ -78.8504, 34.5138 ], [ -78.8444, 34.5081 ], [ -78.8464, 34.4998 ], [ -78.8496, 34.5001 ], [ -78.8491, 34.5026 ], [ -78.8577, 34.5012 ], [ -78.8636, 34.4979 ], [ -78.8694, 34.4871 ], [ -78.869, 34.4848 ], [ -78.8604, 34.4833 ], [ -78.8581, 34.4744 ], [ -78.8499, 34.4737 ], [ -78.8447, 34.4689 ], [ -78.8258, 34.4617 ], [ -78.6676, 34.4696 ], [ -78.6643, 34.4627 ], [ -78.6564, 34.4603 ], [ -78.6593, 34.4536 ], [ -78.6468, 34.4607 ], [ -78.6038, 34.4412 ], [ -78.594, 34.4314 ], [ -78.5527, 34.4208 ], [ -78.4453, 34.3774 ], [ -78.4201, 34.3781 ], [ -78.3969, 34.3708 ], [ -78.3657, 34.3728 ] ] ] } },
{ "type": "Feature", "properties": { "name": "Johnston County" }, "geometry": { "type": "Polygon", "coordinates": [ [ [ -78.2545, 35.8179 ], [ -78.4602, 35.7057 ], [ -78.4639, 35.7082 ], [ -78.4684, 35.7072 ], [ -78.7089, 35.5195 ], [ -78.6895, 35.5159 ], [ -78.6869, 35.5019 ], [ -78.6759, 35.4966 ], [ -78.6606, 35.4963 ], [ -78.6503, 35.4827 ], [ -78.6498, 35.4717 ], [ -78.6391, 35.4619 ], [ -78.6269, 35.458 ], [ -78.6071, 35.4325 ], [ -78.6099, 35.4272 ], [ -78.5988, 35.4183 ], [ -78.5927, 35.3986 ], [ -78.5725, 35.3865 ], [ -78.5677, 35.3677 ], [ -78.5331, 35.343 ], [ -78.5299, 35.3349 ], [ -78.5376, 35.3272 ], [ -78.5356, 35.3201 ], [ -78.5383, 35.3164 ], [ -78.5219, 35.2945 ], [ -78.4919, 35.2633 ], [ -78.4117, 35.2547 ], [ -78.3977, 35.263 ], [ -78.3066, 35.2876 ], [ -78.2897, 35.3151 ], [ -78.2771, 35.3151 ], [ -78.2683, 35.3231 ], [ -78.2567, 35.3256 ], [ -78.2426, 35.3198 ], [ -78.2157, 35.3334 ], [ -78.2155, 35.3415 ], [ -78.1974, 35.3401 ], [ -78.1965, 35.3435 ], [ -78.1869, 35.3423 ], [ -78.1843, 35.345 ], [ -78.1653, 35.3465 ], [ -78.1605, 35.3495 ], [ -78.159, 35.3475 ], [ -78.1531, 35.3509 ], [ -78.1536, 35.3563 ], [ -78.1601, 35.3566 ], [ -78.1577, 35.3601 ], [ -78.1624, 35.3672 ], [ -78.1442, 35.3868 ], [ -78.1537, 35.392 ], [ -78.1549, 35.4179 ], [ -78.0648, 35.5853 ], [ -78.1256, 35.6031 ], [ -78.1578, 35.6856 ], [ -78.1613, 35.7128 ], [ -78.1767, 35.7183 ], [ -78.1764, 35.7249 ], [ -78.1823, 35.7288 ], [ -78.1917, 35.7306 ], [ -78.2038, 35.7277 ], [ -78.2094, 35.7307 ], [ -78.2156, 35.736 ], [ -78.2131, 35.7449 ], [ -78.2191, 35.755 ], [ -78.2267, 35.7505 ], [ -78.2329, 35.7514 ], [ -78.2383, 35.7672 ], [ -78.251, 35.7738 ], [ -78.2449, 35.7913 ], [ -78.2492, 35.7946 ], [ -78.2513, 35.8108 ], [ -78.2568, 35.8133 ], [ -78.2545, 35.8179 ] ] ] } },
{ "type": "Feature", "properties": { "name": "Sampson County" }, "geometry": { "type": "Polygon", "coordinates": [ [ [ -78.2546, 34.5535 ], [ -78.1565, 34.6791 ], [ -78.1135, 34.7072 ], [ -78.114, 34.7218 ], [ -78.1246, 34.7134 ], [ -78.1352, 34.7102 ], [ -78.1505, 34.722 ], [ -78.1986, 34.7416 ], [ -78.1471, 34.9025 ], [ -78.1598, 35.0798 ], [ -78.1718, 35.0935 ], [ -78.1707, 35.1149 ], [ -78.163, 35.1373 ], [ -78.1619, 35.2043 ], [ -78.2462, 35.226 ], [ -78.3066, 35.2876 ], [ -78.3977, 35.263 ], [ -78.4117, 35.2547 ], [ -78.4909, 35.2632 ], [ -78.5219, 35.2945 ], [ -78.5383, 35.3164 ], [ -78.5555, 35.3096 ], [ -78.5599, 35.3063 ], [ -78.5577, 35.3047 ], [ -78.5703, 35.3021 ], [ -78.5761, 35.296 ], [ -78.5835, 35.2968 ], [ -78.5846, 35.2733 ], [ -78.5985, 35.265 ], [ -78.6, 35.2584 ], [ -78.6169, 35.2463 ], [ -78.6171, 35.2281 ], [ -78.6314, 35.2134 ], [ -78.6304, 35.2081 ], [ -78.6245, 35.2034 ], [ -78.637, 35.1979 ], [ -78.6426, 35.2009 ], [ -78.6467, 35.1981 ], [ -78.6359, 35.192 ], [ -78.64, 35.1859 ], [ -78.6388, 35.1821 ], [ -78.6295, 35.1716 ], [ -78.6356, 35.1709 ], [ -78.6389, 35.1672 ], [ -78.6324, 35.1639 ], [ -78.6337, 35.1571 ], [ -78.6399, 35.1551 ], [ -78.636, 35.1508 ], [ -78.6355, 35.1374 ], [ -78.6525, 35.121 ], [ -78.6493, 35.1178 ], [ -78.6414, 35.1212 ], [ -78.639, 35.117 ], [ -78.6431, 35.1131 ], [ -78.6538, 35.1114 ], [ -78.6519, 35.1037 ], [ -78.659, 35.1 ], [ -78.6582, 35.0945 ], [ -78.6705, 35.0927 ], [ -78.6723, 35.0854 ], [ -78.663, 35.0781 ], [ -78.6641, 35.0673 ], [ -78.6539, 35.0497 ], [ -78.6584, 35.0418 ], [ -78.6497, 35.0269 ], [ -78.6529, 35.0206 ], [ -78.645, 35.01 ], [ -78.6476, 34.9931 ], [ -78.6438, 34.9892 ], [ -78.6363, 34.9878 ], [ -78.6372, 34.9811 ], [ -78.6136, 34.9597 ], [ -78.6112, 34.9609 ], [ -78.6075, 34.9536 ], [ -78.5972, 34.9513 ], [ -78.5836, 34.9384 ], [ -78.5728, 34.9375 ], [ -78.5727, 34.9298 ], [ -78.5645, 34.9251 ], [ -78.5618, 34.9176 ], [ -78.5445, 34.9148 ], [ -78.5419, 34.9081 ], [ -78.5469, 34.9006 ], [ -78.5265, 34.8912 ], [ -78.5247, 34.884 ], [ -78.5128, 34.8808 ], [ -78.5132, 34.8692 ], [ -78.5026, 34.8646 ], [ -78.4995, 34.8593 ], [ -78.495, 34.859 ], [ -78.4936, 34.8431 ], [ -78.4896, 34.8428 ], [ -78.4877, 34.8364 ], [ -78.4822, 34.8368 ], [ -78.4658, 34.8276 ], [ -78.4665, 34.822 ], [ -78.4588, 34.8199 ], [ -78.4594, 34.8128 ], [ -78.4498, 34.8135 ], [ -78.4494, 34.8078 ], [ -78.441, 34.8005 ], [ -78.4448, 34.7977 ], [ -78.4373, 34.7923 ], [ -78.4387, 34.7857 ], [ -78.4298, 34.7822 ], [ -78.4303, 34.7765 ], [ -78.4237, 34.773 ], [ -78.4245, 34.7699 ], [ -78.4204, 34.7659 ], [ -78.41, 34.7654 ], [ -78.4058, 34.7594 ], [ -78.4076, 34.7576 ], [ -78.4035, 34.7571 ], [ -78.3988, 34.7501 ], [ -78.3909, 34.7497 ], [ -78.3928, 34.7421 ], [ -78.3876, 34.7381 ], [ -78.392, 34.7298 ], [ -78.3794, 34.7234 ], [ -78.3823, 34.7173 ], [ -78.3762, 34.7128 ], [ -78.3774, 34.7099 ], [ -78.3685, 34.7045 ], [ -78.3717, 34.7024 ], [ -78.3693, 34.7004 ], [ -78.3738, 34.7015 ], [ -78.3734, 34.6992 ], [ -78.3666, 34.6931 ], [ -78.3619, 34.6956 ], [ -78.3619, 34.6913 ], [ -78.3495, 34.6923 ], [ -78.3503, 34.6891 ], [ -78.347, 34.6906 ], [ -78.3444, 34.6839 ], [ -78.3471, 34.6804 ], [ -78.3251, 34.6692 ], [ -78.3236, 34.6655 ], [ -78.3272, 34.6642 ], [ -78.3266, 34.6559 ], [ -78.3227, 34.6543 ], [ -78.3247, 34.6498 ], [ -78.3209, 34.6501 ], [ -78.3114, 34.6412 ], [ -78.3169, 34.6357 ], [ -78.314, 34.6331 ], [ -78.3224, 34.6289 ], [ -78.3131, 34.6259 ], [ -78.3129, 34.614 ], [ -78.3046, 34.611 ], [ -78.3032, 34.6005 ], [ -78.2912, 34.6005 ], [ -78.2927, 34.5971 ], [ -78.289, 34.5981 ], [ -78.2871, 34.5931 ], [ -78.2798, 34.5911 ], [ -78.2752, 34.5814 ], [ -78.266, 34.5837 ], [ -78.2606, 34.5742 ], [ -78.2622, 34.5713 ], [ -78.2549, 34.5688 ], [ -78.2517, 34.5621 ], [ -78.2601, 34.5557 ], [ -78.2546, 34.5535 ] ] ] } },
{ "type": "Feature", "properties": { "name": "Brunswick County" }, "geometry": { "type": "Polygon", "coordinates": [ [ [ -78.3743, 34.2049 ], [ -78.366, 34.189 ], [ -78.3929, 34.1729 ], [ -78.423, 34.1394 ], [ -78.4601, 34.1501 ], [ -78.4672, 34.1547 ], [ -78.484, 34.1578 ], [ -78.4953, 34.1675 ], [ -78.5035, 34.1692 ], [ -78.5153, 34.1663 ], [ -78.5185, 34.1591 ], [ -78.5247, 34.1541 ], [ -78.5327, 34.1536 ], [ -78.5371, 34.1462 ], [ -78.5411, 34.1484 ], [ -78.5452, 34.1459 ], [ -78.5457, 34.1345 ], [ -78.5388, 34.1247 ], [ -78.5399, 34.1229 ], [ -78.5425, 34.1261 ], [ -78.5489, 34.1254 ], [ -78.5513, 34.1198 ], [ -78.549, 34.1189 ], [ -78.5551, 34.1168 ], [ -78.5491, 34.1116 ], [ -78.5542, 34.1038 ], [ -78.549, 34.1043 ], [ -78.5477, 34.1003 ], [ -78.544, 34.1 ], [ -78.5482, 34.0952 ], [ -78.5531, 34.0972 ], [ -78.5586, 34.0936 ], [ -78.5569, 34.0916 ], [ -78.5601, 34.092 ], [ -78.5569, 34.0836 ], [ -78.561, 34.0824 ], [ -78.5629, 34.0777 ], [ -78.5592, 34.0752 ], [ -78.5587, 34.0776 ], [ -78.5546, 34.0764 ], [ -78.555, 34.0672 ], [ -78.5592, 34.0663 ], [ -78.559, 34.0614 ], [ -78.5569, 34.0622 ], [ -78.5628, 34.0542 ], [ -78.5685, 34.0536 ], [ -78.5696, 34.0561 ], [ -78.5711, 34.0532 ], [ -78.5735, 34.0559 ], [ -78.5821, 34.049 ], [ -78.5827, 34.0434 ], [ -78.5784, 34.0439 ], [ -78.5779, 34.0413 ], [ -78.5795, 34.0365 ], [ -78.5855, 34.0359 ], [ -78.584, 34.0314 ], [ -78.5889, 34.0323 ], [ -78.5918, 34.027 ], [ -78.5943, 34.0296 ], [ -78.6005, 34.0278 ], [ -78.6008, 34.0301 ], [ -78.6034, 34.0247 ], [ -78.6169, 34.0234 ], [ -78.6189, 34.0189 ], [ -78.6255, 34.0197 ], [ -78.6406, 34.0104 ], [ -78.6402, 34.0041 ], [ -78.6304, 33.9906 ], [ -78.6278, 33.976 ], [ -78.6241, 33.9734 ], [ -78.6302, 33.9749 ], [ -78.6305, 33.9721 ], [ -78.6407, 33.9705 ], [ -78.6483, 33.9657 ], [ -78.642, 33.9562 ], [ -78.6466, 33.9546 ], [ -78.6442, 33.9501 ], [ -78.6474, 33.9501 ], [ -78.6505, 33.9445 ], [ -78.5416, 33.8517 ], [ -78.5132, 33.8643 ], [ -78.3902, 33.8975 ], [ -78.3806, 33.9074 ], [ -78.3746, 33.9006 ], [ -78.2372, 33.9197 ], [ -78.2281, 33.9123 ], [ -78.106, 33.9077 ], [ -78.0177, 33.8869 ], [ -78.0025, 33.8574 ], [ -77.9596, 33.8429 ], [ -77.9534, 33.8907 ], [ -77.9371, 33.9286 ], [ -77.9485, 33.9713 ], [ -77.9405, 33.9847 ], [ -77.9311, 34.0434 ], [ -77.9359, 34.1221 ], [ -77.9507, 34.1475 ], [ -77.9577, 34.1753 ], [ -77.957, 34.1962 ], [ -77.9613, 34.2049 ], [ -77.9566, 34.2345 ], [ -77.9644, 34.2423 ], [ -77.9696, 34.2435 ], [ -77.9652, 34.2478 ], [ -77.9666, 34.2515 ], [ -77.9732, 34.2472 ], [ -77.9791, 34.2604 ], [ -77.9887, 34.2609 ], [ -77.9882, 34.2691 ], [ -78.0015, 34.2721 ], [ -78.0, 34.2759 ], [ -77.9905, 34.2789 ], [ -77.9911, 34.283 ], [ -77.9974, 34.2844 ], [ -78.0046, 34.2806 ], [ -78.0058, 34.2895 ], [ -78.0161, 34.2914 ], [ -78.0133, 34.3123 ], [ -78.0063, 34.3176 ], [ -78.0081, 34.3222 ], [ -78.015, 34.3229 ], [ -78.0262, 34.3181 ], [ -78.0282, 34.3312 ], [ -78.047, 34.3307 ], [ -78.0474, 34.3358 ], [ -78.0541, 34.3357 ], [ -78.0524, 34.3397 ], [ -78.0594, 34.3454 ], [ -78.0602, 34.3377 ], [ -78.0781, 34.3388 ], [ -78.0745, 34.3472 ], [ -78.0792, 34.3542 ], [ -78.0859, 34.3515 ], [ -78.0932, 34.3528 ], [ -78.0946, 34.3562 ], [ -78.1033, 34.3552 ], [ -78.1137, 34.3608 ], [ -78.1136, 34.3647 ], [ -78.1219, 34.3685 ], [ -78.1322, 34.367 ], [ -78.1368, 34.372 ], [ -78.1406, 34.3692 ], [ -78.1402, 34.3654 ], [ -78.1517, 34.3666 ], [ -78.1583, 34.358 ], [ -78.1622, 34.3572 ], [ -78.2546, 34.2163 ], [ -78.3743, 34.2049 ] ] ] } },
{ "type": "Feature", "properties": { "name": "Wayne County" }, "geometry": { "type": "Polygon", "coordinates": [ [ [ -77.8271, 35.4354 ], [ -77.8234, 35.5856 ], [ -77.9993, 35.586 ], [ -78.0579, 35.5978 ], [ -78.1549, 35.4179 ], [ -78.1537, 35.392 ], [ -78.1442, 35.3868 ], [ -78.1624, 35.3672 ], [ -78.1577, 35.3601 ], [ -78.1601, 35.3566 ], [ -78.1536, 35.3563 ], [ -78.1531, 35.3509 ], [ -78.159, 35.3475 ], [ -78.1605, 35.3495 ], [ -78.1653, 35.3465 ], [ -78.1843, 35.345 ], [ -78.1869, 35.3423 ], [ -78.1965, 35.3435 ], [ -78.1974, 35.3401 ], [ -78.2155, 35.3415 ], [ -78.2157, 35.3334 ], [ -78.2426, 35.3198 ], [ -78.2582, 35.3257 ], [ -78.2691, 35.3228 ], [ -78.2771, 35.3151 ], [ -78.2897, 35.3151 ], [ -78.3066, 35.2876 ], [ -78.2462, 35.226 ], [ -78.1619, 35.2043 ], [ -78.1634, 35.1897 ], [ -78.077, 35.175 ], [ -78.0445, 35.1927 ], [ -78.0186, 35.194 ], [ -77.9867, 35.1844 ], [ -77.9823, 35.1812 ], [ -77.9787, 35.1707 ], [ -77.9703, 35.166 ], [ -77.9546, 35.1652 ], [ -77.9448, 35.1728 ], [ -77.9302, 35.1739 ], [ -77.9113, 35.1645 ], [ -77.9098, 35.1581 ], [ -77.8971, 35.1488 ], [ -77.8855, 35.1618 ], [ -77.8339, 35.1781 ], [ -77.8241, 35.3441 ], [ -77.8198, 35.3567 ], [ -77.7999, 35.3795 ], [ -77.8081, 35.4101 ], [ -77.8241, 35.4213 ], [ -77.8271, 35.4354 ] ] ] } },
{ "type": "Feature", "properties": { "name": "Wilson County" }, "geometry": { "type": "Polygon", "coordinates": [ [ [ -78.0648, 35.5853 ], [ -78.0579, 35.5978 ], [ -77.9993, 35.586 ], [ -77.8234, 35.5856 ], [ -77.8238, 35.5729 ], [ -77.668, 35.6729 ], [ -77.6771, 35.6895 ], [ -77.7194, 35.7339 ], [ -77.7511, 35.8121 ], [ -77.7484, 35.827 ], [ -77.797, 35.8551 ], [ -77.8278, 35.8684 ], [ -77.8446, 35.8374 ], [ -77.8729, 35.8601 ], [ -77.9, 35.8429 ], [ -78.0015, 35.8066 ], [ -78.1482, 35.7454 ], [ -78.1812, 35.7387 ], [ -78.1887, 35.7347 ], [ -78.1919, 35.7305 ], [ -78.1823, 35.7288 ], [ -78.1764, 35.7249 ], [ -78.1767, 35.7183 ], [ -78.1603, 35.711 ], [ -78.1613, 35.6982 ], [ -78.1578, 35.6856 ], [ -78.1256, 35.6031 ], [ -78.0648, 35.5853 ] ] ] } },
{ "type": "Feature", "properties": { "name": "Duplin County" }, "geometry": { "type": "Polygon", "coordinates": [ [ [ -77.6534, 34.9405 ], [ -77.6801, 34.9711 ], [ -77.7484, 35.0221 ], [ -77.7521, 35.108 ], [ -77.769, 35.146 ], [ -77.8339, 35.1781 ], [ -77.8855, 35.1618 ], [ -77.8971, 35.1488 ], [ -77.9098, 35.1581 ], [ -77.9113, 35.1645 ], [ -77.9302, 35.1739 ], [ -77.9448, 35.1728 ], [ -77.9546, 35.1652 ], [ -77.9703, 35.166 ], [ -77.9787, 35.1707 ], [ -77.9823, 35.1812 ], [ -77.9867, 35.1844 ], [ -78.0186, 35.194 ], [ -78.0445, 35.1927 ], [ -78.077, 35.175 ], [ -78.1634, 35.1897 ], [ -78.163, 35.1373 ], [ -78.1707, 35.1149 ], [ -78.1718, 35.0935 ], [ -78.1598, 35.0798 ], [ -78.1471, 34.9025 ], [ -78.1986, 34.7416 ], [ -78.1505, 34.722 ], [ -78.1352, 34.7102 ], [ -78.102, 34.7256 ], [ -78.0941, 34.724 ], [ -78.0871, 34.7261 ], [ -78.0816, 34.7226 ], [ -78.0662, 34.7279 ], [ -78.052, 34.7251 ], [ -78.0324, 34.7276 ], [ -78.0297, 34.7248 ], [ -78.0161, 34.7326 ], [ -78.0095, 34.7315 ], [ -78.0082, 34.7265 ], [ -78.0026, 34.7261 ], [ -77.9945, 34.7171 ], [ -77.9874, 34.7175 ], [ -77.981, 34.7139 ], [ -77.9794, 34.7169 ], [ -77.9746, 34.7146 ], [ -77.9741, 34.7191 ], [ -77.9615, 34.72 ], [ -77.9588, 34.7159 ], [ -77.952, 34.7147 ], [ -77.9516, 34.7179 ], [ -77.9397, 34.7201 ], [ -77.9384, 34.7234 ], [ -77.9376, 34.7202 ], [ -77.9306, 34.723 ], [ -77.9215, 34.7198 ], [ -77.6801, 34.7206 ], [ -77.6785, 34.7879 ], [ -77.651, 34.9233 ], [ -77.6534, 34.9405 ] ] ] } },
{ "type": "Feature", "properties": { "name": "New Hanover County" }, "geometry": { "type": "MultiPolygon", "coordinates": [ [ [ [ -77.9371, 33.9286 ], [ -77.8741, 34.0744 ], [ -77.884, 34.075 ], [ -77.8855, 34.0528 ], [ -77.8931, 34.0365 ], [ -77.8901, 34.0778 ], [ -77.8603, 34.1449 ], [ -77.8665, 34.1517 ], [ -77.859, 34.1489 ], [ -77.8556, 34.1557 ], [ -77.8661, 34.1603 ], [ -77.8529, 34.158 ], [ -77.8369, 34.179 ], [ -77.8421, 34.1778 ], [ -77.8421, 34.1828 ], [ -77.8309, 34.1867 ], [ -77.8329, 34.1958 ], [ -77.8245, 34.1958 ], [ -77.8275, 34.2042 ], [ -77.8222, 34.2013 ], [ -77.8133, 34.2202 ], [ -77.7417, 34.3001 ], [ -77.7625, 34.3035 ], [ -77.752, 34.3034 ], [ -77.8127, 34.359 ], [ -77.812, 34.3652 ], [ -77.8151, 34.3672 ], [ -77.8098, 34.3688 ], [ -77.8047, 34.3767 ], [ -77.8105, 34.382 ], [ -77.8208, 34.3849 ], [ -77.8231, 34.3893 ], [ -77.8437, 34.3809 ], [ -77.8589, 34.3795 ], [ -77.8856, 34.3645 ], [ -77.8979, 34.3647 ], [ -77.9011, 34.3781 ], [ -77.9072, 34.3753 ], [ -77.9167, 34.3758 ], [ -77.9285, 34.3617 ], [ -77.9318, 34.3616 ], [ -77.9305, 34.3669 ], [ -77.9337, 34.3673 ], [ -77.9347, 34.358 ], [ -77.9409, 34.3627 ], [ -77.9402, 34.3699 ], [ -77.9496, 34.3713 ], [ -77.951, 34.3645 ], [ -77.9598, 34.3703 ], [ -77.9617, 34.3737 ], [ -77.9588, 34.3804 ], [ -77.9622, 34.3829 ], [ -77.9751, 34.3725 ], [ -77.9878, 34.3711 ], [ -77.988, 34.3637 ], [ -77.9805, 34.3611 ], [ -77.978, 34.357 ], [ -77.9866, 34.353 ], [ -77.9934, 34.3441 ], [ -77.9942, 34.3389 ], [ -77.9909, 34.3373 ], [ -78.0296, 34.3318 ], [ -78.0257, 34.3281 ], [ -78.0262, 34.3181 ], [ -78.0132, 34.3232 ], [ -78.0066, 34.3202 ], [ -78.007, 34.316 ], [ -78.0136, 34.3114 ], [ -78.0157, 34.2907 ], [ -78.0058, 34.2895 ], [ -78.0046, 34.2806 ], [ -77.9974, 34.2844 ], [ -77.9911, 34.283 ], [ -77.9905, 34.2789 ], [ -78.0, 34.2759 ], [ -78.0015, 34.2721 ], [ -77.9882, 34.2691 ], [ -77.9887, 34.2609 ], [ -77.9791, 34.2604 ], [ -77.9732, 34.2472 ], [ -77.9666, 34.2515 ], [ -77.9652, 34.2478 ], [ -77.9696, 34.2435 ], [ -77.9644, 34.2423 ], [ -77.9566, 34.2345 ], [ -77.9613, 34.2049 ], [ -77.957, 34.1962 ], [ -77.9577, 34.1753 ], [ -77.9507, 34.1475 ], [ -77.9359, 34.1221 ], [ -77.9316, 34.0601 ], [ -77.9347, 34.0128 ], [ -77.9408, 33.9836 ], [ -77.9485, 33.9713 ], [ -77.9371, 33.9286 ] ] ], [ [ [ -77.7483, 34.3036 ], [ -77.7491, 34.3034 ], [ -77.7479, 34.3034 ], [ -77.7483, 34.3036 ] ] ], [ [ [ -77.8066, 34.1776 ], [ -77.8129, 34.1821 ], [ -77.8422, 34.1689 ], [ -77.8496, 34.1591 ], [ -77.8448, 34.1639 ], [ -77.8439, 34.158 ], [ -77.855, 34.1531 ], [ -77.8818, 34.0807 ], [ -77.8741, 34.0829 ], [ -77.8289, 34.1632 ], [ -77.8137, 34.1797 ], [ -77.8066, 34.1776 ] ] ], [ [ [ -77.8395, 34.1723 ], [ -77.8283, 34.1756 ], [ -77.8207, 34.1894 ], [ -77.8395, 34.1723 ] ] ], [ [ [ -77.8353, 34.1812 ], [ -77.8411, 34.183 ], [ -77.8414, 34.1805 ], [ -77.8353, 34.1812 ] ] ], [ [ [ -77.8245, 34.1927 ], [ -77.8156, 34.1909 ], [ -77.807, 34.2024 ], [ -77.8114, 34.2055 ], [ -77.8157, 34.2002 ], [ -77.8208, 34.1999 ], [ -77.8245, 34.1927 ] ] ], [ [ [ -77.8127, 34.2068 ], [ -77.8191, 34.2063 ], [ -77.8211, 34.2002 ], [ -77.8156, 34.201 ], [ -77.8127, 34.2068 ] ] ], [ [ [ -77.8151, 34.2142 ], [ -77.8181, 34.2074 ], [ -77.8107, 34.208 ], [ -77.8151, 34.2142 ] ] ], [ [ [ -77.8077, 34.2147 ], [ -77.8018, 34.2067 ], [ -77.795, 34.2179 ], [ -77.814, 34.2154 ], [ -77.8077, 34.2147 ] ] ], [ [ [ -77.782, 34.2294 ], [ -77.7875, 34.2209 ], [ -77.7966, 34.2318 ], [ -77.8074, 34.2222 ], [ -77.7946, 34.2211 ], [ -77.795, 34.2268 ], [ -77.7886, 34.2182 ], [ -77.8142, 34.1851 ], [ -77.7698, 34.2393 ], [ -77.7823, 34.2482 ], [ -77.7955, 34.2338 ], [ -77.786, 34.225 ], [ -77.782, 34.2294 ] ] ], [ [ [ -77.7784, 34.2478 ], [ -77.7684, 34.2497 ], [ -77.7538, 34.2654 ], [ -77.7649, 34.2678 ], [ -77.7784, 34.2478 ] ] ], [ [ [ -77.75, 34.2858 ], [ -77.7586, 34.2755 ], [ -77.7423, 34.2748 ], [ -77.7595, 34.2746 ], [ -77.7626, 34.2696 ], [ -77.7512, 34.2705 ], [ -77.747, 34.2679 ], [ -77.7711, 34.2447 ], [ -77.7138, 34.2941 ], [ -77.7316, 34.2825 ], [ -77.7428, 34.2795 ], [ -77.7472, 34.2892 ], [ -77.745, 34.2783 ], [ -77.75, 34.2858 ] ] ], [ [ [ -77.7303, 34.2893 ], [ -77.7399, 34.2836 ], [ -77.7257, 34.2903 ], [ -77.7303, 34.2893 ] ] ], [ [ [ -77.7389, 34.2892 ], [ -77.7355, 34.2882 ], [ -77.7322, 34.2912 ], [ -77.7424, 34.2902 ], [ -77.7388, 34.2858 ], [ -77.7389, 34.2892 ] ] ] ] } },
{ "type": "Feature", "properties": { "name": "Pender County" }, "geometry": { "type": "Polygon", "coordinates": [ [ [ -77.6158, 34.5806 ], [ -77.6801, 34.7206 ], [ -77.9215, 34.7198 ], [ -77.9306, 34.723 ], [ -77.9376, 34.7202 ], [ -77.9384, 34.7234 ], [ -77.9397, 34.7201 ], [ -77.9516, 34.7179 ], [ -77.952, 34.7147 ], [ -77.9588, 34.7159 ], [ -77.9615, 34.72 ], [ -77.9741, 34.7191 ], [ -77.9746, 34.7146 ], [ -77.9794, 34.7169 ], [ -77.981, 34.7139 ], [ -77.9874, 34.7175 ], [ -77.9945, 34.7171 ], [ -78.0127, 34.7326 ], [ -78.0235, 34.7305 ], [ -78.0297, 34.7248 ], [ -78.0324, 34.7276 ], [ -78.052, 34.7251 ], [ -78.0662, 34.7279 ], [ -78.0812, 34.7226 ], [ -78.0876, 34.7261 ], [ -78.1135, 34.7221 ], [ -78.1135, 34.7072 ], [ -78.1565, 34.6791 ], [ -78.2575, 34.5491 ], [ -78.2725, 34.538 ], [ -78.2703, 34.5323 ], [ -78.263, 34.5288 ], [ -78.2656, 34.5268 ], [ -78.2643, 34.5198 ], [ -78.2541, 34.5201 ], [ -78.2566, 34.5167 ], [ -78.2513, 34.511 ], [ -78.2543, 34.5116 ], [ -78.2555, 34.5088 ], [ -78.2524, 34.5047 ], [ -78.2417, 34.5002 ], [ -78.2356, 34.4925 ], [ -78.2237, 34.4906 ], [ -78.2223, 34.4932 ], [ -78.2172, 34.4874 ], [ -78.2073, 34.4877 ], [ -78.2035, 34.476 ], [ -78.1912, 34.4734 ], [ -78.1898, 34.4693 ], [ -78.1822, 34.4698 ], [ -78.1765, 34.4654 ], [ -78.2561, 34.3995 ], [ -78.253, 34.3915 ], [ -78.2469, 34.3936 ], [ -78.2456, 34.3851 ], [ -78.2367, 34.3805 ], [ -78.2345, 34.3738 ], [ -78.2288, 34.3789 ], [ -78.2248, 34.3735 ], [ -78.2106, 34.3688 ], [ -78.2102, 34.358 ], [ -78.2025, 34.3533 ], [ -78.1793, 34.3553 ], [ -78.1747, 34.3513 ], [ -78.1698, 34.3568 ], [ -78.1586, 34.3578 ], [ -78.1528, 34.3661 ], [ -78.1402, 34.3654 ], [ -78.1406, 34.3692 ], [ -78.1365, 34.3719 ], [ -78.1322, 34.367 ], [ -78.1219, 34.3685 ], [ -78.1136, 34.3647 ], [ -78.1137, 34.3608 ], [ -78.1033, 34.3552 ], [ -78.0946, 34.3562 ], [ -78.0932, 34.3528 ], [ -78.0859, 34.3515 ], [ -78.0792, 34.3542 ], [ -78.0745, 34.3472 ], [ -78.0781, 34.3388 ], [ -78.0602, 34.3377 ], [ -78.0594, 34.3454 ], [ -78.0524, 34.3397 ], [ -78.0541, 34.3357 ], [ -78.0474, 34.3358 ], [ -78.047, 34.3307 ], [ -78.0379, 34.3326 ], [ -78.0342, 34.3303 ], [ -77.9909, 34.3373 ], [ -77.9942, 34.3389 ], [ -77.9934, 34.3441 ], [ -77.9866, 34.353 ], [ -77.978, 34.357 ], [ -77.9805, 34.3611 ], [ -77.988, 34.3637 ], [ -77.9878, 34.3711 ], [ -77.9751, 34.3725 ], [ -77.9622, 34.3829 ], [ -77.9588, 34.3804 ], [ -77.9617, 34.3737 ], [ -77.9598, 34.3703 ], [ -77.951, 34.3645 ], [ -77.9496, 34.3713 ], [ -77.9402, 34.3699 ], [ -77.9409, 34.3627 ], [ -77.9347, 34.358 ], [ -77.9337, 34.3673 ], [ -77.9305, 34.3669 ], [ -77.9318, 34.3616 ], [ -77.9285, 34.3617 ], [ -77.9167, 34.3758 ], [ -77.9072, 34.3753 ], [ -77.9011, 34.3781 ], [ -77.8979, 34.3647 ], [ -77.8856, 34.3645 ], [ -77.8589, 34.3795 ], [ -77.8437, 34.3809 ], [ -77.8231, 34.3893 ], [ -77.8208, 34.3849 ], [ -77.8105, 34.382 ], [ -77.8047, 34.3767 ], [ -77.8098, 34.3688 ], [ -77.8151, 34.3672 ], [ -77.812, 34.3652 ], [ -77.8127, 34.359 ], [ -77.752, 34.3033 ], [ -77.7406, 34.3013 ], [ -77.7392, 34.2928 ], [ -77.7252, 34.2928 ], [ -77.7152, 34.2992 ], [ -77.7105, 34.298 ], [ -77.6753, 34.2531 ], [ -77.6236, 34.3032 ], [ -77.6086, 34.3101 ], [ -77.5818, 34.334 ], [ -77.5162, 34.3824 ], [ -77.4845, 34.3997 ], [ -77.541, 34.4649 ], [ -77.5439, 34.4632 ], [ -77.5534, 34.4715 ], [ -77.5675, 34.4698 ], [ -77.5724, 34.477 ], [ -77.5761, 34.4765 ], [ -77.6158, 34.5806 ] ] ] } },
{ "type": "Feature", "properties": { "name": "Greene County" }, "geometry": { "type": "Polygon", "coordinates": [ [ [ -77.8081, 35.4101 ], [ -77.7999, 35.3795 ], [ -77.8052, 35.3723 ], [ -77.7759, 35.3709 ], [ -77.7194, 35.3761 ], [ -77.7, 35.3821 ], [ -77.6943, 35.3661 ], [ -77.6904, 35.3642 ], [ -77.6916, 35.3611 ], [ -77.6796, 35.3472 ], [ -77.658, 35.3541 ], [ -77.6377, 35.3546 ], [ -77.6138, 35.3782 ], [ -77.607, 35.3794 ], [ -77.6026, 35.3752 ], [ -77.5903, 35.3736 ], [ -77.585, 35.3798 ], [ -77.5657, 35.384 ], [ -77.5656, 35.3867 ], [ -77.5318, 35.4014 ], [ -77.5328, 35.4055 ], [ -77.5257, 35.4149 ], [ -77.508, 35.4223 ], [ -77.4948, 35.4125 ], [ -77.4857, 35.4132 ], [ -77.4817, 35.4154 ], [ -77.4826, 35.4231 ], [ -77.4751, 35.427 ], [ -77.4772, 35.433 ], [ -77.4747, 35.4384 ], [ -77.4792, 35.4394 ], [ -77.4773, 35.4457 ], [ -77.4841, 35.4454 ], [ -77.4827, 35.4517 ], [ -77.4931, 35.4624 ], [ -77.4907, 35.4687 ], [ -77.504, 35.4935 ], [ -77.5112, 35.4963 ], [ -77.507, 35.5049 ], [ -77.5109, 35.5077 ], [ -77.5037, 35.5175 ], [ -77.5246, 35.5193 ], [ -77.5227, 35.5256 ], [ -77.526, 35.5284 ], [ -77.5417, 35.5328 ], [ -77.5576, 35.5318 ], [ -77.5712, 35.5489 ], [ -77.5922, 35.5638 ], [ -77.6101, 35.5674 ], [ -77.6216, 35.5826 ], [ -77.6272, 35.5845 ], [ -77.6617, 35.6188 ], [ -77.6774, 35.6259 ], [ -77.6828, 35.6333 ], [ -77.6804, 35.6391 ], [ -77.6836, 35.6442 ], [ -77.6902, 35.6502 ], [ -77.7009, 35.6523 ], [ -77.8238, 35.5729 ], [ -77.8271, 35.4354 ], [ -77.8241, 35.4213 ], [ -77.8081, 35.4101 ] ] ] } },
{ "type": "Feature", "properties": { "name": "Lenoir County" }, "geometry": { "type": "Polygon", "coordinates": [ [ [ -77.7194, 35.3761 ], [ -77.7759, 35.3709 ], [ -77.8052, 35.3723 ], [ -77.8198, 35.3567 ], [ -77.8241, 35.3441 ], [ -77.8339, 35.1781 ], [ -77.769, 35.146 ], [ -77.7521, 35.108 ], [ -77.7484, 35.0221 ], [ -77.7303, 35.0076 ], [ -77.6014, 35.0714 ], [ -77.5073, 35.1671 ], [ -77.5257, 35.2428 ], [ -77.4737, 35.229 ], [ -77.4656, 35.2346 ], [ -77.4643, 35.2392 ], [ -77.4328, 35.25 ], [ -77.4268, 35.2561 ], [ -77.4262, 35.2624 ], [ -77.4377, 35.277 ], [ -77.4399, 35.2896 ], [ -77.4466, 35.2936 ], [ -77.4491, 35.3018 ], [ -77.4405, 35.3035 ], [ -77.4388, 35.3115 ], [ -77.4312, 35.3128 ], [ -77.4313, 35.3298 ], [ -77.4147, 35.3304 ], [ -77.4142, 35.334 ], [ -77.4105, 35.3319 ], [ -77.4109, 35.338 ], [ -77.3952, 35.3436 ], [ -77.391, 35.34 ], [ -77.3926, 35.3471 ], [ -77.4021, 35.3487 ], [ -77.4065, 35.3524 ], [ -77.4274, 35.3502 ], [ -77.4266, 35.3588 ], [ -77.4314, 35.3666 ], [ -77.4336, 35.3685 ], [ -77.4404, 35.3668 ], [ -77.4482, 35.3715 ], [ -77.4461, 35.381 ], [ -77.455, 35.3862 ], [ -77.4498, 35.3906 ], [ -77.4614, 35.3981 ], [ -77.4706, 35.4092 ], [ -77.4707, 35.4219 ], [ -77.4751, 35.427 ], [ -77.4826, 35.4231 ], [ -77.4817, 35.4154 ], [ -77.4857, 35.4132 ], [ -77.4948, 35.4125 ], [ -77.508, 35.4223 ], [ -77.5257, 35.4149 ], [ -77.5328, 35.4055 ], [ -77.5318, 35.4014 ], [ -77.5656, 35.3867 ], [ -77.5657, 35.384 ], [ -77.585, 35.3798 ], [ -77.5903, 35.3736 ], [ -77.6026, 35.3752 ], [ -77.607, 35.3794 ], [ -77.6138, 35.3782 ], [ -77.6377, 35.3546 ], [ -77.658, 35.3541 ], [ -77.6796, 35.3472 ], [ -77.6916, 35.3611 ], [ -77.6904, 35.3642 ], [ -77.6943, 35.3661 ], [ -77.7, 35.3821 ], [ -77.7194, 35.3761 ] ] ] } },
{ "type": "Feature", "properties": { "name": "Onslow County" }, "geometry": { "type": "Polygon", "coordinates": [ [ [ -77.123, 34.5844 ], [ -77.1172, 34.5844 ], [ -77.114, 34.6252 ], [ -77.1081, 34.6397 ], [ -77.1132, 34.651 ], [ -77.0961, 34.6713 ], [ -77.1135, 34.6806 ], [ -77.1052, 34.6947 ], [ -77.1066, 34.7123 ], [ -77.1218, 34.7315 ], [ -77.1257, 34.7567 ], [ -77.1357, 34.7646 ], [ -77.1417, 34.7597 ], [ -77.1434, 34.7658 ], [ -77.149, 34.7685 ], [ -77.1579, 34.766 ], [ -77.1584, 34.7695 ], [ -77.1507, 34.7708 ], [ -77.1534, 34.7763 ], [ -77.1599, 34.7741 ], [ -77.1574, 34.7808 ], [ -77.1657, 34.7793 ], [ -77.1665, 34.7852 ], [ -77.1727, 34.7806 ], [ -77.1702, 34.7851 ], [ -77.1752, 34.7877 ], [ -77.1708, 34.7901 ], [ -77.176, 34.7922 ], [ -77.1757, 34.7966 ], [ -77.1909, 34.8023 ], [ -77.1893, 34.8063 ], [ -77.1963, 34.8097 ], [ -77.1932, 34.8143 ], [ -77.1958, 34.8175 ], [ -77.1866, 34.8192 ], [ -77.1847, 34.8258 ], [ -77.1796, 34.8293 ], [ -77.1813, 34.8363 ], [ -77.1933, 34.832 ], [ -77.202, 34.8343 ], [ -77.2011, 34.8419 ], [ -77.2122, 34.8531 ], [ -77.2099, 34.8587 ], [ -77.2192, 34.8677 ], [ -77.2199, 34.871 ], [ -77.2159, 34.8733 ], [ -77.2225, 34.8822 ], [ -77.222, 34.887 ], [ -77.234, 34.8861 ], [ -77.2323, 34.8912 ], [ -77.2394, 34.8946 ], [ -77.2375, 34.9001 ], [ -77.25, 34.901 ], [ -77.251, 34.9098 ], [ -77.2594, 34.9091 ], [ -77.2597, 34.9147 ], [ -77.2676, 34.9258 ], [ -77.2835, 34.9279 ], [ -77.2852, 34.9313 ], [ -77.2944, 34.9304 ], [ -77.3088, 34.9376 ], [ -77.317, 34.9323 ], [ -77.3294, 34.9383 ], [ -77.3632, 34.9255 ], [ -77.3668, 34.9087 ], [ -77.5028, 34.9696 ], [ -77.639, 34.9845 ], [ -77.6801, 34.9711 ], [ -77.6534, 34.9405 ], [ -77.651, 34.9233 ], [ -77.6661, 34.8396 ], [ -77.677, 34.7996 ], [ -77.6801, 34.7206 ], [ -77.6158, 34.5806 ], [ -77.5761, 34.4765 ], [ -77.5724, 34.477 ], [ -77.5675, 34.4698 ], [ -77.5534, 34.4715 ], [ -77.5439, 34.4632 ], [ -77.541, 34.4649 ], [ -77.4845, 34.3997 ], [ -77.4188, 34.4359 ], [ -77.3413, 34.4717 ], [ -77.2951, 34.489 ], [ -77.2192, 34.5397 ], [ -77.1799, 34.5605 ], [ -77.123, 34.5844 ] ] ] } },
{ "type": "Feature", "properties": { "name": "Jones County" }, "geometry": { "type": "Polygon", "coordinates": [ [ [ -77.2122, 34.8531 ], [ -77.2008, 34.8412 ], [ -77.2034, 34.8369 ], [ -77.2006, 34.8333 ], [ -77.1912, 34.8322 ], [ -77.1813, 34.8363 ], [ -77.1796, 34.8293 ], [ -77.1847, 34.8258 ], [ -77.1866, 34.8192 ], [ -77.1958, 34.8175 ], [ -77.1932, 34.8143 ], [ -77.1963, 34.8097 ], [ -77.1893, 34.8063 ], [ -77.1909, 34.8023 ], [ -77.1757, 34.7966 ], [ -77.176, 34.7922 ], [ -77.1708, 34.7901 ], [ -77.1752, 34.7874 ], [ -77.1702, 34.7851 ], [ -77.1721, 34.7804 ], [ -77.1624, 34.786 ], [ -77.1678, 34.791 ], [ -77.1644, 34.7905 ], [ -77.1615, 34.7952 ], [ -77.15, 34.7927 ], [ -77.1442, 34.7933 ], [ -77.1422, 34.797 ], [ -77.1312, 34.7982 ], [ -77.1235, 34.7926 ], [ -77.1162, 34.7939 ], [ -77.1074, 34.8031 ], [ -77.0907, 34.7993 ], [ -77.0897, 34.809 ], [ -77.0798, 34.81 ], [ -77.0678, 34.8213 ], [ -77.0519, 34.8195 ], [ -77.0548, 34.8243 ], [ -77.0473, 34.8364 ], [ -77.1089, 34.8308 ], [ -77.1031, 35.0178 ], [ -77.0988, 35.0269 ], [ -77.1078, 35.0376 ], [ -77.1091, 35.067 ], [ -77.1137, 35.0742 ], [ -77.1265, 35.0771 ], [ -77.1354, 35.0648 ], [ -77.1474, 35.0569 ], [ -77.1547, 35.0629 ], [ -77.1649, 35.0658 ], [ -77.1776, 35.0564 ], [ -77.1894, 35.0667 ], [ -77.191, 35.0765 ], [ -77.1877, 35.0811 ], [ -77.3295, 35.15 ], [ -77.4517, 35.2187 ], [ -77.4737, 35.229 ], [ -77.5257, 35.2428 ], [ -77.5073, 35.1671 ], [ -77.6014, 35.0714 ], [ -77.7303, 35.0076 ], [ -77.6801, 34.9711 ], [ -77.639, 34.9845 ], [ -77.5028, 34.9696 ], [ -77.3668, 34.9087 ], [ -77.3654, 34.9238 ], [ -77.3568, 34.9293 ], [ -77.3431, 34.9313 ], [ -77.338, 34.9362 ], [ -77.3286, 34.9384 ], [ -77.3163, 34.9323 ], [ -77.3088, 34.9376 ], [ -77.2944, 34.9304 ], [ -77.285, 34.9313 ], [ -77.2835, 34.9279 ], [ -77.2675, 34.9257 ], [ -77.2597, 34.9147 ], [ -77.2594, 34.9091 ], [ -77.251, 34.9098 ], [ -77.25, 34.901 ], [ -77.2375, 34.9001 ], [ -77.2394, 34.8946 ], [ -77.2323, 34.8912 ], [ -77.234, 34.8861 ], [ -77.222, 34.887 ], [ -77.2225, 34.8822 ], [ -77.2159, 34.8733 ], [ -77.2199, 34.871 ], [ -77.2192, 34.8677 ], [ -77.2099, 34.8588 ], [ -77.2122, 34.8531 ] ] ] } },
{ "type": "Feature", "properties": { "name": "Pitt County" }, "geometry": { "type": "Polygon", "coordinates": [ [ [ -77.4723, 35.801 ], [ -77.5022, 35.7731 ], [ -77.7009, 35.6523 ], [ -77.6902, 35.6502 ], [ -77.6836, 35.6442 ], [ -77.6804, 35.6391 ], [ -77.6828, 35.6333 ], [ -77.6774, 35.6259 ], [ -77.6617, 35.6188 ], [ -77.6272, 35.5845 ], [ -77.6216, 35.5826 ], [ -77.6101, 35.5674 ], [ -77.5922, 35.5638 ], [ -77.5712, 35.5489 ], [ -77.5576, 35.5318 ], [ -77.5417, 35.5328 ], [ -77.526, 35.5284 ], [ -77.5227, 35.5256 ], [ -77.5246, 35.5193 ], [ -77.5037, 35.5175 ], [ -77.5109, 35.5077 ], [ -77.507, 35.5049 ], [ -77.5112, 35.4963 ], [ -77.504, 35.4935 ], [ -77.4982, 35.4793 ], [ -77.4943, 35.4778 ], [ -77.4907, 35.4687 ], [ -77.4931, 35.4624 ], [ -77.4827, 35.4517 ], [ -77.4841, 35.4454 ], [ -77.4773, 35.4457 ], [ -77.4792, 35.4394 ], [ -77.4747, 35.4384 ], [ -77.4772, 35.433 ], [ -77.4707, 35.4219 ], [ -77.4706, 35.4092 ], [ -77.4614, 35.3981 ], [ -77.4498, 35.3906 ], [ -77.455, 35.3862 ], [ -77.4461, 35.381 ], [ -77.4482, 35.3715 ], [ -77.4404, 35.3668 ], [ -77.4336, 35.3685 ], [ -77.4314, 35.3666 ], [ -77.4266, 35.3588 ], [ -77.4274, 35.3502 ], [ -77.4065, 35.3524 ], [ -77.4021, 35.3487 ], [ -77.3926, 35.3471 ], [ -77.391, 35.34 ], [ -77.3836, 35.3354 ], [ -77.3655, 35.3337 ], [ -77.3527, 35.3276 ], [ -77.2943, 35.3791 ], [ -77.2794, 35.3757 ], [ -77.2694, 35.3693 ], [ -77.2684, 35.356 ], [ -77.2604, 35.3517 ], [ -77.2476, 35.3546 ], [ -77.2379, 35.3615 ], [ -77.2397, 35.3814 ], [ -77.2347, 35.391 ], [ -77.2271, 35.3932 ], [ -77.2271, 35.3999 ], [ -77.2201, 35.402 ], [ -77.2112, 35.3982 ], [ -77.2015, 35.3987 ], [ -77.1893, 35.4166 ], [ -77.1912, 35.435 ], [ -77.1814, 35.4407 ], [ -77.1808, 35.4551 ], [ -77.1738, 35.4566 ], [ -77.1738, 35.485 ], [ -77.1671, 35.4969 ], [ -77.1765, 35.5013 ], [ -77.1762, 35.5191 ], [ -77.1272, 35.554 ], [ -77.1133, 35.5497 ], [ -77.0856, 35.5519 ], [ -77.0896, 35.5597 ], [ -77.0866, 35.5629 ], [ -77.0906, 35.5693 ], [ -77.0973, 35.5646 ], [ -77.1013, 35.566 ], [ -77.1016, 35.5701 ], [ -77.1103, 35.5696 ], [ -77.1118, 35.5747 ], [ -77.1067, 35.5813 ], [ -77.1169, 35.5811 ], [ -77.1151, 35.5887 ], [ -77.1181, 35.5832 ], [ -77.1255, 35.5848 ], [ -77.1219, 35.592 ], [ -77.1247, 35.5968 ], [ -77.1269, 35.5972 ], [ -77.1271, 35.5941 ], [ -77.1286, 35.5939 ], [ -77.1389, 35.6022 ], [ -77.1428, 35.5989 ], [ -77.144, 35.6016 ], [ -77.1505, 35.6022 ], [ -77.1401, 35.6056 ], [ -77.1456, 35.6087 ], [ -77.1434, 35.6204 ], [ -77.1482, 35.6202 ], [ -77.1526, 35.6267 ], [ -77.1618, 35.6293 ], [ -77.1629, 35.6334 ], [ -77.1678, 35.6311 ], [ -77.174, 35.6356 ], [ -77.1747, 35.6588 ], [ -77.1807, 35.6655 ], [ -77.1775, 35.6694 ], [ -77.1681, 35.6704 ], [ -77.1724, 35.6775 ], [ -77.1695, 35.6785 ], [ -77.1699, 35.6846 ], [ -77.1733, 35.6871 ], [ -77.1797, 35.685 ], [ -77.181, 35.693 ], [ -77.1928, 35.6942 ], [ -77.1954, 35.6998 ], [ -77.1939, 35.7093 ], [ -77.1873, 35.7124 ], [ -77.185, 35.7205 ], [ -77.1706, 35.7166 ], [ -77.1749, 35.7266 ], [ -77.174, 35.7342 ], [ -77.1824, 35.7419 ], [ -77.1891, 35.7427 ], [ -77.1922, 35.747 ], [ -77.2024, 35.7464 ], [ -77.2014, 35.7521 ], [ -77.2153, 35.76 ], [ -77.2467, 35.7607 ], [ -77.2599, 35.7653 ], [ -77.2648, 35.7748 ], [ -77.2552, 35.7862 ], [ -77.3901, 35.8328 ], [ -77.3972, 35.8253 ], [ -77.4125, 35.8256 ], [ -77.4181, 35.8112 ], [ -77.4262, 35.805 ], [ -77.4449, 35.8081 ], [ -77.4531, 35.7988 ], [ -77.4723, 35.801 ] ] ] } },
{ "type": "Feature", "properties": { "name": "Craven County" }, "geometry": { "type": "Polygon", "coordinates": [ [ [ -76.9491, 35.0171 ], [ -76.9674, 35.0404 ], [ -76.9532, 35.0515 ], [ -76.9416, 35.0521 ], [ -76.9411, 35.0577 ], [ -76.9362, 35.0618 ], [ -76.9375, 35.0758 ], [ -76.9336, 35.0776 ], [ -76.9333, 35.0819 ], [ -76.938, 35.0851 ], [ -76.9359, 35.0971 ], [ -76.9402, 35.1031 ], [ -76.9328, 35.1056 ], [ -76.9376, 35.1146 ], [ -76.9371, 35.1151 ], [ -76.9341, 35.1152 ], [ -76.9315, 35.116 ], [ -76.9309, 35.1168 ], [ -76.9402, 35.1147 ], [ -76.9408, 35.1191 ], [ -76.947, 35.1214 ], [ -76.9487, 35.1234 ], [ -76.9482, 35.1234 ], [ -76.9481, 35.1246 ], [ -76.9484, 35.1249 ], [ -76.9481, 35.1252 ], [ -76.9482, 35.1255 ], [ -76.9484, 35.1257 ], [ -76.9486, 35.1237 ], [ -76.9556, 35.1254 ], [ -76.9751, 35.1332 ], [ -76.9849, 35.145 ], [ -76.9876, 35.1547 ], [ -76.9768, 35.1555 ], [ -76.9702, 35.1622 ], [ -76.9714, 35.1766 ], [ -76.9662, 35.1829 ], [ -76.9595, 35.2028 ], [ -76.9445, 35.2109 ], [ -76.9426, 35.2197 ], [ -76.9326, 35.2303 ], [ -76.9061, 35.2359 ], [ -76.8959, 35.2539 ], [ -76.9589, 35.301 ], [ -77.1891, 35.4184 ], [ -77.2015, 35.3987 ], [ -77.2112, 35.3982 ], [ -77.2201, 35.402 ], [ -77.2271, 35.3999 ], [ -77.2271, 35.3932 ], [ -77.2347, 35.391 ], [ -77.2397, 35.3814 ], [ -77.2379, 35.3615 ], [ -77.248, 35.3544 ], [ -77.2594, 35.3516 ], [ -77.2664, 35.3538 ], [ -77.2704, 35.3603 ], [ -77.2692, 35.3691 ], [ -77.2794, 35.3757 ], [ -77.2943, 35.3791 ], [ -77.3504, 35.3284 ], [ -77.3574, 35.3288 ], [ -77.3655, 35.3337 ], [ -77.3811, 35.3344 ], [ -77.3952, 35.3436 ], [ -77.4109, 35.338 ], [ -77.4105, 35.3319 ], [ -77.4142, 35.334 ], [ -77.4147, 35.3304 ], [ -77.4313, 35.3298 ], [ -77.4311, 35.3129 ], [ -77.4385, 35.3118 ], [ -77.4401, 35.3039 ], [ -77.449, 35.302 ], [ -77.4496, 35.2995 ], [ -77.4399, 35.2896 ], [ -77.4377, 35.277 ], [ -77.4262, 35.2624 ], [ -77.4261, 35.2576 ], [ -77.4335, 35.2497 ], [ -77.4643, 35.2392 ], [ -77.4656, 35.2346 ], [ -77.4737, 35.229 ], [ -77.3295, 35.15 ], [ -77.1877, 35.0811 ], [ -77.191, 35.0765 ], [ -77.1894, 35.0667 ], [ -77.1776, 35.0564 ], [ -77.1649, 35.0658 ], [ -77.1547, 35.0629 ], [ -77.1474, 35.0569 ], [ -77.1354, 35.0648 ], [ -77.1251, 35.0776 ], [ -77.1137, 35.0742 ], [ -77.1097, 35.0686 ], [ -77.1103, 35.0457 ], [ -77.1065, 35.0343 ], [ -77.0988, 35.0269 ], [ -77.1031, 35.0178 ], [ -77.1089, 34.8308 ], [ -77.0473, 34.8364 ], [ -77.0548, 34.8243 ], [ -77.0524, 34.819 ], [ -77.0673, 34.8216 ], [ -77.0783, 34.8113 ], [ -76.9544, 34.8091 ], [ -76.9548, 34.8245 ], [ -76.8822, 34.8367 ], [ -76.8832, 34.8449 ], [ -76.7718, 34.8467 ], [ -76.7664, 34.8488 ], [ -76.758, 34.8463 ], [ -76.693, 34.8692 ], [ -76.6863, 34.8954 ], [ -76.6627, 34.9119 ], [ -76.6526, 34.9376 ], [ -76.7116, 34.9818 ], [ -76.764, 34.9531 ], [ -76.78, 34.9503 ], [ -76.8203, 34.9525 ], [ -76.9077, 34.9874 ], [ -76.9491, 35.0171 ] ] ] } },
{ "type": "Feature", "properties": { "name": "Wake County" }, "geometry": { "type": "Polygon", "coordinates": [ [ [ -78.4602, 35.7057 ], [ -78.2545, 35.8179 ], [ -78.2548, 35.8281 ], [ -78.2698, 35.8449 ], [ -78.2785, 35.8678 ], [ -78.305, 35.891 ], [ -78.3072, 35.8967 ], [ -78.3179, 35.8945 ], [ -78.3279, 35.8966 ], [ -78.3359, 35.9059 ], [ -78.3507, 35.9099 ], [ -78.3533, 35.931 ], [ -78.3943, 35.9369 ], [ -78.4269, 35.975 ], [ -78.6829, 36.0741 ], [ -78.7194, 36.076 ], [ -78.7489, 36.0714 ], [ -78.7543, 36.0563 ], [ -78.7536, 36.0314 ], [ -78.7401, 36.0236 ], [ -78.7199, 36.0296 ], [ -78.7074, 36.0111 ], [ -78.6993, 36.0115 ], [ -78.717, 35.9612 ], [ -78.7417, 35.9339 ], [ -78.751, 35.932 ], [ -78.7592, 35.9184 ], [ -78.8048, 35.9276 ], [ -78.83, 35.867 ], [ -78.9061, 35.8681 ], [ -78.9094, 35.8429 ], [ -78.9309, 35.7944 ], [ -78.9363, 35.7719 ], [ -78.9951, 35.6101 ], [ -78.7089, 35.5195 ], [ -78.4684, 35.7072 ], [ -78.4639, 35.7082 ], [ -78.4602, 35.7057 ] ] ] } },
{ "type": "Feature", "properties": { "name": "Edgecombe County" }, "geometry": { "type": "Polygon", "coordinates": [ [ [ -77.68, 36.1524 ], [ -77.6984, 36.1527 ], [ -77.7035, 36.1452 ], [ -77.7086, 36.1118 ], [ -77.7425, 36.0603 ], [ -77.7708, 36.0089 ], [ -77.7779, 35.9833 ], [ -77.8278, 35.8684 ], [ -77.797, 35.8551 ], [ -77.7484, 35.827 ], [ -77.7511, 35.8121 ], [ -77.7194, 35.7339 ], [ -77.6771, 35.6895 ], [ -77.668, 35.6729 ], [ -77.5022, 35.7731 ], [ -77.4723, 35.801 ], [ -77.4531, 35.7988 ], [ -77.4449, 35.8081 ], [ -77.4262, 35.805 ], [ -77.4181, 35.8112 ], [ -77.4125, 35.8256 ], [ -77.3972, 35.8253 ], [ -77.3901, 35.8328 ], [ -77.3506, 35.8192 ], [ -77.3496, 35.8673 ], [ -77.3444, 35.8753 ], [ -77.3425, 35.9053 ], [ -77.4091, 35.9987 ], [ -77.4027, 36.0049 ], [ -77.4302, 36.0066 ], [ -77.446, 36.026 ], [ -77.4753, 36.0353 ], [ -77.5253, 36.0372 ], [ -77.5298, 36.0405 ], [ -77.5285, 36.0464 ], [ -77.5446, 36.0585 ], [ -77.5433, 36.0635 ], [ -77.5322, 36.0714 ], [ -77.5382, 36.0788 ], [ -77.5368, 36.0869 ], [ -77.544, 36.0943 ], [ -77.5564, 36.0991 ], [ -77.5644, 36.0957 ], [ -77.5809, 36.0983 ], [ -77.6095, 36.1102 ], [ -77.6266, 36.1114 ], [ -77.6322, 36.1147 ], [ -77.6375, 36.1266 ], [ -77.6498, 36.1355 ], [ -77.6674, 36.1349 ], [ -77.678, 36.1437 ], [ -77.68, 36.1524 ] ] ] } },
{ "type": "Feature", "properties": { "name": "Martin County" }, "geometry": { "type": "Polygon", "coordinates": [ [ [ -76.9858, 35.6589 ], [ -76.8473, 35.72 ], [ -76.8313, 35.7307 ], [ -76.8319, 35.7376 ], [ -76.8171, 35.7487 ], [ -76.8202, 35.7537 ], [ -76.8176, 35.7593 ], [ -76.8092, 35.763 ], [ -76.8033, 35.773 ], [ -76.8035, 35.7839 ], [ -76.7928, 35.7901 ], [ -76.7935, 35.7954 ], [ -76.8026, 35.8052 ], [ -76.7969, 35.8162 ], [ -76.7826, 35.8244 ], [ -76.7893, 35.8379 ], [ -76.7838, 35.8488 ], [ -76.7764, 35.8587 ], [ -76.7722, 35.8582 ], [ -76.7717, 35.861 ], [ -76.7606, 35.8649 ], [ -76.781, 35.8639 ], [ -76.8062, 35.8838 ], [ -76.8217, 35.887 ], [ -76.8302, 35.8859 ], [ -76.8365, 35.8787 ], [ -76.8316, 35.8581 ], [ -76.8339, 35.851 ], [ -76.859, 35.8258 ], [ -76.8814, 35.8117 ], [ -76.8969, 35.8136 ], [ -76.8929, 35.8185 ], [ -76.904, 35.824 ], [ -76.8943, 35.8307 ], [ -76.9037, 35.8383 ], [ -76.8974, 35.8498 ], [ -76.9006, 35.8573 ], [ -76.8933, 35.864 ], [ -76.9031, 35.8692 ], [ -76.9044, 35.8764 ], [ -76.9118, 35.882 ], [ -76.9178, 35.895 ], [ -76.9275, 35.8997 ], [ -76.941, 35.9011 ], [ -76.9582, 35.8839 ], [ -76.9688, 35.8825 ], [ -76.9804, 35.8726 ], [ -76.9872, 35.8767 ], [ -76.9902, 35.8668 ], [ -77.0049, 35.8584 ], [ -77.0156, 35.8624 ], [ -77.0361, 35.8578 ], [ -77.0447, 35.8621 ], [ -77.0402, 35.8686 ], [ -77.0456, 35.8746 ], [ -77.0395, 35.8748 ], [ -77.0312, 35.8814 ], [ -77.0375, 35.8908 ], [ -77.0298, 35.8933 ], [ -77.0222, 35.8912 ], [ -77.0257, 35.9034 ], [ -77.0306, 35.9052 ], [ -77.0268, 35.91 ], [ -77.0275, 35.9178 ], [ -77.032, 35.918 ], [ -77.0277, 35.9295 ], [ -77.0391, 35.931 ], [ -77.0437, 35.9431 ], [ -77.0549, 35.9448 ], [ -77.0596, 35.9388 ], [ -77.0701, 35.9439 ], [ -77.0672, 35.9366 ], [ -77.0738, 35.9344 ], [ -77.0811, 35.9374 ], [ -77.0817, 35.932 ], [ -77.0869, 35.932 ], [ -77.0931, 35.9246 ], [ -77.1035, 35.9331 ], [ -77.1107, 35.9275 ], [ -77.1153, 35.9291 ], [ -77.1247, 35.9264 ], [ -77.1314, 35.9407 ], [ -77.1411, 35.9339 ], [ -77.1633, 35.9377 ], [ -77.1715, 35.9292 ], [ -77.1857, 35.9307 ], [ -77.1969, 35.9375 ], [ -77.2022, 35.9477 ], [ -77.2009, 35.9509 ], [ -77.1944, 35.9497 ], [ -77.1992, 35.957 ], [ -77.1889, 35.9578 ], [ -77.1978, 35.9619 ], [ -77.191, 35.9606 ], [ -77.1965, 35.9661 ], [ -77.1908, 35.9735 ], [ -77.1959, 35.9797 ], [ -77.1927, 35.9851 ], [ -77.1965, 35.9925 ], [ -77.2049, 35.9934 ], [ -77.2105, 35.9906 ], [ -77.2132, 35.9925 ], [ -77.2062, 36.0047 ], [ -77.2075, 36.0079 ], [ -77.2165, 36.0147 ], [ -77.2314, 36.0159 ], [ -77.3205, 36.0563 ], [ -77.3276, 36.0714 ], [ -77.3315, 36.0716 ], [ -77.4091, 35.9987 ], [ -77.3425, 35.9053 ], [ -77.3444, 35.8753 ], [ -77.3496, 35.8673 ], [ -77.3506, 35.8192 ], [ -77.2552, 35.7862 ], [ -77.2648, 35.7748 ], [ -77.2599, 35.7653 ], [ -77.2467, 35.7607 ], [ -77.2153, 35.76 ], [ -77.2014, 35.7521 ], [ -77.2024, 35.7464 ], [ -77.1922, 35.747 ], [ -77.1891, 35.7427 ], [ -77.1789, 35.7396 ], [ -77.174, 35.7329 ], [ -77.1637, 35.7394 ], [ -77.1568, 35.7368 ], [ -77.0346, 35.679 ], [ -76.9858, 35.6589 ] ] ] } },
{ "type": "Feature", "properties": { "name": "Mitchell County" }, "geometry": { "type": "Polygon", "coordinates": [ [ [ -82.1483, 35.8227 ], [ -82.1207, 35.825 ], [ -82.117, 35.8329 ], [ -82.1017, 35.841 ], [ -82.0983, 35.8521 ], [ -82.0922, 35.8492 ], [ -82.0896, 35.851 ], [ -82.0747, 35.8483 ], [ -82.049, 35.8529 ], [ -82.0346, 35.8614 ], [ -82.0297, 35.8678 ], [ -82.0285, 35.8793 ], [ -82.0223, 35.885 ], [ -82.0077, 35.8828 ], [ -81.9998, 35.8741 ], [ -81.9919, 35.8759 ], [ -81.9898, 35.8801 ], [ -81.9802, 35.8847 ], [ -81.979, 35.9012 ], [ -81.9817, 35.9115 ], [ -82.0341, 35.9421 ], [ -82.0488, 35.9644 ], [ -82.0591, 35.991 ], [ -82.0554, 35.9991 ], [ -82.0488, 36.0018 ], [ -82.0491, 36.0081 ], [ -82.0441, 36.0061 ], [ -82.0392, 36.0077 ], [ -82.0719, 36.0697 ], [ -82.0694, 36.0759 ], [ -82.0769, 36.0851 ], [ -82.0758, 36.0957 ], [ -82.0811, 36.1031 ], [ -82.1057, 36.1077 ], [ -82.1159, 36.1044 ], [ -82.1298, 36.1042 ], [ -82.138, 36.1197 ], [ -82.137, 36.1291 ], [ -82.1488, 36.1498 ], [ -82.1657, 36.1449 ], [ -82.1728, 36.1466 ], [ -82.1774, 36.1423 ], [ -82.1839, 36.1441 ], [ -82.1876, 36.1509 ], [ -82.193, 36.1491 ], [ -82.202, 36.1565 ], [ -82.2137, 36.159 ], [ -82.2222, 36.1569 ], [ -82.2296, 36.1446 ], [ -82.2421, 36.1369 ], [ -82.2453, 36.1312 ], [ -82.2514, 36.132 ], [ -82.2546, 36.136 ], [ -82.2668, 36.1269 ], [ -82.2795, 36.1288 ], [ -82.29, 36.1356 ], [ -82.336, 36.1146 ], [ -82.3502, 36.1171 ], [ -82.3554, 36.1154 ], [ -82.3643, 36.1076 ], [ -82.3747, 36.1062 ], [ -82.3803, 36.0996 ], [ -82.4026, 36.0891 ], [ -82.4167, 36.0728 ], [ -82.4001, 36.0712 ], [ -82.4026, 36.0791 ], [ -82.3981, 36.0819 ], [ -82.3766, 36.0709 ], [ -82.3713, 36.0762 ], [ -82.3597, 36.0783 ], [ -82.352, 36.0845 ], [ -82.3453, 36.0765 ], [ -82.337, 36.055 ], [ -82.3382, 36.0301 ], [ -82.3124, 36.0261 ], [ -82.3123, 36.0376 ], [ -82.2997, 36.0457 ], [ -82.2987, 36.0394 ], [ -82.2909, 36.0294 ], [ -82.2681, 36.0166 ], [ -82.2729, 36.0108 ], [ -82.2735, 36.0031 ], [ -82.2627, 35.9998 ], [ -82.2514, 35.9889 ], [ -82.2492, 35.991 ], [ -82.254, 36.0053 ], [ -82.2521, 36.0087 ], [ -82.2372, 36.0047 ], [ -82.2376, 36.0094 ], [ -82.2335, 36.0135 ], [ -82.2142, 36.0171 ], [ -82.2056, 36.0141 ], [ -82.1976, 36.0151 ], [ -82.1936, 36.0011 ], [ -82.1964, 36.0005 ], [ -82.2004, 36.0061 ], [ -82.2042, 36.0039 ], [ -82.1974, 35.9922 ], [ -82.1917, 35.9906 ], [ -82.1913, 35.9703 ], [ -82.1941, 35.9674 ], [ -82.1859, 35.9601 ], [ -82.1873, 35.9581 ], [ -82.1928, 35.9595 ], [ -82.1977, 35.9522 ], [ -82.1842, 35.9424 ], [ -82.1835, 35.9376 ], [ -82.1697, 35.9286 ], [ -82.1666, 35.9345 ], [ -82.1604, 35.9304 ], [ -82.1548, 35.9336 ], [ -82.1452, 35.9314 ], [ -82.1527, 35.9285 ], [ -82.1502, 35.9244 ], [ -82.155, 35.9211 ], [ -82.1549, 35.9149 ], [ -82.1501, 35.9166 ], [ -82.1472, 35.9116 ], [ -82.1446, 35.9136 ], [ -82.1427, 35.9084 ], [ -82.1445, 35.904 ], [ -82.1469, 35.9062 ], [ -82.1447, 35.8965 ], [ -82.1499, 35.8912 ], [ -82.1465, 35.8891 ], [ -82.1448, 35.8803 ], [ -82.1463, 35.8636 ], [ -82.1412, 35.8579 ], [ -82.1427, 35.8488 ], [ -82.1386, 35.8459 ], [ -82.1413, 35.8419 ], [ -82.1438, 35.8439 ], [ -82.1501, 35.8417 ], [ -82.1436, 35.8269 ], [ -82.1483, 35.8227 ] ] ] } },
{ "type": "Feature", "properties": { "name": "Avery County" }, "geometry": { "type": "Polygon", "coordinates": [ [ [ -82.0341, 35.9421 ], [ -81.9817, 35.9115 ], [ -81.9722, 35.9149 ], [ -81.9543, 35.927 ], [ -81.9545, 35.932 ], [ -81.9627, 35.9382 ], [ -81.9629, 35.9418 ], [ -81.8999, 35.9999 ], [ -81.8814, 35.9929 ], [ -81.8778, 35.9891 ], [ -81.8775, 35.9812 ], [ -81.8705, 35.9765 ], [ -81.8445, 35.975 ], [ -81.8357, 35.9717 ], [ -81.8327, 35.9672 ], [ -81.8176, 35.9684 ], [ -81.8072, 35.962 ], [ -81.7357, 36.0676 ], [ -81.7411, 36.0719 ], [ -81.7543, 36.0731 ], [ -81.7585, 36.0773 ], [ -81.7608, 36.0898 ], [ -81.7741, 36.0987 ], [ -81.7857, 36.1005 ], [ -81.8115, 36.1115 ], [ -81.8292, 36.1688 ], [ -81.8357, 36.1685 ], [ -81.8567, 36.1936 ], [ -81.8854, 36.1895 ], [ -81.8882, 36.1964 ], [ -81.9037, 36.2079 ], [ -81.9091, 36.2163 ], [ -81.9074, 36.2234 ], [ -81.9112, 36.2295 ], [ -81.9083, 36.2391 ], [ -81.897, 36.2427 ], [ -81.9042, 36.2513 ], [ -81.8966, 36.2552 ], [ -81.8971, 36.2622 ], [ -81.8936, 36.2645 ], [ -81.9001, 36.2807 ], [ -81.9076, 36.2786 ], [ -81.9181, 36.2871 ], [ -82.0301, 36.1234 ], [ -82.0339, 36.1205 ], [ -82.0543, 36.1266 ], [ -82.0618, 36.1131 ], [ -82.0806, 36.1058 ], [ -82.0808, 36.1 ], [ -82.0758, 36.0957 ], [ -82.0769, 36.0851 ], [ -82.0694, 36.0759 ], [ -82.0719, 36.0697 ], [ -82.0392, 36.0077 ], [ -82.0441, 36.0061 ], [ -82.0491, 36.0081 ], [ -82.0488, 36.0018 ], [ -82.0554, 35.9991 ], [ -82.0591, 35.9876 ], [ -82.0488, 35.9644 ], [ -82.0341, 35.9421 ] ] ] } },
{ "type": "Feature", "properties": { "name": "Watauga County" }, "geometry": { "type": "Polygon", "coordinates": [ [ [ -81.4752, 36.2326 ], [ -81.4775, 36.2403 ], [ -81.4863, 36.2412 ], [ -81.5152, 36.2569 ], [ -81.5217, 36.2553 ], [ -81.5326, 36.2657 ], [ -81.5524, 36.2765 ], [ -81.5673, 36.2727 ], [ -81.59, 36.3037 ], [ -81.6382, 36.3496 ], [ -81.7287, 36.3913 ], [ -81.7346, 36.3794 ], [ -81.7261, 36.3689 ], [ -81.7221, 36.3521 ], [ -81.7058, 36.3432 ], [ -81.7074, 36.3352 ], [ -81.7182, 36.336 ], [ -81.7358, 36.3429 ], [ -81.7445, 36.3378 ], [ -81.7661, 36.3385 ], [ -81.778, 36.3463 ], [ -81.7875, 36.3487 ], [ -81.7953, 36.3578 ], [ -81.8008, 36.3581 ], [ -81.8129, 36.3511 ], [ -81.8332, 36.3473 ], [ -81.8573, 36.3348 ], [ -81.8793, 36.3139 ], [ -81.9081, 36.302 ], [ -81.9181, 36.2871 ], [ -81.9076, 36.2786 ], [ -81.9001, 36.2807 ], [ -81.8936, 36.2645 ], [ -81.8971, 36.2622 ], [ -81.8966, 36.2552 ], [ -81.9042, 36.2513 ], [ -81.897, 36.2427 ], [ -81.9084, 36.239 ], [ -81.9112, 36.2295 ], [ -81.9074, 36.2234 ], [ -81.9091, 36.2163 ], [ -81.9017, 36.206 ], [ -81.8882, 36.1964 ], [ -81.8854, 36.1895 ], [ -81.8568, 36.1937 ], [ -81.8357, 36.1685 ], [ -81.8294, 36.169 ], [ -81.8115, 36.1115 ], [ -81.675, 36.1226 ], [ -81.6607, 36.1184 ], [ -81.5455, 36.1175 ], [ -81.5004, 36.1425 ], [ -81.4558, 36.2004 ], [ -81.4618, 36.2061 ], [ -81.4653, 36.2266 ], [ -81.4752, 36.2326 ] ] ] } },
{ "type": "Feature", "properties": { "name": "Caldwell County" }, "geometry": { "type": "Polygon", "coordinates": [ [ [ -81.3714, 35.7659 ], [ -81.3539, 35.7689 ], [ -81.3556, 35.7803 ], [ -81.3475, 35.7926 ], [ -81.3339, 35.7963 ], [ -81.3315, 35.8007 ], [ -81.3381, 35.8124 ], [ -81.3361, 35.8148 ], [ -81.3401, 35.8161 ], [ -81.3375, 35.8183 ], [ -81.3398, 35.8239 ], [ -81.3425, 35.8224 ], [ -81.344, 35.8246 ], [ -81.3334, 35.8789 ], [ -81.3429, 35.9232 ], [ -81.3283, 35.9966 ], [ -81.345, 36.0256 ], [ -81.382, 36.0444 ], [ -81.3964, 36.0408 ], [ -81.3973, 36.0431 ], [ -81.3895, 36.0501 ], [ -81.4, 36.0626 ], [ -81.3978, 36.0664 ], [ -81.4033, 36.0659 ], [ -81.4074, 36.0719 ], [ -81.4173, 36.0709 ], [ -81.4244, 36.0779 ], [ -81.4448, 36.0721 ], [ -81.4474, 36.083 ], [ -81.454, 36.0905 ], [ -81.46, 36.091 ], [ -81.4678, 36.0855 ], [ -81.4778, 36.0928 ], [ -81.4771, 36.0968 ], [ -81.4935, 36.0975 ], [ -81.4957, 36.1006 ], [ -81.5165, 36.0975 ], [ -81.52, 36.1026 ], [ -81.5455, 36.1175 ], [ -81.6607, 36.1184 ], [ -81.675, 36.1226 ], [ -81.8105, 36.1115 ], [ -81.7857, 36.1005 ], [ -81.7741, 36.0987 ], [ -81.7608, 36.0898 ], [ -81.7585, 36.0773 ], [ -81.7543, 36.0731 ], [ -81.7411, 36.0719 ], [ -81.7357, 36.0676 ], [ -81.8091, 35.9588 ], [ -81.7962, 35.9488 ], [ -81.7775, 35.9474 ], [ -81.7767, 35.9416 ], [ -81.7798, 35.9387 ], [ -81.7755, 35.9339 ], [ -81.7762, 35.9271 ], [ -81.7694, 35.9291 ], [ -81.7629, 35.9257 ], [ -81.7587, 35.9285 ], [ -81.7525, 35.9244 ], [ -81.7457, 35.9164 ], [ -81.7446, 35.9087 ], [ -81.7351, 35.9028 ], [ -81.729, 35.8912 ], [ -81.7102, 35.8752 ], [ -81.6392, 35.8484 ], [ -81.6323, 35.8358 ], [ -81.6261, 35.8335 ], [ -81.63, 35.8304 ], [ -81.6104, 35.8196 ], [ -81.6008, 35.8251 ], [ -81.5546, 35.7771 ], [ -81.4464, 35.7853 ], [ -81.4415, 35.7739 ], [ -81.4237, 35.771 ], [ -81.4085, 35.7655 ], [ -81.3992, 35.7586 ], [ -81.3775, 35.7575 ], [ -81.3714, 35.7659 ] ] ] } },
{ "type": "Feature", "properties": { "name": "Ashe County" }, "geometry": { "type": "Polygon", "coordinates": [ [ [ -81.3532, 36.5461 ], [ -81.3533, 36.5747 ], [ -81.5201, 36.5805 ], [ -81.601, 36.5869 ], [ -81.6775, 36.5882 ], [ -81.6801, 36.5855 ], [ -81.677, 36.5707 ], [ -81.6902, 36.5687 ], [ -81.6925, 36.5657 ], [ -81.69, 36.5522 ], [ -81.7, 36.5368 ], [ -81.708, 36.5362 ], [ -81.7076, 36.5261 ], [ -81.6971, 36.5061 ], [ -81.7002, 36.4985 ], [ -81.6959, 36.4916 ], [ -81.6951, 36.4673 ], [ -81.7169, 36.4566 ], [ -81.7148, 36.4373 ], [ -81.7213, 36.4339 ], [ -81.7179, 36.4296 ], [ -81.7207, 36.4225 ], [ -81.7345, 36.4125 ], [ -81.7416, 36.4124 ], [ -81.7393, 36.3955 ], [ -81.7319, 36.3949 ], [ -81.6382, 36.3496 ], [ -81.59, 36.3037 ], [ -81.5673, 36.2727 ], [ -81.5524, 36.2765 ], [ -81.5326, 36.2657 ], [ -81.5217, 36.2553 ], [ -81.5152, 36.2569 ], [ -81.4863, 36.2412 ], [ -81.4775, 36.2403 ], [ -81.4646, 36.2569 ], [ -81.4555, 36.2612 ], [ -81.4432, 36.2597 ], [ -81.4302, 36.266 ], [ -81.429, 36.273 ], [ -81.4131, 36.2815 ], [ -81.4141, 36.2947 ], [ -81.3883, 36.2847 ], [ -81.3788, 36.2893 ], [ -81.3734, 36.2849 ], [ -81.3667, 36.2845 ], [ -81.3668, 36.3035 ], [ -81.3614, 36.3095 ], [ -81.3666, 36.3591 ], [ -81.362, 36.3647 ], [ -81.3432, 36.3713 ], [ -81.3349, 36.3692 ], [ -81.3224, 36.3735 ], [ -81.3191, 36.3677 ], [ -81.3065, 36.3644 ], [ -81.2916, 36.3647 ], [ -81.2818, 36.3545 ], [ -81.2593, 36.3563 ], [ -81.25, 36.3627 ], [ -81.2537, 36.3666 ], [ -81.2464, 36.3743 ], [ -81.2441, 36.3823 ], [ -81.2461, 36.3925 ], [ -81.266, 36.403 ], [ -81.2669, 36.4089 ], [ -81.2628, 36.408 ], [ -81.2666, 36.4153 ], [ -81.2626, 36.4183 ], [ -81.2638, 36.4289 ], [ -81.2721, 36.4468 ], [ -81.2871, 36.4618 ], [ -81.2964, 36.4646 ], [ -81.2991, 36.4743 ], [ -81.3046, 36.476 ], [ -81.3226, 36.4968 ], [ -81.3283, 36.5174 ], [ -81.3475, 36.5402 ], [ -81.3459, 36.5515 ], [ -81.3486, 36.5523 ], [ -81.3532, 36.5461 ] ] ] } },
{ "type": "Feature", "properties": { "name": "Wilkes County" }, "geometry": { "type": "Polygon", "coordinates": [ [ [ -81.4555, 36.2612 ], [ -81.4646, 36.2569 ], [ -81.4775, 36.2403 ], [ -81.4777, 36.2358 ], [ -81.4653, 36.2266 ], [ -81.4618, 36.2061 ], [ -81.4558, 36.2004 ], [ -81.5004, 36.1425 ], [ -81.5455, 36.1175 ], [ -81.52, 36.1026 ], [ -81.5165, 36.0975 ], [ -81.4957, 36.1006 ], [ -81.4935, 36.0975 ], [ -81.4771, 36.0968 ], [ -81.4778, 36.0928 ], [ -81.4678, 36.0855 ], [ -81.46, 36.091 ], [ -81.454, 36.0905 ], [ -81.4474, 36.083 ], [ -81.4448, 36.0721 ], [ -81.4244, 36.0779 ], [ -81.4173, 36.0709 ], [ -81.4074, 36.0719 ], [ -81.4033, 36.0659 ], [ -81.3978, 36.0664 ], [ -81.4, 36.0626 ], [ -81.3895, 36.0501 ], [ -81.3973, 36.0431 ], [ -81.3964, 36.0408 ], [ -81.382, 36.0444 ], [ -81.345, 36.0256 ], [ -81.3267, 35.9949 ], [ -81.3176, 35.9971 ], [ -81.3144, 36.0043 ], [ -81.3014, 36.0043 ], [ -81.2881, 36.0107 ], [ -81.2813, 36.0184 ], [ -81.2685, 36.025 ], [ -81.2499, 36.0273 ], [ -81.2444, 36.0248 ], [ -81.238, 36.0309 ], [ -81.2193, 36.0298 ], [ -81.2026, 36.0362 ], [ -81.1903, 36.0372 ], [ -81.1686, 36.0255 ], [ -81.1398, 36.0377 ], [ -81.1235, 36.0378 ], [ -81.1158, 36.0343 ], [ -81.1115, 36.0377 ], [ -81.1049, 36.0355 ], [ -81.0981, 36.0282 ], [ -81.0576, 36.0316 ], [ -81.0485, 36.0411 ], [ -80.9757, 36.0588 ], [ -80.8816, 36.0557 ], [ -80.8687, 36.3265 ], [ -80.8794, 36.3353 ], [ -80.8933, 36.3412 ], [ -80.906, 36.3615 ], [ -80.9166, 36.368 ], [ -80.9246, 36.3646 ], [ -80.9421, 36.3736 ], [ -80.9566, 36.3859 ], [ -80.9572, 36.3972 ], [ -80.9672, 36.402 ], [ -80.9713, 36.3956 ], [ -80.984, 36.3888 ], [ -80.9794, 36.3791 ], [ -80.9814, 36.3762 ], [ -80.9947, 36.3794 ], [ -81.0137, 36.3711 ], [ -81.0267, 36.3732 ], [ -81.0438, 36.3933 ], [ -81.0443, 36.4111 ], [ -81.0781, 36.4179 ], [ -81.0837, 36.433 ], [ -81.0918, 36.4359 ], [ -81.0951, 36.4408 ], [ -81.1284, 36.4259 ], [ -81.1326, 36.4155 ], [ -81.1382, 36.4125 ], [ -81.1426, 36.4192 ], [ -81.1477, 36.4192 ], [ -81.1489, 36.4251 ], [ -81.163, 36.4325 ], [ -81.1893, 36.3994 ], [ -81.2383, 36.3683 ], [ -81.2537, 36.3666 ], [ -81.25, 36.3627 ], [ -81.2593, 36.3563 ], [ -81.2818, 36.3545 ], [ -81.2916, 36.3647 ], [ -81.3065, 36.3644 ], [ -81.3191, 36.3677 ], [ -81.3224, 36.3735 ], [ -81.3349, 36.3692 ], [ -81.3432, 36.3713 ], [ -81.3516, 36.3667 ], [ -81.3592, 36.3667 ], [ -81.3666, 36.3591 ], [ -81.3614, 36.3095 ], [ -81.3668, 36.3035 ], [ -81.3667, 36.2845 ], [ -81.3734, 36.2849 ], [ -81.3788, 36.2893 ], [ -81.3883, 36.2847 ], [ -81.4141, 36.2947 ], [ -81.4131, 36.2815 ], [ -81.429, 36.273 ], [ -81.4302, 36.266 ], [ -81.4432, 36.2597 ], [ -81.4555, 36.2612 ] ] ] } },
{ "type": "Feature", "properties": { "name": "Alleghany County" }, "geometry": { "type": "Polygon", "coordinates": [ [ [ -80.9084, 36.5568 ], [ -80.9016, 36.5618 ], [ -81.0039, 36.5637 ], [ -81.1767, 36.5718 ], [ -81.3533, 36.5747 ], [ -81.3532, 36.5461 ], [ -81.3463, 36.552 ], [ -81.3475, 36.5402 ], [ -81.3283, 36.5174 ], [ -81.3226, 36.4968 ], [ -81.3046, 36.476 ], [ -81.2991, 36.4743 ], [ -81.2964, 36.4646 ], [ -81.2871, 36.4618 ], [ -81.2721, 36.4468 ], [ -81.2638, 36.4289 ], [ -81.2626, 36.4183 ], [ -81.2666, 36.4153 ], [ -81.2628, 36.408 ], [ -81.2669, 36.4089 ], [ -81.266, 36.403 ], [ -81.255, 36.3989 ], [ -81.2553, 36.3965 ], [ -81.2455, 36.3911 ], [ -81.2464, 36.3743 ], [ -81.2537, 36.3666 ], [ -81.2435, 36.3661 ], [ -81.2308, 36.375 ], [ -81.2202, 36.3776 ], [ -81.2126, 36.3856 ], [ -81.1893, 36.3994 ], [ -81.163, 36.4325 ], [ -81.1489, 36.4251 ], [ -81.1477, 36.4192 ], [ -81.1426, 36.4192 ], [ -81.1382, 36.4125 ], [ -81.1326, 36.4155 ], [ -81.1284, 36.4259 ], [ -81.0951, 36.4408 ], [ -81.0918, 36.4359 ], [ -81.0837, 36.433 ], [ -81.0781, 36.4179 ], [ -81.0443, 36.4111 ], [ -81.0438, 36.3933 ], [ -81.0267, 36.3732 ], [ -81.0137, 36.3711 ], [ -80.9947, 36.3794 ], [ -80.9814, 36.3762 ], [ -80.9794, 36.3791 ], [ -80.984, 36.3888 ], [ -80.9713, 36.3956 ], [ -80.9472, 36.4191 ], [ -80.9736, 36.4535 ], [ -80.9639, 36.4593 ], [ -80.9269, 36.5013 ], [ -80.9186, 36.5403 ], [ -80.9084, 36.5568 ] ] ] } },
{ "type": "Feature", "properties": { "name": "Surry County" }, "geometry": { "type": "Polygon", "coordinates": [ [ [ -80.4523, 36.2414 ], [ -80.4401, 36.5507 ], [ -80.7049, 36.5622 ], [ -80.8376, 36.5591 ], [ -80.9016, 36.5618 ], [ -80.9084, 36.5568 ], [ -80.9186, 36.5403 ], [ -80.9269, 36.5013 ], [ -80.9639, 36.4593 ], [ -80.9736, 36.4535 ], [ -80.9472, 36.4191 ], [ -80.9672, 36.402 ], [ -80.9552, 36.3946 ], [ -80.9558, 36.3847 ], [ -80.9303, 36.3667 ], [ -80.9228, 36.3645 ], [ -80.9166, 36.368 ], [ -80.906, 36.3615 ], [ -80.8933, 36.3412 ], [ -80.8794, 36.3353 ], [ -80.8687, 36.3265 ], [ -80.8732, 36.2363 ], [ -80.8491, 36.2409 ], [ -80.8087, 36.2543 ], [ -80.7961, 36.2482 ], [ -80.7784, 36.2569 ], [ -80.78, 36.2689 ], [ -80.7758, 36.274 ], [ -80.7687, 36.275 ], [ -80.7518, 36.2634 ], [ -80.7376, 36.2804 ], [ -80.7321, 36.2765 ], [ -80.7334, 36.2672 ], [ -80.7207, 36.2701 ], [ -80.7028, 36.266 ], [ -80.6846, 36.2688 ], [ -80.6787, 36.2642 ], [ -80.6732, 36.2522 ], [ -80.6551, 36.2521 ], [ -80.6479, 36.257 ], [ -80.6433, 36.2724 ], [ -80.6272, 36.2742 ], [ -80.6316, 36.2851 ], [ -80.6278, 36.2879 ], [ -80.5933, 36.2699 ], [ -80.573, 36.2802 ], [ -80.5471, 36.2853 ], [ -80.5367, 36.2793 ], [ -80.5374, 36.2627 ], [ -80.5342, 36.2585 ], [ -80.5052, 36.2599 ], [ -80.4837, 36.256 ], [ -80.4771, 36.2607 ], [ -80.471, 36.261 ], [ -80.4634, 36.2575 ], [ -80.4609, 36.2478 ], [ -80.4523, 36.2414 ] ] ] } },
{ "type": "Feature", "properties": { "name": "Yadkin County" }, "geometry": { "type": "Polygon", "coordinates": [ [ [ -80.8491, 36.2409 ], [ -80.8732, 36.2363 ], [ -80.8816, 36.0557 ], [ -80.4963, 36.0466 ], [ -80.5073, 36.0549 ], [ -80.5099, 36.0734 ], [ -80.5166, 36.0834 ], [ -80.5156, 36.0934 ], [ -80.5102, 36.098 ], [ -80.5075, 36.1075 ], [ -80.488, 36.1161 ], [ -80.4623, 36.1181 ], [ -80.454, 36.1225 ], [ -80.439, 36.1378 ], [ -80.4429, 36.1559 ], [ -80.4368, 36.1693 ], [ -80.4437, 36.1808 ], [ -80.4396, 36.1905 ], [ -80.4464, 36.2072 ], [ -80.4429, 36.213 ], [ -80.4322, 36.2163 ], [ -80.4375, 36.2299 ], [ -80.4602, 36.247 ], [ -80.4622, 36.2561 ], [ -80.4682, 36.2604 ], [ -80.4771, 36.2607 ], [ -80.4837, 36.256 ], [ -80.5052, 36.2599 ], [ -80.5347, 36.2588 ], [ -80.5374, 36.2627 ], [ -80.5367, 36.2793 ], [ -80.5471, 36.2853 ], [ -80.573, 36.2802 ], [ -80.5933, 36.2699 ], [ -80.6292, 36.2877 ], [ -80.6316, 36.2851 ], [ -80.6263, 36.2773 ], [ -80.6277, 36.2736 ], [ -80.643, 36.2727 ], [ -80.6489, 36.2558 ], [ -80.6551, 36.2521 ], [ -80.6682, 36.2509 ], [ -80.674, 36.2529 ], [ -80.6787, 36.2642 ], [ -80.6846, 36.2688 ], [ -80.7028, 36.266 ], [ -80.7207, 36.2701 ], [ -80.7334, 36.2672 ], [ -80.7323, 36.2771 ], [ -80.738, 36.2803 ], [ -80.7518, 36.2634 ], [ -80.7687, 36.275 ], [ -80.7758, 36.274 ], [ -80.78, 36.2689 ], [ -80.7784, 36.2569 ], [ -80.7961, 36.2482 ], [ -80.8087, 36.2543 ], [ -80.8491, 36.2409 ] ] ] } },
{ "type": "Feature", "properties": { "name": "Stokes County" }, "geometry": { "type": "Polygon", "coordinates": [ [ [ -80.4401, 36.5507 ], [ -80.4517, 36.2615 ], [ -80.0351, 36.2572 ], [ -80.0273, 36.5425 ], [ -80.2946, 36.5439 ], [ -80.4401, 36.5507 ] ] ] } },
{ "type": "Feature", "properties": { "name": "Forsyth County" }, "geometry": { "type": "Polygon", "coordinates": [ [ [ -80.0432, 36.0108 ], [ -80.0351, 36.2572 ], [ -80.4517, 36.2615 ], [ -80.4523, 36.2414 ], [ -80.4375, 36.2299 ], [ -80.4321, 36.2175 ], [ -80.4429, 36.213 ], [ -80.4464, 36.2072 ], [ -80.4396, 36.1905 ], [ -80.4437, 36.1808 ], [ -80.4368, 36.1693 ], [ -80.4429, 36.1559 ], [ -80.439, 36.1378 ], [ -80.454, 36.1225 ], [ -80.4623, 36.1181 ], [ -80.488, 36.1161 ], [ -80.5073, 36.1079 ], [ -80.5102, 36.098 ], [ -80.5156, 36.0934 ], [ -80.5167, 36.0841 ], [ -80.5095, 36.0722 ], [ -80.5073, 36.0549 ], [ -80.4928, 36.0438 ], [ -80.4877, 36.0431 ], [ -80.4747, 36.0504 ], [ -80.4723, 36.0608 ], [ -80.4626, 36.0621 ], [ -80.4559, 36.0475 ], [ -80.4424, 36.0311 ], [ -80.4181, 36.016 ], [ -80.4134, 36.0016 ], [ -80.4218, 35.9942 ], [ -80.4218, 35.988 ], [ -80.3943, 35.9728 ], [ -80.3303, 35.9966 ], [ -80.2138, 35.9967 ], [ -80.2137, 36.0268 ], [ -80.1494, 36.0268 ], [ -80.0432, 36.0108 ] ] ] } },
{ "type": "Feature", "properties": { "name": "Rockingham County" }, "geometry": { "type": "Polygon", "coordinates": [ [ [ -79.5108, 36.5409 ], [ -80.0273, 36.5425 ], [ -80.0351, 36.2572 ], [ -79.5321, 36.2461 ], [ -79.5195, 36.4672 ], [ -79.5108, 36.5409 ] ] ] } },
{ "type": "Feature", "properties": { "name": "Guilford County" }, "geometry": { "type": "Polygon", "coordinates": [ [ [ -80.0351, 36.2572 ], [ -80.0469, 35.9207 ], [ -79.5418, 35.8996 ], [ -79.5379, 36.1175 ], [ -79.5321, 36.2461 ], [ -80.0351, 36.2572 ] ] ] } },
{ "type": "Feature", "properties": { "name": "Alamance County" }, "geometry": { "type": "Polygon", "coordinates": [ [ [ -79.2493, 35.8758 ], [ -79.2582, 35.8918 ], [ -79.2569, 35.9014 ], [ -79.2684, 35.9095 ], [ -79.264, 35.9141 ], [ -79.2635, 35.9667 ], [ -79.2671, 35.967 ], [ -79.2668, 35.9738 ], [ -79.2634, 35.9737 ], [ -79.2608, 36.0401 ], [ -79.257, 36.2439 ], [ -79.5319, 36.25 ], [ -79.5379, 36.1175 ], [ -79.5424, 35.8433 ], [ -79.2373, 35.8441 ], [ -79.2369, 35.8506 ], [ -79.2504, 35.857 ], [ -79.2493, 35.8758 ] ] ] } },
{ "type": "Feature", "properties": { "name": "Caswell County" }, "geometry": { "type": "Polygon", "coordinates": [ [ [ -79.5195, 36.4672 ], [ -79.5319, 36.25 ], [ -79.1537, 36.2421 ], [ -79.1379, 36.5418 ], [ -79.5108, 36.5409 ], [ -79.5195, 36.4672 ] ] ] } },
{ "type": "Feature", "properties": { "name": "Person County" }, "geometry": { "type": "Polygon", "coordinates": [ [ [ -79.1379, 36.5418 ], [ -79.1537, 36.2421 ], [ -78.8021, 36.2361 ], [ -78.7962, 36.5418 ], [ -79.1379, 36.5418 ] ] ] } },
{ "type": "Feature", "properties": { "name": "Orange County" }, "geometry": { "type": "Polygon", "coordinates": [ [ [ -79.0163, 35.8632 ], [ -78.9506, 36.2393 ], [ -79.257, 36.2439 ], [ -79.2608, 36.0401 ], [ -79.2634, 35.9737 ], [ -79.2668, 35.9738 ], [ -79.2671, 35.967 ], [ -79.2635, 35.9667 ], [ -79.264, 35.9141 ], [ -79.2684, 35.9095 ], [ -79.2569, 35.9014 ], [ -79.2582, 35.8918 ], [ -79.2495, 35.8768 ], [ -79.082, 35.8608 ], [ -79.0163, 35.8632 ] ] ] } },
{ "type": "Feature", "properties": { "name": "Durham County" }, "geometry": { "type": "Polygon", "coordinates": [ [ [ -78.7417, 35.9339 ], [ -78.7134, 35.969 ], [ -78.6993, 36.0115 ], [ -78.7074, 36.0111 ], [ -78.7199, 36.0296 ], [ -78.7401, 36.0236 ], [ -78.7536, 36.0314 ], [ -78.7543, 36.0563 ], [ -78.7489, 36.0714 ], [ -78.7799, 36.0722 ], [ -78.7841, 36.0703 ], [ -78.7882, 36.0733 ], [ -78.7847, 36.0768 ], [ -78.7924, 36.0781 ], [ -78.7925, 36.0858 ], [ -78.7984, 36.0847 ], [ -78.8076, 36.0877 ], [ -78.8032, 36.0893 ], [ -78.8021, 36.2361 ], [ -78.9506, 36.2393 ], [ -79.0163, 35.8632 ], [ -78.9061, 35.8681 ], [ -78.83, 35.867 ], [ -78.8048, 35.9276 ], [ -78.7592, 35.9184 ], [ -78.751, 35.932 ], [ -78.7417, 35.9339 ] ] ] } },
{ "type": "Feature", "properties": { "name": "Granville County" }, "geometry": { "type": "Polygon", "coordinates": [ [ [ -78.5067, 36.1817 ], [ -78.5113, 36.2664 ], [ -78.5112, 36.4542 ], [ -78.5023, 36.4912 ], [ -78.5042, 36.4951 ], [ -78.4949, 36.5082 ], [ -78.4978, 36.5146 ], [ -78.4934, 36.5183 ], [ -78.4801, 36.5181 ], [ -78.4705, 36.5222 ], [ -78.4702, 36.5259 ], [ -78.4665, 36.5241 ], [ -78.4693, 36.5268 ], [ -78.4672, 36.5321 ], [ -78.4558, 36.5334 ], [ -78.4534, 36.5402 ], [ -78.4568, 36.5425 ], [ -78.7962, 36.5418 ], [ -78.8031, 36.0897 ], [ -78.8075, 36.0873 ], [ -78.7925, 36.0858 ], [ -78.7924, 36.0781 ], [ -78.7847, 36.0768 ], [ -78.788, 36.0723 ], [ -78.7826, 36.07 ], [ -78.7806, 36.0722 ], [ -78.7489, 36.0714 ], [ -78.7194, 36.076 ], [ -78.6829, 36.0741 ], [ -78.5465, 36.0218 ], [ -78.5448, 36.0808 ], [ -78.4964, 36.1752 ], [ -78.5067, 36.1817 ] ] ] } },
{ "type": "Feature", "properties": { "name": "Franklin County" }, "geometry": { "type": "Polygon", "coordinates": [ [ [ -78.1192, 36.2244 ], [ -78.1258, 36.2263 ], [ -78.1253, 36.2346 ], [ -78.1327, 36.2464 ], [ -78.1573, 36.2446 ], [ -78.1732, 36.2555 ], [ -78.1934, 36.2469 ], [ -78.1988, 36.2517 ], [ -78.2157, 36.2519 ], [ -78.2249, 36.2565 ], [ -78.307, 36.2662 ], [ -78.338, 36.2346 ], [ -78.378, 36.235 ], [ -78.4122, 36.1696 ], [ -78.4218, 36.1681 ], [ -78.4217, 36.1644 ], [ -78.4508, 36.1691 ], [ -78.4581, 36.1637 ], [ -78.4609, 36.1699 ], [ -78.4848, 36.1747 ], [ -78.4847, 36.1789 ], [ -78.4933, 36.1835 ], [ -78.5448, 36.0808 ], [ -78.5465, 36.0218 ], [ -78.4269, 35.975 ], [ -78.3943, 35.9369 ], [ -78.3533, 35.931 ], [ -78.3507, 35.9099 ], [ -78.3359, 35.9059 ], [ -78.3279, 35.8966 ], [ -78.3179, 35.8945 ], [ -78.3072, 35.8967 ], [ -78.305, 35.891 ], [ -78.2785, 35.8678 ], [ -78.2698, 35.8449 ], [ -78.2548, 35.8281 ], [ -78.2545, 35.8179 ], [ -78.172, 35.9566 ], [ -78.0065, 36.2026 ], [ -78.0161, 36.2078 ], [ -78.0215, 36.2051 ], [ -78.0303, 36.2145 ], [ -78.0312, 36.209 ], [ -78.0354, 36.207 ], [ -78.0375, 36.2108 ], [ -78.0451, 36.2123 ], [ -78.0445, 36.2155 ], [ -78.0579, 36.211 ], [ -78.071, 36.2167 ], [ -78.0771, 36.2116 ], [ -78.0831, 36.2127 ], [ -78.0849, 36.2094 ], [ -78.0917, 36.2077 ], [ -78.0941, 36.2104 ], [ -78.1084, 36.21 ], [ -78.1192, 36.2244 ] ] ] } },
{ "type": "Feature", "properties": { "name": "Vance County" }, "geometry": { "type": "Polygon", "coordinates": [ [ [ -78.4128, 36.1696 ], [ -78.378, 36.235 ], [ -78.338, 36.2346 ], [ -78.3148, 36.2562 ], [ -78.277, 36.3061 ], [ -78.3239, 36.5438 ], [ -78.4568, 36.5425 ], [ -78.4534, 36.5402 ], [ -78.4554, 36.534 ], [ -78.4672, 36.5322 ], [ -78.4693, 36.5265 ], [ -78.4664, 36.5241 ], [ -78.4702, 36.5259 ], [ -78.4705, 36.5222 ], [ -78.4803, 36.5181 ], [ -78.4934, 36.5183 ], [ -78.4976, 36.5148 ], [ -78.4949, 36.5082 ], [ -78.5042, 36.4951 ], [ -78.5023, 36.4912 ], [ -78.5112, 36.4542 ], [ -78.5083, 36.183 ], [ -78.496, 36.1752 ], [ -78.4927, 36.1838 ], [ -78.4847, 36.1789 ], [ -78.4848, 36.1747 ], [ -78.4609, 36.1699 ], [ -78.4581, 36.1637 ], [ -78.4508, 36.1691 ], [ -78.4247, 36.1637 ], [ -78.4215, 36.1646 ], [ -78.4218, 36.1681 ], [ -78.4128, 36.1696 ] ] ] } },
{ "type": "Feature", "properties": { "name": "Warren County" }, "geometry": { "type": "Polygon", "coordinates": [ [ [ -78.1202, 36.2243 ], [ -78.1143, 36.2163 ], [ -78.1107, 36.2162 ], [ -78.1084, 36.21 ], [ -78.0941, 36.2104 ], [ -78.0917, 36.2077 ], [ -78.0849, 36.2094 ], [ -78.0831, 36.2127 ], [ -78.0771, 36.2116 ], [ -78.071, 36.2167 ], [ -78.0579, 36.211 ], [ -78.0445, 36.2155 ], [ -78.0451, 36.2123 ], [ -78.0375, 36.2108 ], [ -78.0354, 36.207 ], [ -78.0312, 36.209 ], [ -78.0303, 36.2145 ], [ -78.0215, 36.2051 ], [ -78.0161, 36.2078 ], [ -78.0065, 36.2026 ], [ -77.9469, 36.2943 ], [ -77.9175, 36.3872 ], [ -77.9088, 36.496 ], [ -77.9001, 36.5176 ], [ -77.9015, 36.5447 ], [ -78.3239, 36.5438 ], [ -78.277, 36.3061 ], [ -78.307, 36.2662 ], [ -78.2249, 36.2565 ], [ -78.2157, 36.2519 ], [ -78.1988, 36.2517 ], [ -78.1934, 36.2469 ], [ -78.1732, 36.2555 ], [ -78.1573, 36.2446 ], [ -78.1327, 36.2464 ], [ -78.1253, 36.2346 ], [ -78.1258, 36.2263 ], [ -78.1202, 36.2243 ] ] ] } },
{ "type": "Feature", "properties": { "name": "Nash County" }, "geometry": { "type": "Polygon", "coordinates": [ [ [ -77.708, 36.113 ], [ -77.6979, 36.1531 ], [ -77.7048, 36.1511 ], [ -77.707, 36.1464 ], [ -77.7163, 36.1461 ], [ -77.7214, 36.1414 ], [ -77.7166, 36.1362 ], [ -77.7209, 36.1339 ], [ -77.7316, 36.1393 ], [ -77.7294, 36.149 ], [ -77.7322, 36.1472 ], [ -77.7371, 36.1536 ], [ -77.7416, 36.1552 ], [ -77.7461, 36.1531 ], [ -77.7503, 36.1574 ], [ -77.7573, 36.1488 ], [ -77.7724, 36.1468 ], [ -77.7742, 36.1425 ], [ -77.7989, 36.1444 ], [ -77.8044, 36.1497 ], [ -77.8079, 36.1382 ], [ -77.8219, 36.1448 ], [ -77.8483, 36.1451 ], [ -77.8614, 36.1491 ], [ -77.8791, 36.1431 ], [ -77.884, 36.1474 ], [ -77.8875, 36.1439 ], [ -77.8923, 36.1512 ], [ -77.9013, 36.1565 ], [ -77.9006, 36.1626 ], [ -77.9089, 36.1653 ], [ -77.9159, 36.1635 ], [ -77.923, 36.1667 ], [ -77.9213, 36.1868 ], [ -77.927, 36.1878 ], [ -77.9299, 36.1838 ], [ -77.9345, 36.1838 ], [ -77.9428, 36.1917 ], [ -77.9514, 36.1806 ], [ -77.9674, 36.1943 ], [ -77.9728, 36.1943 ], [ -77.9691, 36.1834 ], [ -77.9714, 36.1778 ], [ -77.9782, 36.1753 ], [ -77.9844, 36.1815 ], [ -77.9833, 36.1869 ], [ -77.9876, 36.1896 ], [ -77.9924, 36.1855 ], [ -77.9966, 36.1985 ], [ -78.0065, 36.2026 ], [ -78.172, 35.9566 ], [ -78.2566, 35.8138 ], [ -78.2513, 35.8108 ], [ -78.2492, 35.7946 ], [ -78.2449, 35.7913 ], [ -78.2508, 35.7733 ], [ -78.2383, 35.7672 ], [ -78.2329, 35.7514 ], [ -78.2267, 35.7505 ], [ -78.2191, 35.755 ], [ -78.2131, 35.7449 ], [ -78.2156, 35.736 ], [ -78.2094, 35.7307 ], [ -78.2038, 35.7277 ], [ -78.1948, 35.728 ], [ -78.1812, 35.7387 ], [ -78.1482, 35.7454 ], [ -78.0015, 35.8066 ], [ -77.9, 35.8429 ], [ -77.8729, 35.8601 ], [ -77.8446, 35.8374 ], [ -77.8278, 35.8684 ], [ -77.7807, 35.9768 ], [ -77.7708, 36.0089 ], [ -77.7425, 36.0603 ], [ -77.708, 36.113 ] ] ] } },
{ "type": "Feature", "properties": { "name": "Halifax County" }, "geometry": { "type": "Polygon", "coordinates": [ [ [ -77.699, 36.1532 ], [ -77.6915, 36.1508 ], [ -77.68, 36.1524 ], [ -77.678, 36.1437 ], [ -77.6674, 36.1349 ], [ -77.6498, 36.1355 ], [ -77.6375, 36.1266 ], [ -77.6322, 36.1147 ], [ -77.6266, 36.1114 ], [ -77.6095, 36.1102 ], [ -77.5809, 36.0983 ], [ -77.5644, 36.0957 ], [ -77.5564, 36.0991 ], [ -77.544, 36.0943 ], [ -77.5368, 36.0869 ], [ -77.5382, 36.0788 ], [ -77.5322, 36.0714 ], [ -77.5433, 36.0635 ], [ -77.5446, 36.0585 ], [ -77.5285, 36.0464 ], [ -77.5298, 36.0405 ], [ -77.5253, 36.0372 ], [ -77.4753, 36.0353 ], [ -77.446, 36.026 ], [ -77.4302, 36.0066 ], [ -77.4027, 36.0049 ], [ -77.3315, 36.0716 ], [ -77.3276, 36.0714 ], [ -77.3276, 36.0764 ], [ -77.32, 36.0787 ], [ -77.3132, 36.0892 ], [ -77.2931, 36.0912 ], [ -77.2822, 36.0973 ], [ -77.2689, 36.1 ], [ -77.2428, 36.0972 ], [ -77.2303, 36.105 ], [ -77.2326, 36.1102 ], [ -77.2515, 36.1151 ], [ -77.2507, 36.1177 ], [ -77.2397, 36.1203 ], [ -77.2543, 36.1225 ], [ -77.2508, 36.1346 ], [ -77.2656, 36.1398 ], [ -77.2673, 36.1505 ], [ -77.2634, 36.1589 ], [ -77.2758, 36.1571 ], [ -77.2858, 36.1689 ], [ -77.2961, 36.1666 ], [ -77.3117, 36.1705 ], [ -77.3103, 36.18 ], [ -77.3243, 36.1867 ], [ -77.3309, 36.1937 ], [ -77.3475, 36.1922 ], [ -77.3848, 36.2104 ], [ -77.3757, 36.2421 ], [ -77.3783, 36.2479 ], [ -77.4111, 36.2671 ], [ -77.4158, 36.2958 ], [ -77.4252, 36.3033 ], [ -77.4416, 36.3249 ], [ -77.468, 36.3237 ], [ -77.4992, 36.3107 ], [ -77.5479, 36.3063 ], [ -77.5581, 36.3092 ], [ -77.5721, 36.3186 ], [ -77.5851, 36.342 ], [ -77.5737, 36.3581 ], [ -77.5492, 36.3739 ], [ -77.546, 36.4002 ], [ -77.5497, 36.4098 ], [ -77.5546, 36.4171 ], [ -77.5625, 36.4214 ], [ -77.5738, 36.4252 ], [ -77.5875, 36.4255 ], [ -77.5969, 36.4357 ], [ -77.61, 36.4387 ], [ -77.6286, 36.4486 ], [ -77.6386, 36.4742 ], [ -77.647, 36.4825 ], [ -77.6624, 36.4828 ], [ -77.6808, 36.4791 ], [ -77.7133, 36.4856 ], [ -77.7247, 36.4854 ], [ -77.7484, 36.4776 ], [ -77.761, 36.4792 ], [ -77.8118, 36.5024 ], [ -77.8574, 36.5091 ], [ -77.8718, 36.5067 ], [ -77.9001, 36.5176 ], [ -77.9088, 36.496 ], [ -77.9175, 36.3872 ], [ -77.9469, 36.2943 ], [ -78.0063, 36.2016 ], [ -77.9966, 36.1985 ], [ -77.9924, 36.1855 ], [ -77.9876, 36.1896 ], [ -77.9833, 36.1869 ], [ -77.9844, 36.1815 ], [ -77.9782, 36.1753 ], [ -77.9714, 36.1778 ], [ -77.9691, 36.1834 ], [ -77.9728, 36.1943 ], [ -77.9674, 36.1943 ], [ -77.9514, 36.1806 ], [ -77.9428, 36.1917 ], [ -77.9345, 36.1838 ], [ -77.9299, 36.1838 ], [ -77.927, 36.1878 ], [ -77.9213, 36.1868 ], [ -77.923, 36.1667 ], [ -77.9159, 36.1635 ], [ -77.9089, 36.1653 ], [ -77.9006, 36.1626 ], [ -77.9013, 36.1565 ], [ -77.8923, 36.1512 ], [ -77.8875, 36.1439 ], [ -77.884, 36.1474 ], [ -77.8791, 36.1431 ], [ -77.8614, 36.1491 ], [ -77.8483, 36.1451 ], [ -77.8219, 36.1448 ], [ -77.8079, 36.1382 ], [ -77.8044, 36.1497 ], [ -77.7989, 36.1444 ], [ -77.7742, 36.1425 ], [ -77.7724, 36.1468 ], [ -77.7573, 36.1488 ], [ -77.7503, 36.1574 ], [ -77.7461, 36.1531 ], [ -77.7416, 36.1552 ], [ -77.7371, 36.1536 ], [ -77.7322, 36.1472 ], [ -77.7294, 36.149 ], [ -77.7316, 36.1393 ], [ -77.7209, 36.1339 ], [ -77.7165, 36.1368 ], [ -77.7214, 36.1416 ], [ -77.7157, 36.1466 ], [ -77.707, 36.1464 ], [ -77.7057, 36.1504 ], [ -77.699, 36.1532 ] ] ] } },
{ "type": "Feature", "properties": { "name": "Northampton County" }, "geometry": { "type": "Polygon", "coordinates": [ [ [ -77.205, 36.5446 ], [ -77.9015, 36.5447 ], [ -77.9001, 36.5176 ], [ -77.8718, 36.5067 ], [ -77.8574, 36.5091 ], [ -77.8118, 36.5024 ], [ -77.761, 36.4792 ], [ -77.7484, 36.4776 ], [ -77.7247, 36.4854 ], [ -77.7133, 36.4856 ], [ -77.6808, 36.4791 ], [ -77.6624, 36.4828 ], [ -77.647, 36.4825 ], [ -77.6386, 36.4742 ], [ -77.6286, 36.4486 ], [ -77.61, 36.4387 ], [ -77.5969, 36.4357 ], [ -77.5875, 36.4255 ], [ -77.5738, 36.4252 ], [ -77.5625, 36.4214 ], [ -77.5546, 36.4171 ], [ -77.5497, 36.4098 ], [ -77.546, 36.4002 ], [ -77.5492, 36.3739 ], [ -77.5737, 36.3581 ], [ -77.5851, 36.342 ], [ -77.5721, 36.3186 ], [ -77.5581, 36.3092 ], [ -77.5479, 36.3063 ], [ -77.4992, 36.3107 ], [ -77.468, 36.3237 ], [ -77.4416, 36.3249 ], [ -77.4252, 36.3033 ], [ -77.4158, 36.2958 ], [ -77.4111, 36.2671 ], [ -77.3783, 36.2479 ], [ -77.3757, 36.2421 ], [ -77.3848, 36.2104 ], [ -77.3475, 36.1922 ], [ -77.3309, 36.1937 ], [ -77.3243, 36.1867 ], [ -77.3103, 36.18 ], [ -77.3117, 36.1705 ], [ -77.2961, 36.1666 ], [ -77.2915, 36.1683 ], [ -77.2983, 36.1723 ], [ -77.2956, 36.1744 ], [ -77.2989, 36.1861 ], [ -77.2951, 36.1884 ], [ -77.2933, 36.1971 ], [ -77.2979, 36.2081 ], [ -77.2907, 36.2129 ], [ -77.27, 36.2132 ], [ -77.2543, 36.2186 ], [ -77.2286, 36.2144 ], [ -77.2087, 36.2466 ], [ -77.1314, 36.4378 ], [ -77.1368, 36.4562 ], [ -77.1263, 36.4643 ], [ -77.1202, 36.4737 ], [ -77.1149, 36.474 ], [ -77.1121, 36.4778 ], [ -77.1076, 36.476 ], [ -77.0993, 36.4793 ], [ -77.0919, 36.4719 ], [ -77.0851, 36.4756 ], [ -77.0832, 36.4725 ], [ -77.0798, 36.4789 ], [ -77.0764, 36.4807 ], [ -77.0741, 36.4783 ], [ -77.0749, 36.4811 ], [ -77.0708, 36.4796 ], [ -77.0707, 36.4837 ], [ -77.0663, 36.4832 ], [ -77.0698, 36.4946 ], [ -77.0663, 36.497 ], [ -77.0736, 36.4996 ], [ -77.0743, 36.4965 ], [ -77.0798, 36.4964 ], [ -77.0858, 36.5002 ], [ -77.0852, 36.5054 ], [ -77.0809, 36.5076 ], [ -77.0833, 36.5075 ], [ -77.0831, 36.5132 ], [ -77.0929, 36.5184 ], [ -77.0988, 36.5171 ], [ -77.1034, 36.5211 ], [ -77.103, 36.517 ], [ -77.1141, 36.5184 ], [ -77.1143, 36.5218 ], [ -77.1187, 36.5232 ], [ -77.1211, 36.5193 ], [ -77.1269, 36.5182 ], [ -77.1317, 36.5226 ], [ -77.149, 36.5252 ], [ -77.1526, 36.5295 ], [ -77.1486, 36.5342 ], [ -77.1534, 36.5381 ], [ -77.151, 36.5406 ], [ -77.1572, 36.5399 ], [ -77.1579, 36.543 ], [ -77.1604, 36.5419 ], [ -77.1697, 36.5473 ], [ -77.205, 36.5446 ] ] ] } },
{ "type": "Feature", "properties": { "name": "Bertie County" }, "geometry": { "type": "Polygon", "coordinates": [ [ [ -77.2532, 36.2186 ], [ -77.2641, 36.2172 ], [ -77.27, 36.2132 ], [ -77.2907, 36.2129 ], [ -77.2979, 36.2081 ], [ -77.2933, 36.1971 ], [ -77.2951, 36.1884 ], [ -77.2989, 36.1861 ], [ -77.2956, 36.1744 ], [ -77.2983, 36.1723 ], [ -77.2834, 36.1675 ], [ -77.2765, 36.1574 ], [ -77.2631, 36.1587 ], [ -77.2673, 36.1505 ], [ -77.2656, 36.1398 ], [ -77.2508, 36.1346 ], [ -77.2543, 36.1225 ], [ -77.2397, 36.1203 ], [ -77.2507, 36.1177 ], [ -77.2515, 36.1151 ], [ -77.2326, 36.1102 ], [ -77.2304, 36.1046 ], [ -77.2428, 36.0972 ], [ -77.2689, 36.1 ], [ -77.2822, 36.0973 ], [ -77.2931, 36.0912 ], [ -77.3132, 36.0892 ], [ -77.32, 36.0787 ], [ -77.3276, 36.0763 ], [ -77.3229, 36.0587 ], [ -77.2732, 36.0332 ], [ -77.2299, 36.0154 ], [ -77.2165, 36.0147 ], [ -77.2075, 36.0079 ], [ -77.2062, 36.0047 ], [ -77.2132, 35.9925 ], [ -77.2105, 35.9906 ], [ -77.2049, 35.9934 ], [ -77.1965, 35.9925 ], [ -77.1927, 35.9851 ], [ -77.1959, 35.9797 ], [ -77.1908, 35.9735 ], [ -77.1965, 35.9661 ], [ -77.191, 35.9606 ], [ -77.1978, 35.9619 ], [ -77.1889, 35.9578 ], [ -77.1992, 35.957 ], [ -77.1944, 35.9497 ], [ -77.2009, 35.9509 ], [ -77.2022, 35.9477 ], [ -77.1969, 35.9375 ], [ -77.1857, 35.9307 ], [ -77.1715, 35.9292 ], [ -77.1633, 35.9377 ], [ -77.1411, 35.9339 ], [ -77.1314, 35.9407 ], [ -77.1247, 35.9264 ], [ -77.1153, 35.9291 ], [ -77.1107, 35.9275 ], [ -77.1035, 35.9331 ], [ -77.0931, 35.9246 ], [ -77.0869, 35.932 ], [ -77.0817, 35.932 ], [ -77.0811, 35.9374 ], [ -77.0738, 35.9344 ], [ -77.0672, 35.9366 ], [ -77.0701, 35.9439 ], [ -77.0596, 35.9388 ], [ -77.0549, 35.9448 ], [ -77.0437, 35.9431 ], [ -77.0391, 35.931 ], [ -77.0277, 35.9295 ], [ -77.032, 35.918 ], [ -77.0275, 35.9178 ], [ -77.0268, 35.91 ], [ -77.0306, 35.9052 ], [ -77.0257, 35.9034 ], [ -77.0222, 35.8912 ], [ -77.0298, 35.8933 ], [ -77.0375, 35.8908 ], [ -77.0312, 35.8814 ], [ -77.0395, 35.8748 ], [ -77.0456, 35.8746 ], [ -77.0402, 35.8686 ], [ -77.0447, 35.8621 ], [ -77.0361, 35.8578 ], [ -77.0156, 35.8624 ], [ -77.0049, 35.8584 ], [ -76.9902, 35.8668 ], [ -76.9872, 35.8767 ], [ -76.9804, 35.8726 ], [ -76.9688, 35.8825 ], [ -76.9582, 35.8839 ], [ -76.941, 35.9011 ], [ -76.9275, 35.8997 ], [ -76.9178, 35.895 ], [ -76.9118, 35.882 ], [ -76.9044, 35.8764 ], [ -76.9031, 35.8692 ], [ -76.8933, 35.864 ], [ -76.9006, 35.8573 ], [ -76.8974, 35.8498 ], [ -76.9037, 35.8383 ], [ -76.8943, 35.8307 ], [ -76.904, 35.824 ], [ -76.8929, 35.8185 ], [ -76.8969, 35.8136 ], [ -76.8787, 35.8123 ], [ -76.859, 35.8258 ], [ -76.8339, 35.851 ], [ -76.8316, 35.8581 ], [ -76.8367, 35.8759 ], [ -76.8321, 35.8851 ], [ -76.8217, 35.887 ], [ -76.8062, 35.8838 ], [ -76.781, 35.8639 ], [ -76.7726, 35.8626 ], [ -76.755, 35.866 ], [ -76.7369, 35.8792 ], [ -76.7198, 35.9174 ], [ -76.7104, 35.9229 ], [ -76.7007, 35.9236 ], [ -76.6875, 35.9507 ], [ -76.6472, 35.9692 ], [ -76.6062, 35.9781 ], [ -76.6825, 36.0309 ], [ -76.7086, 36.0682 ], [ -76.7105, 36.0987 ], [ -76.7335, 36.1378 ], [ -76.7373, 36.1587 ], [ -76.733, 36.2126 ], [ -76.7278, 36.2211 ], [ -76.716, 36.2291 ], [ -76.7066, 36.2438 ], [ -76.9034, 36.243 ], [ -76.9714, 36.2381 ], [ -76.9857, 36.2421 ], [ -77.0084, 36.2391 ], [ -77.1831, 36.2428 ], [ -77.2087, 36.2466 ], [ -77.2286, 36.2144 ], [ -77.2441, 36.2151 ], [ -77.2532, 36.2186 ] ] ] } },
{ "type": "Feature", "properties": { "name": "Beaufort County" }, "geometry": { "type": "Polygon", "coordinates": [ [ [ -76.5914, 35.3604 ], [ -76.5187, 35.348 ], [ -76.5415, 35.3835 ], [ -76.5582, 35.403 ], [ -76.5616, 35.4234 ], [ -76.5849, 35.4506 ], [ -76.5791, 35.4851 ], [ -76.6003, 35.4964 ], [ -76.6047, 35.508 ], [ -76.6022, 35.5174 ], [ -76.5904, 35.5232 ], [ -76.5588, 35.5194 ], [ -76.4945, 35.5205 ], [ -76.48, 35.529 ], [ -76.4685, 35.5475 ], [ -76.4684, 35.5561 ], [ -76.4911, 35.5726 ], [ -76.5005, 35.5708 ], [ -76.5016, 35.5797 ], [ -76.506, 35.581 ], [ -76.5132, 35.5761 ], [ -76.5191, 35.5788 ], [ -76.5191, 35.5848 ], [ -76.5251, 35.5853 ], [ -76.5323, 35.5809 ], [ -76.5388, 35.5828 ], [ -76.5395, 35.5859 ], [ -76.5325, 35.5931 ], [ -76.5343, 35.5956 ], [ -76.5426, 35.5992 ], [ -76.5532, 35.5971 ], [ -76.5549, 35.6002 ], [ -76.5639, 35.6011 ], [ -76.5742, 35.6112 ], [ -76.5776, 35.6113 ], [ -76.5918, 35.6244 ], [ -76.6061, 35.6468 ], [ -76.6003, 35.664 ], [ -76.6019, 35.6699 ], [ -76.6375, 35.7052 ], [ -76.8446, 35.7057 ], [ -76.8473, 35.72 ], [ -76.9858, 35.6589 ], [ -77.0346, 35.679 ], [ -77.1568, 35.7368 ], [ -77.1637, 35.7394 ], [ -77.1721, 35.7362 ], [ -77.1749, 35.7266 ], [ -77.1706, 35.7166 ], [ -77.185, 35.7205 ], [ -77.1873, 35.7124 ], [ -77.1939, 35.7093 ], [ -77.1954, 35.7 ], [ -77.1928, 35.6942 ], [ -77.1809, 35.6929 ], [ -77.1797, 35.685 ], [ -77.1733, 35.6871 ], [ -77.1699, 35.6846 ], [ -77.1695, 35.6785 ], [ -77.1724, 35.6775 ], [ -77.1681, 35.6704 ], [ -77.1775, 35.6694 ], [ -77.1807, 35.6655 ], [ -77.1747, 35.6588 ], [ -77.174, 35.6356 ], [ -77.1678, 35.6311 ], [ -77.1629, 35.6334 ], [ -77.1618, 35.6293 ], [ -77.1526, 35.6267 ], [ -77.1482, 35.6202 ], [ -77.1434, 35.6204 ], [ -77.1456, 35.6087 ], [ -77.1401, 35.6056 ], [ -77.1506, 35.6023 ], [ -77.144, 35.6016 ], [ -77.1428, 35.5989 ], [ -77.1389, 35.6022 ], [ -77.1286, 35.5939 ], [ -77.1247, 35.5968 ], [ -77.1219, 35.592 ], [ -77.1255, 35.5848 ], [ -77.1181, 35.5832 ], [ -77.1182, 35.5867 ], [ -77.1143, 35.5885 ], [ -77.1173, 35.5815 ], [ -77.1097, 35.583 ], [ -77.1066, 35.5809 ], [ -77.1118, 35.5747 ], [ -77.1103, 35.5696 ], [ -77.1016, 35.5701 ], [ -77.1013, 35.566 ], [ -77.0973, 35.5646 ], [ -77.0904, 35.5692 ], [ -77.0866, 35.5629 ], [ -77.0896, 35.5605 ], [ -77.0887, 35.5547 ], [ -77.0847, 35.5527 ], [ -77.1133, 35.5497 ], [ -77.1272, 35.554 ], [ -77.1762, 35.5191 ], [ -77.1765, 35.5013 ], [ -77.1671, 35.4969 ], [ -77.1738, 35.485 ], [ -77.1738, 35.4566 ], [ -77.1808, 35.4551 ], [ -77.1814, 35.4407 ], [ -77.1912, 35.435 ], [ -77.1904, 35.419 ], [ -76.9589, 35.301 ], [ -76.8455, 35.2161 ], [ -76.6326, 35.2353 ], [ -76.6121, 35.2792 ], [ -76.6193, 35.3018 ], [ -76.6167, 35.3315 ], [ -76.6047, 35.338 ], [ -76.5914, 35.3604 ] ] ] } },
{ "type": "Feature", "properties": { "name": "Pamlico County" }, "geometry": { "type": "MultiPolygon", "coordinates": [ [ [ [ -76.756, 34.956 ], [ -76.5811, 35.0543 ], [ -76.5981, 35.074 ], [ -76.5879, 35.0954 ], [ -76.5694, 35.0983 ], [ -76.5694, 35.1075 ], [ -76.5613, 35.1077 ], [ -76.5433, 35.1426 ], [ -76.5484, 35.1423 ], [ -76.5361, 35.1506 ], [ -76.5398, 35.1548 ], [ -76.5469, 35.1477 ], [ -76.5689, 35.1658 ], [ -76.5648, 35.172 ], [ -76.5813, 35.174 ], [ -76.5866, 35.1539 ], [ -76.5666, 35.1588 ], [ -76.5706, 35.1545 ], [ -76.5625, 35.1509 ], [ -76.5727, 35.1523 ], [ -76.5746, 35.1368 ], [ -76.5597, 35.1388 ], [ -76.5579, 35.1361 ], [ -76.5763, 35.1349 ], [ -76.578, 35.1497 ], [ -76.5934, 35.1496 ], [ -76.6028, 35.1589 ], [ -76.6047, 35.1877 ], [ -76.6113, 35.1926 ], [ -76.5985, 35.1881 ], [ -76.5945, 35.2035 ], [ -76.5572, 35.1942 ], [ -76.5621, 35.201 ], [ -76.553, 35.2024 ], [ -76.5494, 35.19 ], [ -76.5447, 35.2001 ], [ -76.5359, 35.1971 ], [ -76.5359, 35.1852 ], [ -76.5265, 35.1842 ], [ -76.5275, 35.1995 ], [ -76.491, 35.2197 ], [ -76.5011, 35.2268 ], [ -76.4975, 35.2429 ], [ -76.4924, 35.2507 ], [ -76.4866, 35.2464 ], [ -76.4786, 35.2474 ], [ -76.4855, 35.2601 ], [ -76.5067, 35.2654 ], [ -76.4917, 35.262 ], [ -76.4794, 35.2691 ], [ -76.4672, 35.2621 ], [ -76.4756, 35.2717 ], [ -76.469, 35.2809 ], [ -76.4773, 35.2871 ], [ -76.4807, 35.276 ], [ -76.491, 35.2783 ], [ -76.492, 35.2726 ], [ -76.4958, 35.2791 ], [ -76.4986, 35.2749 ], [ -76.4999, 35.2769 ], [ -76.5068, 35.2748 ], [ -76.4927, 35.2916 ], [ -76.5026, 35.2971 ], [ -76.4966, 35.3072 ], [ -76.5017, 35.315 ], [ -76.4929, 35.3132 ], [ -76.4916, 35.3153 ], [ -76.5286, 35.3189 ], [ -76.5103, 35.3008 ], [ -76.518, 35.2953 ], [ -76.5269, 35.3063 ], [ -76.5331, 35.2894 ], [ -76.5278, 35.2825 ], [ -76.5404, 35.2938 ], [ -76.5319, 35.2983 ], [ -76.5333, 35.3081 ], [ -76.5471, 35.3009 ], [ -76.5519, 35.3068 ], [ -76.5348, 35.3147 ], [ -76.5485, 35.3219 ], [ -76.5526, 35.3121 ], [ -76.5657, 35.3234 ], [ -76.5742, 35.3201 ], [ -76.578, 35.3222 ], [ -76.5784, 35.3167 ], [ -76.5828, 35.3168 ], [ -76.5825, 35.3249 ], [ -76.5682, 35.3241 ], [ -76.5765, 35.3308 ], [ -76.6094, 35.3283 ], [ -76.6105, 35.3149 ], [ -76.5995, 35.3165 ], [ -76.5969, 35.3113 ], [ -76.6133, 35.3094 ], [ -76.6122, 35.2958 ], [ -76.6004, 35.3013 ], [ -76.5988, 35.2948 ], [ -76.5841, 35.297 ], [ -76.5823, 35.2933 ], [ -76.5714, 35.2925 ], [ -76.5693, 35.2887 ], [ -76.5785, 35.2864 ], [ -76.5864, 35.2947 ], [ -76.596, 35.2871 ], [ -76.6045, 35.2949 ], [ -76.6108, 35.2903 ], [ -76.601, 35.2727 ], [ -76.5986, 35.2755 ], [ -76.5778, 35.2704 ], [ -76.5947, 35.2709 ], [ -76.5893, 35.2595 ], [ -76.6002, 35.27 ], [ -76.5916, 35.245 ], [ -76.6011, 35.2699 ], [ -76.6098, 35.2783 ], [ -76.613, 35.2769 ], [ -76.6326, 35.2353 ], [ -76.8455, 35.2161 ], [ -76.8959, 35.2539 ], [ -76.9061, 35.2359 ], [ -76.9326, 35.2303 ], [ -76.9426, 35.2197 ], [ -76.9445, 35.2109 ], [ -76.9595, 35.2028 ], [ -76.9662, 35.1829 ], [ -76.9714, 35.1766 ], [ -76.9702, 35.1622 ], [ -76.9768, 35.1555 ], [ -76.9876, 35.1547 ], [ -76.9849, 35.1451 ], [ -76.9751, 35.1332 ], [ -76.9556, 35.1254 ], [ -76.9486, 35.1237 ], [ -76.9484, 35.1257 ], [ -76.947, 35.1214 ], [ -76.9408, 35.1191 ], [ -76.9402, 35.1147 ], [ -76.9309, 35.1168 ], [ -76.9376, 35.1146 ], [ -76.9328, 35.1056 ], [ -76.9402, 35.1031 ], [ -76.9359, 35.0971 ], [ -76.938, 35.0851 ], [ -76.9333, 35.0819 ], [ -76.9336, 35.0776 ], [ -76.9375, 35.0758 ], [ -76.9362, 35.0618 ], [ -76.9411, 35.0577 ], [ -76.9416, 35.0521 ], [ -76.9532, 35.0515 ], [ -76.9674, 35.0404 ], [ -76.9551, 35.0227 ], [ -76.9077, 34.9874 ], [ -76.8298, 34.9554 ], [ -76.8155, 34.9515 ], [ -76.78, 34.9503 ], [ -76.756, 34.956 ] ] ], [ [ [ -76.4928, 35.3083 ], [ -76.4831, 35.3074 ], [ -76.4839, 35.3126 ], [ -76.4928, 35.3083 ] ] ], [ [ [ -76.5545, 35.3229 ], [ -76.5593, 35.323 ], [ -76.5609, 35.3253 ], [ -76.5623, 35.3245 ], [ -76.5584, 35.3215 ], [ -76.5545, 35.3229 ] ] ], [ [ [ -76.5685, 35.3275 ], [ -76.5577, 35.3265 ], [ -76.5592, 35.323 ], [ -76.5481, 35.326 ], [ -76.5685, 35.3275 ] ] ] ] } },
{ "type": "Feature", "properties": { "name": "Carteret County" }, "geometry": { "type": "MultiPolygon", "coordinates": [ [ [ [ -77.1134, 34.6829 ], [ -77.0933, 34.6731 ], [ -77.0551, 34.681 ], [ -77.0623, 34.6908 ], [ -77.056, 34.6938 ], [ -77.0559, 34.6876 ], [ -77.0508, 34.6908 ], [ -77.048, 34.684 ], [ -77.0411, 34.6921 ], [ -77.0319, 34.6817 ], [ -76.9814, 34.7045 ], [ -76.9001, 34.7269 ], [ -76.8407, 34.7291 ], [ -76.7055, 34.7197 ], [ -76.6948, 34.7159 ], [ -76.6947, 34.7227 ], [ -76.7055, 34.7211 ], [ -76.7318, 34.7265 ], [ -76.7459, 34.7332 ], [ -76.7189, 34.7293 ], [ -76.7193, 34.7368 ], [ -76.7275, 34.7373 ], [ -76.7309, 34.7404 ], [ -76.7221, 34.7444 ], [ -76.7193, 34.7386 ], [ -76.7133, 34.7426 ], [ -76.716, 34.734 ], [ -76.7082, 34.7356 ], [ -76.7026, 34.7494 ], [ -76.7255, 34.7621 ], [ -76.748, 34.7487 ], [ -76.7512, 34.7522 ], [ -76.7521, 34.7485 ], [ -76.7635, 34.7503 ], [ -76.7628, 34.7549 ], [ -76.771, 34.7518 ], [ -76.7797, 34.7554 ], [ -76.7517, 34.7627 ], [ -76.7363, 34.7801 ], [ -76.6931, 34.7737 ], [ -76.6855, 34.8023 ], [ -76.6829, 34.7888 ], [ -76.6687, 34.7896 ], [ -76.6783, 34.7774 ], [ -76.6685, 34.7743 ], [ -76.6755, 34.7696 ], [ -76.6569, 34.749 ], [ -76.6579, 34.7382 ], [ -76.6711, 34.7332 ], [ -76.6585, 34.7237 ], [ -76.6699, 34.7188 ], [ -76.6163, 34.7078 ], [ -76.6272, 34.7196 ], [ -76.6218, 34.7282 ], [ -76.6293, 34.732 ], [ -76.6294, 34.7354 ], [ -76.622, 34.7377 ], [ -76.6296, 34.746 ], [ -76.6151, 34.7558 ], [ -76.6264, 34.7656 ], [ -76.6173, 34.7674 ], [ -76.6245, 34.7779 ], [ -76.6141, 34.7761 ], [ -76.6173, 34.7869 ], [ -76.6116, 34.7887 ], [ -76.6228, 34.7921 ], [ -76.6276, 34.7882 ], [ -76.6262, 34.7936 ], [ -76.6191, 34.7929 ], [ -76.628, 34.7984 ], [ -76.6209, 34.8007 ], [ -76.6232, 34.8181 ], [ -76.6371, 34.8202 ], [ -76.6264, 34.8244 ], [ -76.6269, 34.8327 ], [ -76.6308, 34.8375 ], [ -76.6243, 34.8341 ], [ -76.626, 34.8243 ], [ -76.6305, 34.8213 ], [ -76.6212, 34.8192 ], [ -76.6199, 34.8092 ], [ -76.6029, 34.8127 ], [ -76.611, 34.804 ], [ -76.6036, 34.7936 ], [ -76.6085, 34.7892 ], [ -76.5933, 34.7721 ], [ -76.5744, 34.7729 ], [ -76.5756, 34.7837 ], [ -76.5646, 34.7957 ], [ -76.5674, 34.8059 ], [ -76.5656, 34.8088 ], [ -76.5628, 34.8044 ], [ -76.5654, 34.8029 ], [ -76.5642, 34.7957 ], [ -76.5665, 34.7936 ], [ -76.5591, 34.7927 ], [ -76.5733, 34.7806 ], [ -76.5592, 34.7737 ], [ -76.5724, 34.7714 ], [ -76.5627, 34.7654 ], [ -76.572, 34.7616 ], [ -76.5754, 34.768 ], [ -76.5715, 34.7538 ], [ -76.5826, 34.7595 ], [ -76.5874, 34.755 ], [ -76.5815, 34.7435 ], [ -76.575, 34.7449 ], [ -76.5816, 34.7319 ], [ -76.5754, 34.7211 ], [ -76.5564, 34.7241 ], [ -76.5506, 34.7359 ], [ -76.5532, 34.726 ], [ -76.5449, 34.7209 ], [ -76.5243, 34.7212 ], [ -76.5254, 34.7327 ], [ -76.5158, 34.7191 ], [ -76.5065, 34.7257 ], [ -76.5124, 34.7319 ], [ -76.506, 34.7372 ], [ -76.5179, 34.7493 ], [ -76.5101, 34.7475 ], [ -76.516, 34.7568 ], [ -76.5253, 34.7576 ], [ -76.5252, 34.7616 ], [ -76.5108, 34.7591 ], [ -76.5119, 34.7675 ], [ -76.5021, 34.7587 ], [ -76.5001, 34.7659 ], [ -76.5166, 34.7715 ], [ -76.5157, 34.7772 ], [ -76.5145, 34.7728 ], [ -76.5034, 34.7723 ], [ -76.5079, 34.7862 ], [ -76.4966, 34.7861 ], [ -76.4997, 34.7977 ], [ -76.4936, 34.7918 ], [ -76.4795, 34.8067 ], [ -76.4695, 34.793 ], [ -76.4839, 34.7901 ], [ -76.4801, 34.7874 ], [ -76.4828, 34.7849 ], [ -76.4792, 34.784 ], [ -76.4804, 34.7799 ], [ -76.49, 34.7859 ], [ -76.4929, 34.7787 ], [ -76.4866, 34.765 ], [ -76.4839, 34.7712 ], [ -76.4798, 34.7637 ], [ -76.4746, 34.767 ], [ -76.4552, 34.7969 ], [ -76.4509, 34.82 ], [ -76.4265, 34.8373 ], [ -76.4169, 34.8341 ], [ -76.4141, 34.879 ], [ -76.4019, 34.8919 ], [ -76.3906, 34.8761 ], [ -76.3981, 34.8653 ], [ -76.394, 34.8575 ], [ -76.3868, 34.8557 ], [ -76.3676, 34.8743 ], [ -76.3476, 34.8734 ], [ -76.3313, 34.8837 ], [ -76.3135, 34.907 ], [ -76.3473, 34.9045 ], [ -76.3326, 34.9211 ], [ -76.3498, 34.9238 ], [ -76.3571, 34.917 ], [ -76.3603, 34.9288 ], [ -76.3279, 34.9372 ], [ -76.304, 34.9244 ], [ -76.2941, 34.9296 ], [ -76.3014, 34.9431 ], [ -76.2962, 34.9369 ], [ -76.2786, 34.9403 ], [ -76.2827, 34.9498 ], [ -76.2919, 34.9476 ], [ -76.2966, 34.9604 ], [ -76.2795, 34.9503 ], [ -76.2772, 34.9602 ], [ -76.2932, 34.9708 ], [ -76.3162, 35.0156 ], [ -76.3078, 35.0049 ], [ -76.2995, 35.0098 ], [ -76.2997, 35.0007 ], [ -76.2966, 35.01 ], [ -76.3361, 35.0262 ], [ -76.3184, 35.0028 ], [ -76.3555, 35.0222 ], [ -76.3212, 34.9765 ], [ -76.3163, 34.957 ], [ -76.3313, 34.9715 ], [ -76.3386, 34.9644 ], [ -76.3618, 34.9771 ], [ -76.3661, 34.9681 ], [ -76.3818, 34.9793 ], [ -76.37, 34.953 ], [ -76.3855, 34.96 ], [ -76.3817, 34.9336 ], [ -76.4071, 34.9368 ], [ -76.3968, 34.9436 ], [ -76.405, 34.9476 ], [ -76.403, 34.9641 ], [ -76.4143, 34.9477 ], [ -76.4224, 34.9511 ], [ -76.4471, 34.9392 ], [ -76.439, 34.9312 ], [ -76.442, 34.9136 ], [ -76.4374, 34.9036 ], [ -76.444, 34.9138 ], [ -76.4461, 34.9291 ], [ -76.4683, 34.943 ], [ -76.4534, 34.9536 ], [ -76.4706, 34.9635 ], [ -76.4611, 34.9625 ], [ -76.4592, 34.9698 ], [ -76.4335, 34.9632 ], [ -76.4348, 34.9797 ], [ -76.4219, 34.9784 ], [ -76.4246, 35.0014 ], [ -76.4329, 34.997 ], [ -76.4404, 35.0 ], [ -76.4374, 35.0257 ], [ -76.4215, 35.0262 ], [ -76.4367, 35.0379 ], [ -76.4354, 35.0585 ], [ -76.446, 35.0579 ], [ -76.4709, 35.0755 ], [ -76.4778, 35.0579 ], [ -76.4671, 35.0609 ], [ -76.4683, 35.0524 ], [ -76.4552, 35.0501 ], [ -76.471, 35.0427 ], [ -76.455, 35.0358 ], [ -76.4569, 35.0246 ], [ -76.4708, 35.0354 ], [ -76.4765, 35.032 ], [ -76.4836, 35.0434 ], [ -76.4976, 35.0085 ], [ -76.4908, 35.009 ], [ -76.4894, 34.9931 ], [ -76.4809, 34.9951 ], [ -76.4829, 34.9844 ], [ -76.4744, 34.9842 ], [ -76.4883, 34.9609 ], [ -76.5052, 34.9479 ], [ -76.4914, 34.9851 ], [ -76.5105, 34.9858 ], [ -76.5045, 34.9934 ], [ -76.52, 34.9964 ], [ -76.5095, 35.0036 ], [ -76.5362, 35.0021 ], [ -76.5811, 35.0543 ], [ -76.7116, 34.9818 ], [ -76.6526, 34.9376 ], [ -76.6627, 34.9119 ], [ -76.6863, 34.8954 ], [ -76.693, 34.8692 ], [ -76.758, 34.8463 ], [ -76.7664, 34.8488 ], [ -76.7718, 34.8467 ], [ -76.8832, 34.8449 ], [ -76.8822, 34.8367 ], [ -76.9548, 34.8245 ], [ -76.9544, 34.8091 ], [ -77.085, 34.8112 ], [ -77.0901, 34.8087 ], [ -77.0907, 34.7993 ], [ -77.1074, 34.8031 ], [ -77.1162, 34.7939 ], [ -77.1236, 34.7926 ], [ -77.1256, 34.7962 ], [ -77.1357, 34.798 ], [ -77.1422, 34.797 ], [ -77.1442, 34.7933 ], [ -77.1612, 34.7952 ], [ -77.1644, 34.7905 ], [ -77.1674, 34.7915 ], [ -77.162, 34.787 ], [ -77.166, 34.785 ], [ -77.1661, 34.7797 ], [ -77.1584, 34.7817 ], [ -77.1601, 34.7743 ], [ -77.154, 34.7768 ], [ -77.1506, 34.7712 ], [ -77.1584, 34.7695 ], [ -77.1579, 34.766 ], [ -77.149, 34.7685 ], [ -77.1434, 34.7658 ], [ -77.1417, 34.7597 ], [ -77.1357, 34.7646 ], [ -77.1257, 34.7567 ], [ -77.1218, 34.7315 ], [ -77.106, 34.7103 ], [ -77.1052, 34.6947 ], [ -77.1134, 34.6829 ] ] ], [ [ [ -76.5311, 34.5694 ], [ -76.5252, 34.5609 ], [ -76.525, 34.5695 ], [ -76.5311, 34.5694 ] ] ], [ [ [ -76.5409, 34.6426 ], [ -76.5312, 34.644 ], [ -76.5888, 34.6718 ], [ -76.6526, 34.6894 ], [ -76.6466, 34.6804 ], [ -76.565, 34.6557 ], [ -76.5308, 34.6302 ], [ -76.5409, 34.6426 ] ] ], [ [ [ -77.0882, 34.6703 ], [ -77.088, 34.6711 ], [ -77.0943, 34.6698 ], [ -77.0882, 34.6703 ] ] ], [ [ [ -76.7424, 34.7122 ], [ -76.7455, 34.7026 ], [ -76.7474, 34.7112 ], [ -76.7513, 34.7016 ], [ -76.7547, 34.7085 ], [ -76.7651, 34.6991 ], [ -76.8219, 34.7047 ], [ -76.8406, 34.6954 ], [ -77.0635, 34.6676 ], [ -77.0913, 34.6543 ], [ -77.0937, 34.6596 ], [ -77.0955, 34.648 ], [ -77.1008, 34.6467 ], [ -77.0976, 34.6535 ], [ -77.1039, 34.647 ], [ -77.098, 34.6408 ], [ -77.0002, 34.6677 ], [ -76.8462, 34.691 ], [ -76.6744, 34.6969 ], [ -76.6991, 34.7123 ], [ -76.7035, 34.7021 ], [ -76.697, 34.7014 ], [ -76.7028, 34.6994 ], [ -76.7334, 34.7008 ], [ -76.7359, 34.7093 ], [ -76.7372, 34.7018 ], [ -76.7424, 34.7122 ] ] ], [ [ [ -76.4873, 34.6838 ], [ -76.4839, 34.6889 ], [ -76.4838, 34.6896 ], [ -76.4873, 34.6838 ] ] ], [ [ [ -77.0106, 34.6876 ], [ -77.0125, 34.6857 ], [ -76.9931, 34.6945 ], [ -77.0106, 34.6876 ] ] ], [ [ [ -76.612, 34.6927 ], [ -76.606, 34.6901 ], [ -76.6055, 34.6947 ], [ -76.612, 34.6927 ] ] ], [ [ [ -76.5799, 34.711 ], [ -76.5853, 34.7026 ], [ -76.5794, 34.6983 ], [ -76.5253, 34.686 ], [ -76.5285, 34.6931 ], [ -76.5544, 34.6965 ], [ -76.5693, 34.7042 ], [ -76.5621, 34.7102 ], [ -76.5867, 34.7116 ], [ -76.5799, 34.711 ] ] ], [ [ [ -76.6605, 34.7075 ], [ -76.6424, 34.6991 ], [ -76.6379, 34.6994 ], [ -76.6614, 34.7091 ], [ -76.6789, 34.7111 ], [ -76.6605, 34.7075 ] ] ], [ [ [ -76.5474, 34.7109 ], [ -76.5467, 34.7018 ], [ -76.5201, 34.7044 ], [ -76.5474, 34.7109 ] ] ], [ [ [ -76.6335, 34.7083 ], [ -76.6445, 34.7101 ], [ -76.6411, 34.7077 ], [ -76.6335, 34.7083 ] ] ], [ [ [ -76.4988, 34.6743 ], [ -76.4939, 34.6671 ], [ -76.5341, 34.6097 ], [ -76.5503, 34.6148 ], [ -76.5531, 34.6363 ], [ -76.5559, 34.6192 ], [ -76.5334, 34.5844 ], [ -76.5245, 34.6152 ], [ -76.4925, 34.6649 ], [ -76.3475, 34.8265 ], [ -76.3452, 34.8356 ], [ -76.3643, 34.823 ], [ -76.3638, 34.8144 ], [ -76.372, 34.8109 ], [ -76.3716, 34.8065 ], [ -76.3898, 34.7916 ], [ -76.3909, 34.7856 ], [ -76.3959, 34.7798 ], [ -76.4009, 34.7785 ], [ -76.3983, 34.7766 ], [ -76.4053, 34.7713 ], [ -76.4022, 34.7772 ], [ -76.4057, 34.7835 ], [ -76.4087, 34.7835 ], [ -76.4048, 34.7737 ], [ -76.4133, 34.7704 ], [ -76.4068, 34.7666 ], [ -76.4176, 34.763 ], [ -76.4156, 34.7591 ], [ -76.421, 34.7515 ], [ -76.4242, 34.749 ], [ -76.426, 34.7496 ], [ -76.4284, 34.7432 ], [ -76.4326, 34.7487 ], [ -76.4344, 34.7387 ], [ -76.4496, 34.7206 ], [ -76.4556, 34.7209 ], [ -76.4506, 34.7216 ], [ -76.4473, 34.7276 ], [ -76.4588, 34.7234 ], [ -76.453, 34.7171 ], [ -76.4544, 34.7136 ], [ -76.456, 34.7175 ], [ -76.4607, 34.7182 ], [ -76.4629, 34.7051 ], [ -76.4695, 34.7087 ], [ -76.4722, 34.7061 ], [ -76.4664, 34.7011 ], [ -76.4778, 34.7007 ], [ -76.4694, 34.699 ], [ -76.4704, 34.6958 ], [ -76.4791, 34.7 ], [ -76.4835, 34.6971 ], [ -76.475, 34.6912 ], [ -76.4864, 34.691 ], [ -76.4833, 34.69 ], [ -76.4838, 34.6889 ], [ -76.4832, 34.688 ], [ -76.4834, 34.6847 ], [ -76.4861, 34.6834 ], [ -76.4844, 34.6791 ], [ -76.4988, 34.6743 ] ] ], [ [ [ -76.6601, 34.7092 ], [ -76.6465, 34.7104 ], [ -76.6705, 34.7126 ], [ -76.6601, 34.7092 ] ] ], [ [ [ -76.4677, 34.7096 ], [ -76.4651, 34.7091 ], [ -76.4661, 34.7134 ], [ -76.4677, 34.7096 ] ] ], [ [ [ -76.6008, 34.7087 ], [ -76.5963, 34.7142 ], [ -76.6021, 34.7111 ], [ -76.6008, 34.7087 ] ] ], [ [ [ -76.6897, 34.7173 ], [ -76.6792, 34.7065 ], [ -76.6825, 34.7209 ], [ -76.6782, 34.7166 ], [ -76.6818, 34.721 ], [ -76.6732, 34.7206 ], [ -76.6703, 34.7243 ], [ -76.6853, 34.7246 ], [ -76.6897, 34.7173 ] ] ], [ [ [ -76.7079, 34.7171 ], [ -76.7066, 34.7185 ], [ -76.715, 34.7166 ], [ -76.7079, 34.7171 ] ] ], [ [ [ -76.6984, 34.7235 ], [ -76.6971, 34.7276 ], [ -76.7014, 34.7267 ], [ -76.6984, 34.7235 ] ] ], [ [ [ -76.6098, 34.7309 ], [ -76.6138, 34.73 ], [ -76.6105, 34.7266 ], [ -76.6098, 34.7309 ] ] ], [ [ [ -76.5046, 34.7363 ], [ -76.5021, 34.7296 ], [ -76.499, 34.7324 ], [ -76.5046, 34.7363 ] ] ], [ [ [ -76.5084, 34.7402 ], [ -76.5014, 34.7384 ], [ -76.5029, 34.7447 ], [ -76.5084, 34.7402 ] ] ], [ [ [ -76.4365, 34.7417 ], [ -76.4354, 34.7402 ], [ -76.4351, 34.7433 ], [ -76.4365, 34.7417 ] ] ], [ [ [ -76.439, 34.7506 ], [ -76.4343, 34.7437 ], [ -76.4329, 34.7485 ], [ -76.439, 34.7506 ] ] ], [ [ [ -76.759, 34.7525 ], [ -76.7604, 34.7505 ], [ -76.7581, 34.7496 ], [ -76.759, 34.7525 ] ] ], [ [ [ -76.4299, 34.7515 ], [ -76.4367, 34.7591 ], [ -76.4399, 34.7588 ], [ -76.4382, 34.7542 ], [ -76.4299, 34.7515 ] ] ], [ [ [ -76.432, 34.7548 ], [ -76.4243, 34.7494 ], [ -76.4209, 34.7521 ], [ -76.4253, 34.7646 ], [ -76.4238, 34.7595 ], [ -76.432, 34.7548 ] ] ], [ [ [ -76.4305, 34.7585 ], [ -76.433, 34.7598 ], [ -76.4334, 34.7555 ], [ -76.4305, 34.7585 ] ] ], [ [ [ -76.4857, 34.7614 ], [ -76.4894, 34.7633 ], [ -76.487, 34.7544 ], [ -76.4857, 34.7614 ] ] ], [ [ [ -76.4389, 34.7604 ], [ -76.4328, 34.7608 ], [ -76.4355, 34.7619 ], [ -76.4389, 34.7604 ] ] ], [ [ [ -76.4264, 34.7605 ], [ -76.4262, 34.763 ], [ -76.432, 34.7653 ], [ -76.4264, 34.7605 ] ] ], [ [ [ -76.6777, 34.7663 ], [ -76.6751, 34.7651 ], [ -76.6779, 34.7721 ], [ -76.6777, 34.7663 ] ] ], [ [ [ -76.4, 34.7789 ], [ -76.3965, 34.7823 ], [ -76.3993, 34.7932 ], [ -76.399, 34.7801 ], [ -76.4035, 34.7837 ], [ -76.4, 34.7789 ] ] ], [ [ [ -76.3748, 34.8117 ], [ -76.371, 34.8145 ], [ -76.3706, 34.8172 ], [ -76.3748, 34.8117 ] ] ], [ [ [ -76.297, 34.8723 ], [ -76.3308, 34.8426 ], [ -76.2823, 34.8787 ], [ -76.2866, 34.8889 ], [ -76.297, 34.8723 ] ] ], [ [ [ -76.3677, 35.0317 ], [ -76.3591, 35.034 ], [ -76.3446, 35.0295 ], [ -76.3627, 35.0357 ], [ -76.3677, 35.0317 ] ] ], [ [ [ -76.4322, 35.0631 ], [ -76.4259, 35.0664 ], [ -76.4363, 35.0734 ], [ -76.4322, 35.0631 ] ] ], [ [ [ -76.0836, 35.0497 ], [ -76.0774, 35.0422 ], [ -76.0932, 35.0422 ], [ -76.0951, 35.028 ], [ -76.1126, 35.0157 ], [ -76.1182, 35.0223 ], [ -76.1208, 35.0062 ], [ -76.1481, 34.9931 ], [ -76.2771, 34.8844 ], [ -76.0404, 35.0618 ], [ -76.0514, 35.0705 ], [ -76.0517, 35.0654 ], [ -76.0697, 35.0704 ], [ -76.0743, 35.0615 ], [ -76.0686, 35.0562 ], [ -76.0785, 35.0634 ], [ -76.0849, 35.0571 ], [ -76.0754, 35.0536 ], [ -76.0836, 35.0497 ] ] ], [ [ [ -76.2574, 34.9788 ], [ -76.2691, 34.9827 ], [ -76.2648, 34.9776 ], [ -76.2574, 34.9788 ] ] ], [ [ [ -76.2521, 34.9868 ], [ -76.2544, 34.9783 ], [ -76.252, 34.9817 ], [ -76.2521, 34.9868 ] ] ], [ [ [ -76.257, 34.9861 ], [ -76.2437, 34.9981 ], [ -76.2574, 34.9985 ], [ -76.2513, 34.9978 ], [ -76.257, 34.9861 ] ] ], [ [ [ -76.2759, 35.0008 ], [ -76.2697, 35.004 ], [ -76.2842, 35.0077 ], [ -76.2719, 34.9859 ], [ -76.2759, 35.0008 ] ] ], [ [ [ -76.3007, 34.9992 ], [ -76.2981, 34.9954 ], [ -76.2963, 34.9974 ], [ -76.3007, 34.9992 ] ] ], [ [ [ -76.2898, 34.9964 ], [ -76.2845, 35.0001 ], [ -76.2844, 35.0078 ], [ -76.2873, 35.0071 ], [ -76.2898, 34.9964 ] ] ], [ [ [ -76.2947, 35.0039 ], [ -76.2941, 35.0026 ], [ -76.2889, 35.0079 ], [ -76.2947, 35.0039 ] ] ] ] } },
{ "type": "Feature", "properties": { "name": "Washington County" }, "geometry": { "type": "Polygon", "coordinates": [ [ [ -76.8446, 35.7057 ], [ -76.5456, 35.7051 ], [ -76.406, 35.6976 ], [ -76.4056, 35.7863 ], [ -76.3536, 35.8613 ], [ -76.3602, 35.8756 ], [ -76.3696, 35.8832 ], [ -76.38, 35.9147 ], [ -76.3676, 35.9301 ], [ -76.3652, 35.9453 ], [ -76.3588, 35.9519 ], [ -76.3925, 36.0002 ], [ -76.3968, 36.0264 ], [ -76.413, 36.0209 ], [ -76.4455, 35.9999 ], [ -76.5013, 35.9833 ], [ -76.5633, 35.9747 ], [ -76.6181, 35.9769 ], [ -76.67, 35.9604 ], [ -76.6902, 35.9476 ], [ -76.7014, 35.9228 ], [ -76.7104, 35.9229 ], [ -76.7198, 35.9174 ], [ -76.7309, 35.8885 ], [ -76.7431, 35.8727 ], [ -76.7786, 35.8569 ], [ -76.7893, 35.8379 ], [ -76.7826, 35.8244 ], [ -76.7969, 35.8162 ], [ -76.8026, 35.8052 ], [ -76.7935, 35.7954 ], [ -76.7928, 35.7901 ], [ -76.8035, 35.7839 ], [ -76.8035, 35.7727 ], [ -76.8092, 35.763 ], [ -76.8171, 35.7599 ], [ -76.8202, 35.754 ], [ -76.8178, 35.7476 ], [ -76.8252, 35.7449 ], [ -76.8259, 35.7402 ], [ -76.8326, 35.7367 ], [ -76.8313, 35.7307 ], [ -76.8473, 35.72 ], [ -76.8446, 35.7057 ] ] ] } },
{ "type": "Feature", "properties": { "name": "Gates County" }, "geometry": { "type": "Polygon", "coordinates": [ [ [ -76.5569, 36.3552 ], [ -76.4537, 36.3781 ], [ -76.4914, 36.4687 ], [ -76.4913, 36.5107 ], [ -76.542, 36.5507 ], [ -76.917, 36.5512 ], [ -76.9141, 36.5422 ], [ -76.9164, 36.5387 ], [ -76.9215, 36.5385 ], [ -76.92, 36.5323 ], [ -76.9247, 36.5299 ], [ -76.9162, 36.5308 ], [ -76.9031, 36.5191 ], [ -76.9099, 36.5057 ], [ -76.9204, 36.5044 ], [ -76.9258, 36.4876 ], [ -76.9352, 36.484 ], [ -76.9344, 36.4713 ], [ -76.9506, 36.4708 ], [ -76.9467, 36.4658 ], [ -76.9472, 36.4161 ], [ -76.9432, 36.4095 ], [ -76.93, 36.3999 ], [ -76.9079, 36.3907 ], [ -76.8936, 36.3901 ], [ -76.8828, 36.383 ], [ -76.8734, 36.3831 ], [ -76.8521, 36.3756 ], [ -76.8392, 36.3744 ], [ -76.8227, 36.3645 ], [ -76.7954, 36.3597 ], [ -76.7783, 36.362 ], [ -76.7686, 36.3538 ], [ -76.7602, 36.3517 ], [ -76.7365, 36.3248 ], [ -76.7133, 36.3056 ], [ -76.6966, 36.2962 ], [ -76.6833, 36.3015 ], [ -76.6752, 36.3014 ], [ -76.6723, 36.3038 ], [ -76.6759, 36.3063 ], [ -76.6723, 36.307 ], [ -76.6749, 36.309 ], [ -76.6699, 36.3154 ], [ -76.6543, 36.3142 ], [ -76.6546, 36.3107 ], [ -76.6516, 36.3106 ], [ -76.6497, 36.318 ], [ -76.6423, 36.3197 ], [ -76.6393, 36.3298 ], [ -76.5966, 36.3233 ], [ -76.5928, 36.3303 ], [ -76.586, 36.3336 ], [ -76.5708, 36.3343 ], [ -76.5569, 36.3552 ] ] ] } },
{ "type": "Feature", "properties": { "name": "Hertford County" }, "geometry": { "type": "Polygon", "coordinates": [ [ [ -76.9147, 36.5438 ], [ -77.1527, 36.5441 ], [ -77.1645, 36.5463 ], [ -77.1572, 36.5399 ], [ -77.151, 36.5406 ], [ -77.1534, 36.5381 ], [ -77.1486, 36.5342 ], [ -77.1526, 36.5295 ], [ -77.149, 36.5252 ], [ -77.1317, 36.5226 ], [ -77.1269, 36.5182 ], [ -77.1211, 36.5193 ], [ -77.1187, 36.5232 ], [ -77.1143, 36.5218 ], [ -77.1141, 36.5184 ], [ -77.103, 36.517 ], [ -77.1034, 36.5211 ], [ -77.0988, 36.5171 ], [ -77.0929, 36.5184 ], [ -77.0831, 36.5132 ], [ -77.0833, 36.5075 ], [ -77.0809, 36.5076 ], [ -77.0852, 36.5054 ], [ -77.0858, 36.5002 ], [ -77.0798, 36.4964 ], [ -77.0743, 36.4965 ], [ -77.0736, 36.4996 ], [ -77.0663, 36.497 ], [ -77.0698, 36.4946 ], [ -77.0663, 36.4832 ], [ -77.0707, 36.4837 ], [ -77.0708, 36.4796 ], [ -77.0749, 36.4811 ], [ -77.0741, 36.4783 ], [ -77.0764, 36.4807 ], [ -77.0798, 36.4789 ], [ -77.0832, 36.4725 ], [ -77.0851, 36.4756 ], [ -77.0919, 36.4719 ], [ -77.0993, 36.4793 ], [ -77.1076, 36.476 ], [ -77.1121, 36.4778 ], [ -77.1149, 36.474 ], [ -77.1202, 36.4737 ], [ -77.1263, 36.4643 ], [ -77.1368, 36.4562 ], [ -77.1314, 36.4378 ], [ -77.2087, 36.2466 ], [ -77.1831, 36.2428 ], [ -77.0084, 36.2391 ], [ -76.9857, 36.2421 ], [ -76.9714, 36.2381 ], [ -76.9034, 36.243 ], [ -76.7066, 36.2438 ], [ -76.6895, 36.271 ], [ -76.6966, 36.2962 ], [ -76.7133, 36.3056 ], [ -76.7365, 36.3248 ], [ -76.7602, 36.3517 ], [ -76.7686, 36.3538 ], [ -76.7795, 36.3625 ], [ -76.7954, 36.3597 ], [ -76.8214, 36.3641 ], [ -76.8392, 36.3744 ], [ -76.8521, 36.3756 ], [ -76.8734, 36.3831 ], [ -76.8828, 36.383 ], [ -76.8936, 36.3901 ], [ -76.9061, 36.3901 ], [ -76.9335, 36.4019 ], [ -76.9454, 36.4124 ], [ -76.9452, 36.4415 ], [ -76.949, 36.4573 ], [ -76.9467, 36.4658 ], [ -76.9506, 36.4708 ], [ -76.9344, 36.4713 ], [ -76.9352, 36.484 ], [ -76.9253, 36.4883 ], [ -76.92, 36.5049 ], [ -76.913, 36.5042 ], [ -76.9071, 36.5093 ], [ -76.904, 36.5214 ], [ -76.9162, 36.5308 ], [ -76.9226, 36.5288 ], [ -76.925, 36.5307 ], [ -76.92, 36.5323 ], [ -76.9216, 36.5382 ], [ -76.9164, 36.5387 ], [ -76.9147, 36.5438 ] ] ] } },
{ "type": "Feature", "properties": { "name": "Pasquotank County" }, "geometry": { "type": "Polygon", "coordinates": [ [ [ -76.4914, 36.4687 ], [ -76.4474, 36.3635 ], [ -76.4017, 36.3016 ], [ -76.3947, 36.2968 ], [ -76.392, 36.2875 ], [ -76.3812, 36.2759 ], [ -76.3758, 36.2741 ], [ -76.3779, 36.2693 ], [ -76.3749, 36.2587 ], [ -76.3475, 36.2498 ], [ -76.3406, 36.2414 ], [ -76.3322, 36.2444 ], [ -76.3172, 36.2402 ], [ -76.3147, 36.2328 ], [ -76.3072, 36.2303 ], [ -76.3037, 36.2217 ], [ -76.2902, 36.2234 ], [ -76.2899, 36.2182 ], [ -76.285, 36.2158 ], [ -76.2884, 36.2136 ], [ -76.287, 36.2105 ], [ -76.2793, 36.1985 ], [ -76.273, 36.1944 ], [ -76.2722, 36.186 ], [ -76.2399, 36.1634 ], [ -76.2242, 36.1398 ], [ -76.2106, 36.1277 ], [ -76.1836, 36.1143 ], [ -76.1584, 36.1281 ], [ -76.0613, 36.1461 ], [ -76.074, 36.1819 ], [ -76.0823, 36.1847 ], [ -76.0803, 36.1986 ], [ -76.1173, 36.2135 ], [ -76.1452, 36.2593 ], [ -76.1726, 36.2638 ], [ -76.1896, 36.2874 ], [ -76.2009, 36.2862 ], [ -76.2188, 36.298 ], [ -76.2138, 36.3041 ], [ -76.2009, 36.3057 ], [ -76.1996, 36.3173 ], [ -76.188, 36.3145 ], [ -76.1828, 36.3172 ], [ -76.1813, 36.322 ], [ -76.1922, 36.3281 ], [ -76.216, 36.3277 ], [ -76.2181, 36.3336 ], [ -76.2142, 36.3416 ], [ -76.2274, 36.3483 ], [ -76.2258, 36.3541 ], [ -76.2314, 36.3621 ], [ -76.2313, 36.3721 ], [ -76.2376, 36.372 ], [ -76.244, 36.3657 ], [ -76.2572, 36.3636 ], [ -76.2602, 36.367 ], [ -76.2565, 36.3737 ], [ -76.2589, 36.3843 ], [ -76.2737, 36.3882 ], [ -76.2795, 36.3863 ], [ -76.2851, 36.3889 ], [ -76.2874, 36.3848 ], [ -76.2915, 36.3866 ], [ -76.3018, 36.4005 ], [ -76.3105, 36.4019 ], [ -76.3104, 36.4062 ], [ -76.3231, 36.4172 ], [ -76.32, 36.4231 ], [ -76.3222, 36.4275 ], [ -76.3446, 36.4213 ], [ -76.3483, 36.4234 ], [ -76.3474, 36.4282 ], [ -76.3569, 36.4266 ], [ -76.3641, 36.4294 ], [ -76.3693, 36.4354 ], [ -76.3674, 36.4394 ], [ -76.3721, 36.4396 ], [ -76.3766, 36.4459 ], [ -76.3868, 36.4469 ], [ -76.3948, 36.4546 ], [ -76.407, 36.4542 ], [ -76.4227, 36.4644 ], [ -76.4373, 36.4679 ], [ -76.4913, 36.5107 ], [ -76.4914, 36.4687 ] ] ] } },
{ "type": "Feature", "properties": { "name": "Perquimans County" }, "geometry": { "type": "Polygon", "coordinates": [ [ [ -76.5743, 36.2566 ], [ -76.5873, 36.2488 ], [ -76.5901, 36.2389 ], [ -76.5731, 36.1118 ], [ -76.5598, 36.1011 ], [ -76.5475, 36.0992 ], [ -76.5391, 36.0946 ], [ -76.5175, 36.0974 ], [ -76.507, 36.0884 ], [ -76.4946, 36.0845 ], [ -76.4788, 36.0936 ], [ -76.473, 36.0898 ], [ -76.4626, 36.0886 ], [ -76.4551, 36.08 ], [ -76.4486, 36.08 ], [ -76.4456, 36.0759 ], [ -76.4063, 36.0746 ], [ -76.3973, 36.0815 ], [ -76.3468, 36.0891 ], [ -76.3246, 36.0852 ], [ -76.2755, 36.1111 ], [ -76.2162, 36.0965 ], [ -76.1836, 36.1143 ], [ -76.194, 36.1174 ], [ -76.2154, 36.1312 ], [ -76.2399, 36.1634 ], [ -76.2722, 36.186 ], [ -76.273, 36.1944 ], [ -76.2793, 36.1985 ], [ -76.287, 36.2105 ], [ -76.2884, 36.2136 ], [ -76.285, 36.2158 ], [ -76.2899, 36.2182 ], [ -76.2902, 36.2234 ], [ -76.3037, 36.2217 ], [ -76.3072, 36.2303 ], [ -76.3147, 36.2328 ], [ -76.3172, 36.2402 ], [ -76.3322, 36.2444 ], [ -76.3406, 36.2414 ], [ -76.3475, 36.2498 ], [ -76.3749, 36.2587 ], [ -76.3779, 36.2693 ], [ -76.3758, 36.2741 ], [ -76.3812, 36.2759 ], [ -76.392, 36.2875 ], [ -76.3947, 36.2968 ], [ -76.4017, 36.3016 ], [ -76.4474, 36.3635 ], [ -76.4537, 36.3781 ], [ -76.5569, 36.3552 ], [ -76.5612, 36.3449 ], [ -76.5618, 36.3223 ], [ -76.568, 36.3142 ], [ -76.5655, 36.2933 ], [ -76.5743, 36.2566 ] ] ] } },
{ "type": "Feature", "properties": { "name": "Chowan County" }, "geometry": { "type": "Polygon", "coordinates": [ [ [ -76.413, 36.0209 ], [ -76.3968, 36.0264 ], [ -76.4039, 36.074 ], [ -76.4456, 36.0759 ], [ -76.4486, 36.08 ], [ -76.4551, 36.08 ], [ -76.4626, 36.0886 ], [ -76.473, 36.0898 ], [ -76.4788, 36.0936 ], [ -76.4909, 36.085 ], [ -76.4998, 36.0855 ], [ -76.5175, 36.0974 ], [ -76.5391, 36.0946 ], [ -76.5475, 36.0992 ], [ -76.5598, 36.1011 ], [ -76.5727, 36.1105 ], [ -76.5901, 36.2389 ], [ -76.5872, 36.2489 ], [ -76.5726, 36.2579 ], [ -76.5655, 36.2936 ], [ -76.5688, 36.3097 ], [ -76.5618, 36.3223 ], [ -76.5597, 36.3511 ], [ -76.5708, 36.3343 ], [ -76.586, 36.3336 ], [ -76.5928, 36.3303 ], [ -76.5966, 36.3233 ], [ -76.6393, 36.3298 ], [ -76.6423, 36.3197 ], [ -76.6497, 36.318 ], [ -76.6516, 36.3106 ], [ -76.6546, 36.3107 ], [ -76.6543, 36.3142 ], [ -76.6699, 36.3154 ], [ -76.6749, 36.309 ], [ -76.6723, 36.307 ], [ -76.6759, 36.3063 ], [ -76.6723, 36.3038 ], [ -76.6752, 36.3014 ], [ -76.6833, 36.3015 ], [ -76.6966, 36.2962 ], [ -76.6895, 36.271 ], [ -76.716, 36.2291 ], [ -76.7311, 36.217 ], [ -76.7369, 36.1712 ], [ -76.7335, 36.1378 ], [ -76.7101, 36.0972 ], [ -76.7086, 36.0682 ], [ -76.6825, 36.0309 ], [ -76.6113, 35.9804 ], [ -76.5848, 35.9744 ], [ -76.545, 35.976 ], [ -76.4936, 35.9852 ], [ -76.4455, 35.9999 ], [ -76.413, 36.0209 ] ] ] } },
{ "type": "Feature", "properties": { "name": "Hyde County" }, "geometry": { "type": "MultiPolygon", "coordinates": [ [ [ [ -75.8917, 35.6538 ], [ -75.9013, 35.669 ], [ -76.0094, 35.6689 ], [ -76.0139, 35.6583 ], [ -76.0382, 35.6447 ], [ -76.0586, 35.6713 ], [ -76.0676, 35.6632 ], [ -76.0812, 35.6639 ], [ -76.0843, 35.6709 ], [ -76.096, 35.6625 ], [ -76.1069, 35.6743 ], [ -76.1205, 35.6752 ], [ -76.1222, 35.6907 ], [ -76.1323, 35.689 ], [ -76.1413, 35.7022 ], [ -76.1613, 35.6952 ], [ -76.1684, 35.6989 ], [ -76.1729, 35.6956 ], [ -76.167, 35.6912 ], [ -76.1748, 35.6912 ], [ -76.1765, 35.689 ], [ -76.1719, 35.682 ], [ -76.1755, 35.6786 ], [ -76.1696, 35.6723 ], [ -76.1757, 35.6724 ], [ -76.1759, 35.6648 ], [ -76.1816, 35.6665 ], [ -76.1778, 35.6549 ], [ -76.1843, 35.6486 ], [ -76.1934, 35.6456 ], [ -76.1942, 35.6358 ], [ -76.1988, 35.634 ], [ -76.1948, 35.6286 ], [ -76.1997, 35.6225 ], [ -76.1956, 35.6203 ], [ -76.1999, 35.619 ], [ -76.2023, 35.6095 ], [ -76.2064, 35.6113 ], [ -76.208, 35.6036 ], [ -76.2157, 35.598 ], [ -76.2255, 35.6018 ], [ -76.2296, 35.5997 ], [ -76.2467, 35.6025 ], [ -76.2523, 35.6061 ], [ -76.2654, 35.6033 ], [ -76.2701, 35.6081 ], [ -76.2858, 35.6045 ], [ -76.2979, 35.6089 ], [ -76.2693, 35.6908 ], [ -76.5456, 35.7051 ], [ -76.6375, 35.7052 ], [ -76.6019, 35.6699 ], [ -76.6003, 35.664 ], [ -76.6061, 35.6468 ], [ -76.5918, 35.6244 ], [ -76.5776, 35.6113 ], [ -76.5742, 35.6112 ], [ -76.5639, 35.6011 ], [ -76.5549, 35.6002 ], [ -76.5532, 35.5971 ], [ -76.5426, 35.5992 ], [ -76.5343, 35.5956 ], [ -76.5325, 35.5931 ], [ -76.5395, 35.5859 ], [ -76.5388, 35.5828 ], [ -76.5323, 35.5809 ], [ -76.5251, 35.5853 ], [ -76.5191, 35.5848 ], [ -76.5191, 35.5788 ], [ -76.5132, 35.5761 ], [ -76.506, 35.581 ], [ -76.5016, 35.5797 ], [ -76.5005, 35.5708 ], [ -76.4911, 35.5726 ], [ -76.4686, 35.5567 ], [ -76.4683, 35.5482 ], [ -76.4746, 35.5364 ], [ -76.4817, 35.5273 ], [ -76.4945, 35.5205 ], [ -76.5588, 35.5194 ], [ -76.5904, 35.5232 ], [ -76.6022, 35.5174 ], [ -76.6047, 35.508 ], [ -76.6003, 35.4964 ], [ -76.5791, 35.4851 ], [ -76.5849, 35.4506 ], [ -76.5616, 35.4234 ], [ -76.5586, 35.4037 ], [ -76.5479, 35.3908 ], [ -76.5166, 35.3937 ], [ -76.5064, 35.4018 ], [ -76.5171, 35.404 ], [ -76.516, 35.4075 ], [ -76.4983, 35.3992 ], [ -76.4999, 35.4079 ], [ -76.4901, 35.3984 ], [ -76.5048, 35.3907 ], [ -76.476, 35.3718 ], [ -76.469, 35.3722 ], [ -76.4702, 35.379 ], [ -76.4781, 35.3827 ], [ -76.474, 35.3885 ], [ -76.4823, 35.3881 ], [ -76.4769, 35.3972 ], [ -76.4881, 35.403 ], [ -76.4856, 35.41 ], [ -76.4667, 35.4002 ], [ -76.4675, 35.4064 ], [ -76.4601, 35.4043 ], [ -76.464, 35.4104 ], [ -76.4543, 35.4144 ], [ -76.4591, 35.4135 ], [ -76.4699, 35.4173 ], [ -76.4731, 35.4229 ], [ -76.4575, 35.415 ], [ -76.4616, 35.4243 ], [ -76.4554, 35.4312 ], [ -76.4551, 35.4215 ], [ -76.4441, 35.4225 ], [ -76.4507, 35.418 ], [ -76.4416, 35.4136 ], [ -76.4554, 35.4065 ], [ -76.455, 35.392 ], [ -76.4418, 35.3967 ], [ -76.4398, 35.389 ], [ -76.4358, 35.3882 ], [ -76.445, 35.4029 ], [ -76.4189, 35.4192 ], [ -76.4326, 35.4182 ], [ -76.4362, 35.4263 ], [ -76.4084, 35.4297 ], [ -76.4127, 35.4327 ], [ -76.4145, 35.4309 ], [ -76.424, 35.4332 ], [ -76.4172, 35.4342 ], [ -76.4244, 35.4453 ], [ -76.4361, 35.4378 ], [ -76.4223, 35.4573 ], [ -76.4425, 35.4582 ], [ -76.4293, 35.4594 ], [ -76.4316, 35.4651 ], [ -76.4125, 35.4507 ], [ -76.4035, 35.4646 ], [ -76.3855, 35.4553 ], [ -76.3792, 35.4458 ], [ -76.4004, 35.4579 ], [ -76.4069, 35.4517 ], [ -76.4029, 35.4467 ], [ -76.4167, 35.448 ], [ -76.3812, 35.4145 ], [ -76.3892, 35.4076 ], [ -76.3808, 35.4055 ], [ -76.3804, 35.3999 ], [ -76.3975, 35.4066 ], [ -76.3839, 35.3939 ], [ -76.3857, 35.3834 ], [ -76.3767, 35.3927 ], [ -76.3787, 35.3864 ], [ -76.3597, 35.3799 ], [ -76.3448, 35.3921 ], [ -76.3545, 35.3935 ], [ -76.3473, 35.3973 ], [ -76.3519, 35.4015 ], [ -76.3592, 35.4038 ], [ -76.3647, 35.4016 ], [ -76.3633, 35.4091 ], [ -76.3499, 35.4061 ], [ -76.3603, 35.4156 ], [ -76.3483, 35.4158 ], [ -76.3329, 35.3885 ], [ -76.3166, 35.3852 ], [ -76.312, 35.3918 ], [ -76.3121, 35.3817 ], [ -76.3231, 35.3812 ], [ -76.3214, 35.3699 ], [ -76.2779, 35.3683 ], [ -76.295, 35.3575 ], [ -76.3063, 35.3603 ], [ -76.3024, 35.3511 ], [ -76.2581, 35.3433 ], [ -76.2523, 35.3504 ], [ -76.2622, 35.3607 ], [ -76.2607, 35.3771 ], [ -76.2507, 35.3887 ], [ -76.254, 35.3713 ], [ -76.2328, 35.3603 ], [ -76.2215, 35.3396 ], [ -76.2104, 35.35 ], [ -76.2007, 35.3381 ], [ -76.1819, 35.3472 ], [ -76.1606, 35.3455 ], [ -76.1551, 35.3357 ], [ -76.1641, 35.3284 ], [ -76.1536, 35.3259 ], [ -76.1467, 35.329 ], [ -76.1501, 35.3374 ], [ -76.1357, 35.3436 ], [ -76.143, 35.3514 ], [ -76.1393, 35.3582 ], [ -76.1125, 35.3541 ], [ -76.0839, 35.3737 ], [ -76.0693, 35.37 ], [ -76.0604, 35.3827 ], [ -76.0762, 35.3816 ], [ -76.0852, 35.3915 ], [ -76.075, 35.4082 ], [ -76.0714, 35.4061 ], [ -76.0667, 35.413 ], [ -76.0699, 35.4202 ], [ -76.0533, 35.4209 ], [ -76.0674, 35.4304 ], [ -76.0601, 35.4363 ], [ -76.0361, 35.4262 ], [ -76.0277, 35.4305 ], [ -76.0341, 35.4186 ], [ -76.0221, 35.4118 ], [ -76.0136, 35.4282 ], [ -76.0204, 35.4413 ], [ -76.0002, 35.4563 ], [ -76.0002, 35.478 ], [ -75.9641, 35.4942 ], [ -75.9576, 35.5283 ], [ -75.913, 35.5456 ], [ -75.9012, 35.5718 ], [ -75.8689, 35.5792 ], [ -75.8801, 35.6071 ], [ -75.8766, 35.6273 ], [ -75.8918, 35.6434 ], [ -75.8917, 35.6538 ] ] ], [ [ [ -75.9622, 35.1139 ], [ -75.9831, 35.1204 ], [ -75.9899, 35.1148 ], [ -75.9822, 35.1131 ], [ -75.9884, 35.114 ], [ -75.9848, 35.0978 ], [ -76.0095, 35.0735 ], [ -76.007, 35.0652 ], [ -75.9678, 35.097 ], [ -75.9063, 35.1307 ], [ -75.7727, 35.1867 ], [ -75.7843, 35.1911 ], [ -75.8167, 35.1697 ], [ -75.8765, 35.1524 ], [ -75.9622, 35.1139 ] ] ], [ [ [ -76.3746, 35.3374 ], [ -76.3495, 35.3398 ], [ -76.3419, 35.3442 ], [ -76.3783, 35.3436 ], [ -76.3748, 35.3327 ], [ -76.3746, 35.3374 ] ] ], [ [ [ -76.3793, 35.3668 ], [ -76.4205, 35.3752 ], [ -76.4165, 35.3679 ], [ -76.423, 35.3672 ], [ -76.423, 35.3621 ], [ -76.413, 35.3678 ], [ -76.4137, 35.3614 ], [ -76.3987, 35.3615 ], [ -76.4014, 35.3482 ], [ -76.3793, 35.3668 ] ] ], [ [ [ -76.3456, 35.3644 ], [ -76.3556, 35.3616 ], [ -76.3508, 35.3732 ], [ -76.3574, 35.3806 ], [ -76.3655, 35.371 ], [ -76.3617, 35.3644 ], [ -76.3837, 35.361 ], [ -76.3651, 35.3584 ], [ -76.3572, 35.348 ], [ -76.3515, 35.354 ], [ -76.3538, 35.3522 ], [ -76.3566, 35.3548 ], [ -76.3508, 35.3558 ], [ -76.3435, 35.349 ], [ -76.3456, 35.3644 ] ] ], [ [ [ -76.3678, 35.3779 ], [ -76.3597, 35.3796 ], [ -76.3634, 35.3797 ], [ -76.3678, 35.3779 ] ] ], [ [ [ -76.2682, 35.3093 ], [ -76.2618, 35.3141 ], [ -76.2736, 35.3306 ], [ -76.2828, 35.3317 ], [ -76.2771, 35.3293 ], [ -76.2842, 35.315 ], [ -76.2682, 35.3093 ] ] ], [ [ [ -76.0678, 35.3975 ], [ -76.0675, 35.4009 ], [ -76.0744, 35.4035 ], [ -76.0678, 35.3975 ] ] ], [ [ [ -76.0648, 35.4131 ], [ -76.0606, 35.4136 ], [ -76.0665, 35.4182 ], [ -76.0648, 35.4131 ] ] ], [ [ [ -76.0518, 35.4205 ], [ -76.0578, 35.429 ], [ -76.0601, 35.4297 ], [ -76.0587, 35.426 ], [ -76.0518, 35.4205 ] ] ] ] } },
{ "type": "Feature", "properties": { "name": "Tyrrell County" }, "geometry": { "type": "MultiPolygon", "coordinates": [ [ [ [ -76.173, 35.6961 ], [ -76.1411, 35.7036 ], [ -76.1296, 35.6932 ], [ -76.119, 35.6976 ], [ -76.116, 35.6821 ], [ -76.1025, 35.685 ], [ -76.0951, 35.6747 ], [ -76.0643, 35.6817 ], [ -76.0421, 35.6744 ], [ -76.0433, 35.6982 ], [ -76.0594, 35.7026 ], [ -76.0611, 35.7166 ], [ -76.0486, 35.7368 ], [ -76.0583, 35.7674 ], [ -76.0787, 35.7562 ], [ -76.1004, 35.7725 ], [ -76.1198, 35.7733 ], [ -76.1265, 35.7927 ], [ -76.1036, 35.7998 ], [ -76.0822, 35.7692 ], [ -76.0699, 35.7671 ], [ -76.0621, 35.7827 ], [ -76.0654, 35.7659 ], [ -76.0608, 35.7689 ], [ -76.0559, 35.7678 ], [ -76.0503, 35.8013 ], [ -76.0648, 35.8295 ], [ -76.0639, 35.8531 ], [ -76.0462, 35.8702 ], [ -76.0447, 35.8876 ], [ -76.0277, 35.913 ], [ -76.014, 35.9231 ], [ -76.0212, 35.9314 ], [ -76.0297, 35.9249 ], [ -76.0413, 35.9308 ], [ -76.0661, 35.9065 ], [ -76.1107, 35.9481 ], [ -76.1273, 35.9457 ], [ -76.1079, 35.9507 ], [ -76.0677, 35.9225 ], [ -76.0531, 35.9294 ], [ -76.0676, 35.9381 ], [ -76.0614, 35.9582 ], [ -76.0313, 35.9424 ], [ -76.0169, 35.9462 ], [ -76.012, 35.9542 ], [ -76.0258, 35.9702 ], [ -76.0625, 35.9904 ], [ -76.1687, 35.9941 ], [ -76.2721, 35.9719 ], [ -76.3142, 35.9477 ], [ -76.2857, 35.937 ], [ -76.2766, 35.9219 ], [ -76.2608, 35.9252 ], [ -76.2543, 35.917 ], [ -76.2635, 35.9227 ], [ -76.284, 35.9179 ], [ -76.2895, 35.9286 ], [ -76.3132, 35.9251 ], [ -76.3147, 35.9345 ], [ -76.3497, 35.9421 ], [ -76.3692, 35.9294 ], [ -76.38, 35.9147 ], [ -76.3696, 35.8832 ], [ -76.3602, 35.8756 ], [ -76.3536, 35.8613 ], [ -76.4056, 35.7863 ], [ -76.406, 35.6976 ], [ -76.2693, 35.6908 ], [ -76.2979, 35.6089 ], [ -76.2858, 35.6045 ], [ -76.2701, 35.6081 ], [ -76.2654, 35.6033 ], [ -76.2523, 35.6061 ], [ -76.2467, 35.6025 ], [ -76.2296, 35.5997 ], [ -76.2255, 35.6018 ], [ -76.2157, 35.598 ], [ -76.208, 35.6036 ], [ -76.2064, 35.6113 ], [ -76.2023, 35.6095 ], [ -76.1999, 35.619 ], [ -76.1956, 35.6203 ], [ -76.1997, 35.6225 ], [ -76.1948, 35.6286 ], [ -76.1988, 35.634 ], [ -76.1942, 35.6358 ], [ -76.1934, 35.6456 ], [ -76.1843, 35.6486 ], [ -76.1778, 35.6549 ], [ -76.1816, 35.6665 ], [ -76.1759, 35.6648 ], [ -76.1757, 35.6724 ], [ -76.1696, 35.6723 ], [ -76.1755, 35.6786 ], [ -76.1719, 35.682 ], [ -76.1765, 35.689 ], [ -76.1748, 35.6912 ], [ -76.167, 35.6912 ], [ -76.173, 35.6961 ] ] ], [ [ [ -76.0527, 35.9495 ], [ -76.0556, 35.9466 ], [ -76.0506, 35.9458 ], [ -76.0527, 35.9495 ] ] ] ] } },
{ "type": "Feature", "properties": { "name": "Currituck County" }, "geometry": { "type": "Polygon", "coordinates": [ [ [ -75.7721, 36.2318 ], [ -75.7857, 36.2623 ], [ -75.8192, 36.3605 ], [ -75.8657, 36.5505 ], [ -76.3133, 36.5505 ], [ -76.1585, 36.4254 ], [ -76.1575, 36.3982 ], [ -76.1476, 36.3945 ], [ -76.1221, 36.3713 ], [ -76.1144, 36.3576 ], [ -76.0932, 36.3507 ], [ -76.0864, 36.3497 ], [ -76.0849, 36.3521 ], [ -76.0739, 36.3461 ], [ -76.0719, 36.35 ], [ -76.0637, 36.3475 ], [ -76.0647, 36.3513 ], [ -76.0592, 36.352 ], [ -76.0536, 36.3602 ], [ -76.0493, 36.3564 ], [ -76.046, 36.3583 ], [ -76.0371, 36.3554 ], [ -76.0284, 36.3482 ], [ -76.0287, 36.3441 ], [ -76.0334, 36.3413 ], [ -76.0317, 36.3386 ], [ -76.0255, 36.3406 ], [ -76.0228, 36.3452 ], [ -76.0168, 36.3445 ], [ -76.0204, 36.3328 ], [ -76.0164, 36.3273 ], [ -76.0079, 36.3286 ], [ -76.0024, 36.3242 ], [ -75.9996, 36.3112 ], [ -75.9925, 36.3084 ], [ -75.9758, 36.3103 ], [ -75.971, 36.3083 ], [ -75.9666, 36.2896 ], [ -75.9615, 36.2874 ], [ -75.9551, 36.2893 ], [ -75.9483, 36.2849 ], [ -75.9491, 36.2738 ], [ -75.9621, 36.2674 ], [ -75.9632, 36.2585 ], [ -75.9348, 36.2383 ], [ -75.9264, 36.2001 ], [ -75.8921, 36.1725 ], [ -75.887, 36.1571 ], [ -75.8897, 36.1437 ], [ -75.8448, 36.1001 ], [ -75.7985, 36.0721 ], [ -75.7902, 36.0805 ], [ -75.7666, 36.0862 ], [ -75.7748, 36.1061 ], [ -75.7776, 36.1395 ], [ -75.7893, 36.1544 ], [ -75.7892, 36.1721 ], [ -75.802, 36.1888 ], [ -75.7994, 36.2022 ], [ -75.8131, 36.2235 ], [ -75.7721, 36.2318 ] ] ] } },
{ "type": "Feature", "properties": { "name": "Camden County" }, "geometry": { "type": "Polygon", "coordinates": [ [ [ -76.2165, 36.2984 ], [ -76.1734, 36.3024 ], [ -76.1633, 36.2906 ], [ -76.1341, 36.2929 ], [ -76.1067, 36.2722 ], [ -76.0813, 36.2378 ], [ -76.052, 36.2333 ], [ -76.0435, 36.2113 ], [ -76.027, 36.2029 ], [ -76.0175, 36.1871 ], [ -75.9126, 36.1659 ], [ -75.8897, 36.1437 ], [ -75.887, 36.1571 ], [ -75.8921, 36.1725 ], [ -75.9264, 36.2001 ], [ -75.9348, 36.2383 ], [ -75.9632, 36.2585 ], [ -75.9621, 36.2674 ], [ -75.9491, 36.2738 ], [ -75.9483, 36.2849 ], [ -75.9551, 36.2893 ], [ -75.9615, 36.2874 ], [ -75.9666, 36.2896 ], [ -75.971, 36.3083 ], [ -75.9758, 36.3103 ], [ -75.9925, 36.3084 ], [ -75.9996, 36.3112 ], [ -76.0024, 36.3242 ], [ -76.0079, 36.3286 ], [ -76.0164, 36.3273 ], [ -76.0204, 36.3328 ], [ -76.0168, 36.3445 ], [ -76.0228, 36.3452 ], [ -76.0255, 36.3406 ], [ -76.0317, 36.3386 ], [ -76.0334, 36.3413 ], [ -76.0287, 36.3441 ], [ -76.0284, 36.3482 ], [ -76.0371, 36.3554 ], [ -76.046, 36.3583 ], [ -76.0493, 36.3564 ], [ -76.0536, 36.3602 ], [ -76.0592, 36.352 ], [ -76.0647, 36.3513 ], [ -76.0637, 36.3475 ], [ -76.0719, 36.35 ], [ -76.0739, 36.3461 ], [ -76.0849, 36.3521 ], [ -76.0864, 36.3497 ], [ -76.0932, 36.3507 ], [ -76.1144, 36.3576 ], [ -76.1221, 36.3713 ], [ -76.1476, 36.3945 ], [ -76.1575, 36.3982 ], [ -76.1585, 36.4254 ], [ -76.3133, 36.5505 ], [ -76.542, 36.5507 ], [ -76.4373, 36.4679 ], [ -76.4227, 36.4644 ], [ -76.407, 36.4542 ], [ -76.3948, 36.4546 ], [ -76.3868, 36.4469 ], [ -76.3766, 36.4459 ], [ -76.3721, 36.4396 ], [ -76.3674, 36.4394 ], [ -76.3674, 36.4312 ], [ -76.3569, 36.4266 ], [ -76.3474, 36.4282 ], [ -76.3458, 36.4215 ], [ -76.3222, 36.4275 ], [ -76.32, 36.4231 ], [ -76.3231, 36.4172 ], [ -76.3104, 36.4062 ], [ -76.3105, 36.4019 ], [ -76.3018, 36.4005 ], [ -76.2915, 36.3866 ], [ -76.2874, 36.3848 ], [ -76.2851, 36.3889 ], [ -76.2795, 36.3863 ], [ -76.2737, 36.3882 ], [ -76.2589, 36.3843 ], [ -76.2565, 36.3737 ], [ -76.2602, 36.367 ], [ -76.2572, 36.3636 ], [ -76.244, 36.3657 ], [ -76.2376, 36.372 ], [ -76.2313, 36.3721 ], [ -76.2314, 36.3621 ], [ -76.2258, 36.3541 ], [ -76.2274, 36.3483 ], [ -76.2142, 36.3416 ], [ -76.2181, 36.3336 ], [ -76.216, 36.3277 ], [ -76.1922, 36.3281 ], [ -76.1813, 36.322 ], [ -76.1828, 36.3172 ], [ -76.188, 36.3145 ], [ -76.1996, 36.3173 ], [ -76.2009, 36.3057 ], [ -76.2138, 36.3041 ], [ -76.2165, 36.2984 ] ] ] } },
{ "type": "Feature", "properties": { "name": "Dare County" }, "geometry": { "type": "MultiPolygon", "coordinates": [ [ [ [ -75.8363, 35.5713 ], [ -75.8118, 35.5841 ], [ -75.8192, 35.6026 ], [ -75.8196, 35.5905 ], [ -75.8689, 35.5792 ], [ -75.8801, 35.6071 ], [ -75.8774, 35.6295 ], [ -75.8839, 35.6328 ], [ -75.8918, 35.6434 ], [ -75.8906, 35.6523 ], [ -75.9013, 35.669 ], [ -76.0094, 35.6689 ], [ -75.9983, 35.695 ], [ -76.0026, 35.7196 ], [ -75.9823, 35.7729 ], [ -75.9927, 35.8129 ], [ -75.9755, 35.8385 ], [ -75.9877, 35.8624 ], [ -75.9803, 35.8695 ], [ -75.9811, 35.8948 ], [ -75.9307, 35.9266 ], [ -75.9179, 35.9203 ], [ -75.9261, 35.9159 ], [ -75.9239, 35.9074 ], [ -75.9223, 35.9132 ], [ -75.9171, 35.9144 ], [ -75.9036, 35.9085 ], [ -75.9049, 35.8843 ], [ -75.8838, 35.8912 ], [ -75.8764, 35.8794 ], [ -75.8648, 35.8789 ], [ -75.8637, 35.8655 ], [ -75.8604, 35.8665 ], [ -75.8602, 35.8763 ], [ -75.8673, 35.8842 ], [ -75.8522, 35.894 ], [ -75.8652, 35.895 ], [ -75.8717, 35.8862 ], [ -75.8827, 35.8963 ], [ -75.8943, 35.8954 ], [ -75.8915, 35.9077 ], [ -75.9097, 35.92 ], [ -75.9085, 35.9318 ], [ -75.8929, 35.9357 ], [ -75.86, 35.919 ], [ -75.8541, 35.9263 ], [ -75.8096, 35.9227 ], [ -75.8465, 35.943 ], [ -75.8737, 35.944 ], [ -75.8579, 35.9449 ], [ -75.849, 35.9627 ], [ -75.8618, 35.9766 ], [ -75.8347, 35.9696 ], [ -75.8096, 35.9584 ], [ -75.8059, 35.9457 ], [ -75.7832, 35.9335 ], [ -75.7825, 35.9191 ], [ -75.768, 35.9122 ], [ -75.773, 35.9088 ], [ -75.7642, 35.8911 ], [ -75.7488, 35.8831 ], [ -75.7542, 35.8759 ], [ -75.7481, 35.862 ], [ -75.7565, 35.8534 ], [ -75.7512, 35.8565 ], [ -75.7289, 35.8243 ], [ -75.7428, 35.7715 ], [ -75.7185, 35.6937 ], [ -75.7383, 35.6824 ], [ -75.7412, 35.6985 ], [ -75.7654, 35.7061 ], [ -75.7803, 35.6863 ], [ -75.7618, 35.6775 ], [ -75.7708, 35.6698 ], [ -75.7641, 35.6565 ], [ -75.7392, 35.6446 ], [ -75.7354, 35.6256 ], [ -75.7465, 35.6205 ], [ -75.7506, 35.6074 ], [ -75.7843, 35.596 ], [ -75.7776, 35.5795 ], [ -75.8363, 35.5713 ] ] ], [ [ [ -75.7719, 35.5838 ], [ -75.7753, 35.5799 ], [ -75.7776, 35.5795 ], [ -75.7719, 35.5838 ] ] ], [ [ [ -75.7748, 36.1061 ], [ -75.7776, 36.1395 ], [ -75.7893, 36.1544 ], [ -75.7892, 36.1721 ], [ -75.802, 36.1888 ], [ -75.7994, 36.2022 ], [ -75.8131, 36.2235 ], [ -75.7717, 36.2319 ], [ -75.715, 36.1085 ], [ -75.5703, 35.8646 ], [ -75.5366, 35.7785 ], [ -75.5516, 35.7951 ], [ -75.5514, 35.8098 ], [ -75.5723, 35.8176 ], [ -75.5676, 35.8305 ], [ -75.5953, 35.8543 ], [ -75.6034, 35.8777 ], [ -75.5991, 35.8812 ], [ -75.6016, 35.9034 ], [ -75.6146, 35.8991 ], [ -75.5996, 35.9083 ], [ -75.6208, 35.9336 ], [ -75.6213, 35.9441 ], [ -75.6467, 35.9667 ], [ -75.6683, 35.973 ], [ -75.6625, 35.9782 ], [ -75.6791, 36.0029 ], [ -75.6821, 35.9958 ], [ -75.69, 36.0067 ], [ -75.6882, 35.9983 ], [ -75.6972, 35.9942 ], [ -75.7284, 36.0043 ], [ -75.7268, 36.0176 ], [ -75.723, 36.0054 ], [ -75.7135, 36.009 ], [ -75.7219, 36.0155 ], [ -75.714, 36.0155 ], [ -75.7206, 36.0201 ], [ -75.7268, 36.018 ], [ -75.737, 36.042 ], [ -75.7421, 36.0921 ], [ -75.767, 36.0873 ], [ -75.7748, 36.1061 ] ] ], [ [ [ -75.5212, 35.4699 ], [ -75.5236, 35.4685 ], [ -75.5258, 35.4764 ], [ -75.5212, 35.4699 ] ] ], [ [ [ -75.6786, 35.2207 ], [ -75.6888, 35.2183 ], [ -75.6365, 35.2276 ], [ -75.6178, 35.2474 ], [ -75.5887, 35.2602 ], [ -75.5953, 35.2641 ], [ -75.5957, 35.2608 ], [ -75.5967, 35.2663 ], [ -75.5757, 35.2621 ], [ -75.5193, 35.2708 ], [ -75.511, 35.315 ], [ -75.5168, 35.3274 ], [ -75.5135, 35.356 ], [ -75.4999, 35.3669 ], [ -75.49, 35.4178 ], [ -75.4822, 35.4861 ], [ -75.4865, 35.5079 ], [ -75.4805, 35.5121 ], [ -75.4867, 35.5213 ], [ -75.4694, 35.5492 ], [ -75.4735, 35.5494 ], [ -75.4741, 35.5617 ], [ -75.4672, 35.5807 ], [ -75.47, 35.6226 ], [ -75.4853, 35.6459 ], [ -75.4815, 35.6639 ], [ -75.4918, 35.6655 ], [ -75.4809, 35.6737 ], [ -75.4997, 35.6888 ], [ -75.494, 35.6916 ], [ -75.5036, 35.7017 ], [ -75.5003, 35.7081 ], [ -75.509, 35.7061 ], [ -75.5021, 35.7106 ], [ -75.5108, 35.7106 ], [ -75.5036, 35.7137 ], [ -75.5133, 35.7205 ], [ -75.5089, 35.7346 ], [ -75.5181, 35.7368 ], [ -75.5145, 35.752 ], [ -75.5239, 35.7559 ], [ -75.5186, 35.7616 ], [ -75.5275, 35.7668 ], [ -75.525, 35.774 ], [ -75.4847, 35.6972 ], [ -75.4733, 35.6553 ], [ -75.461, 35.5726 ], [ -75.4808, 35.4723 ], [ -75.486, 35.3998 ], [ -75.5256, 35.2391 ], [ -75.5232, 35.2259 ], [ -75.5924, 35.2334 ], [ -75.7343, 35.1975 ], [ -75.7037, 35.2073 ], [ -75.6995, 35.218 ], [ -75.6806, 35.2278 ], [ -75.6786, 35.2207 ] ] ], [ [ [ -75.5006, 35.6852 ], [ -75.5052, 35.684 ], [ -75.5057, 35.6887 ], [ -75.5006, 35.6852 ] ] ], [ [ [ -75.5979, 35.7455 ], [ -75.5949, 35.7458 ], [ -75.5951, 35.7431 ], [ -75.5979, 35.7455 ] ] ], [ [ [ -75.5921, 35.7627 ], [ -75.5951, 35.7646 ], [ -75.5893, 35.7688 ], [ -75.5921, 35.7627 ] ] ], [ [ [ -75.5855, 35.7711 ], [ -75.5904, 35.7715 ], [ -75.5901, 35.7741 ], [ -75.5855, 35.7711 ] ] ], [ [ [ -75.5747, 35.7763 ], [ -75.5703, 35.7788 ], [ -75.5689, 35.7784 ], [ -75.5747, 35.7763 ] ] ], [ [ [ -75.5753, 35.7908 ], [ -75.5746, 35.789 ], [ -75.5824, 35.7955 ], [ -75.5753, 35.7908 ] ] ], [ [ [ -75.5568, 35.796 ], [ -75.5632, 35.8003 ], [ -75.5556, 35.8016 ], [ -75.5568, 35.796 ] ] ], [ [ [ -75.5958, 35.7982 ], [ -75.5978, 35.804 ], [ -75.5911, 35.801 ], [ -75.5897, 35.7958 ], [ -75.5958, 35.7982 ] ] ], [ [ [ -75.5845, 35.8104 ], [ -75.581, 35.8022 ], [ -75.5871, 35.8088 ], [ -75.5845, 35.8104 ] ] ], [ [ [ -75.5668, 35.8132 ], [ -75.5637, 35.8086 ], [ -75.566, 35.8075 ], [ -75.5668, 35.8132 ] ] ], [ [ [ -75.6257, 35.8167 ], [ -75.6188, 35.8109 ], [ -75.6199, 35.8104 ], [ -75.6257, 35.8167 ] ] ], [ [ [ -75.6162, 35.8259 ], [ -75.6153, 35.8229 ], [ -75.6159, 35.821 ], [ -75.6162, 35.8259 ] ] ], [ [ [ -75.6002, 35.8384 ], [ -75.6007, 35.8378 ], [ -75.6047, 35.8414 ], [ -75.6002, 35.8384 ] ] ], [ [ [ -75.6309, 35.8749 ], [ -75.6341, 35.8776 ], [ -75.6289, 35.8841 ], [ -75.6136, 35.8503 ], [ -75.6323, 35.8698 ], [ -75.6366, 35.8683 ], [ -75.6393, 35.8743 ], [ -75.6353, 35.8709 ], [ -75.6343, 35.8773 ], [ -75.6306, 35.8741 ], [ -75.6291, 35.8753 ], [ -75.6284, 35.8735 ], [ -75.627, 35.8768 ], [ -75.6309, 35.8749 ] ] ], [ [ [ -75.716, 35.2168 ], [ -75.7144, 35.2135 ], [ -75.716, 35.2161 ], [ -75.7176, 35.2183 ], [ -75.716, 35.2168 ] ] ], [ [ [ -75.6945, 35.2209 ], [ -75.681, 35.2332 ], [ -75.6804, 35.2285 ], [ -75.6945, 35.2209 ] ] ], [ [ [ -75.6452, 35.8183 ], [ -75.6517, 35.8232 ], [ -75.6461, 35.8243 ], [ -75.6452, 35.8183 ] ] ], [ [ [ -75.6538, 35.827 ], [ -75.6513, 35.8245 ], [ -75.6558, 35.8232 ], [ -75.6538, 35.827 ] ] ], [ [ [ -75.6602, 35.8332 ], [ -75.6578, 35.8368 ], [ -75.6554, 35.8351 ], [ -75.6602, 35.8332 ] ] ], [ [ [ -75.636, 35.8607 ], [ -75.6397, 35.8561 ], [ -75.628, 35.8529 ], [ -75.6319, 35.8482 ], [ -75.6261, 35.8516 ], [ -75.6317, 35.8472 ], [ -75.6198, 35.8472 ], [ -75.6166, 35.8405 ], [ -75.6247, 35.8434 ], [ -75.6171, 35.8395 ], [ -75.6164, 35.8264 ], [ -75.6262, 35.819 ], [ -75.6437, 35.8239 ], [ -75.6418, 35.8346 ], [ -75.6461, 35.8254 ], [ -75.6534, 35.8275 ], [ -75.646, 35.8357 ], [ -75.6558, 35.8332 ], [ -75.6506, 35.8381 ], [ -75.6627, 35.8501 ], [ -75.6574, 35.8604 ], [ -75.7277, 35.9348 ], [ -75.7097, 35.9397 ], [ -75.6939, 35.9361 ], [ -75.6456, 35.9094 ], [ -75.6308, 35.8836 ], [ -75.6335, 35.8844 ], [ -75.6396, 35.8745 ], [ -75.6465, 35.882 ], [ -75.6435, 35.866 ], [ -75.636, 35.8607 ] ] ], [ [ [ -75.9044, 35.9548 ], [ -75.9068, 35.9432 ], [ -75.9195, 35.9356 ], [ -75.9474, 35.959 ], [ -75.9093, 35.9737 ], [ -75.8633, 35.9726 ], [ -75.87, 35.959 ], [ -75.9044, 35.9548 ] ] ], [ [ [ -75.6088, 35.8893 ], [ -75.6009, 35.8889 ], [ -75.6081, 35.8832 ], [ -75.6088, 35.8893 ] ] ], [ [ [ -75.6153, 35.8941 ], [ -75.6171, 35.889 ], [ -75.6204, 35.8915 ], [ -75.6153, 35.8941 ] ] ], [ [ [ -75.6211, 35.9003 ], [ -75.6147, 35.8961 ], [ -75.6184, 35.8938 ], [ -75.6211, 35.9003 ] ] ] ] } }
]
}
