{"type":"FeatureCollection","features":[{"type":"Feature","properties":{"site_id":"DEQ-08041-04-049","role":"line","kv":100.0,"nearest":true,"intersects_site":false,"distance_km":null},"geometry":{"type":"LineString","coordinates":[[-80.912296,35.801925],[-80.914721,35.8017],[-80.919749,35.799685],[-80.922099,35.799332],[-80.925765,35.798707],[-80.92822,35.798757],[-80.929811,35.798762],[-80.931013,35.798731],[-80.935574,35.800906],[-80.936499,35.802123],[-80.938804,35.80201],[-80.944097,35.800851],[-80.9431,35.798657],[-80.942977,35.798251]]}},{"type":"Feature","properties":{"site_id":"DEQ-08041-04-049","role":"connector","kv":100.0,"nearest":true,"intersects_site":false,"distance_km":0.32467338746235563},"geometry":{"type":"LineString","coordinates":[[-80.926876,35.795802],[-80.926788,35.798728]]}},{"type":"Feature","properties":{"site_id":"DEQ-09042-05-090","role":"line","kv":100.0,"nearest":true,"intersects_site":false,"distance_km":null},"geometry":{"type":"LineString","coordinates":[[-80.572634,34.965076],[-80.571768,34.967479],[-80.571023,34.96941],[-80.568438,34.976549],[-80.567923,34.978133],[-80.567311,34.979682],[-80.566058,34.98306],[-80.563865,34.989163],[-80.563114,34.990911],[-80.562565,34.991963]]}},{"type":"Feature","properties":{"site_id":"DEQ-09042-05-090","role":"connector","kv":100.0,"nearest":true,"intersects_site":false,"distance_km":0.9034948753879475},"geometry":{"type":"LineString","coordinates":[[-80.554859,34.9855],[-80.564353,34.9878]]}},{"type":"Feature","properties":{"site_id":"DEQ-11024-07-053","role":"line","kv":230.0,"nearest":true,"intersects_site":false,"distance_km":null},"geometry":{"type":"LineString","coordinates":[[-79.171715,35.549835],[-79.171171,35.550236],[-79.171988,35.550992],[-79.172359,35.550661]]}},{"type":"Feature","properties":{"site_id":"DEQ-11024-07-053","role":"connector","kv":230.0,"nearest":true,"intersects_site":false,"distance_km":2.0345359309780124},"geometry":{"type":"LineString","coordinates":[[-79.1948,35.550601],[-79.172359,35.550661]]}},{"type":"Feature","properties":{"site_id":"DEQ-13021-09-082","role":"line","kv":115.0,"nearest":true,"intersects_site":false,"distance_km":null},"geometry":{"type":"LineString","coordinates":[[-78.289263,35.00688],[-78.296735,35.000695],[-78.305095,34.999866],[-78.305602,34.997283],[-78.3117,34.99802],[-78.313229,34.998398],[-78.315642,34.997113],[-78.316562,34.996269],[-78.31816,34.995046]]}},{"type":"Feature","properties":{"site_id":"DEQ-13021-09-082","role":"connector","kv":115.0,"nearest":true,"intersects_site":false,"distance_km":0.29245281111071214},"geometry":{"type":"LineString","coordinates":[[-78.304001,34.995],[-78.305602,34.997283]]}},{"type":"Feature","properties":{"site_id":"DEQ-13023-09-011","role":"line","kv":115.0,"nearest":true,"intersects_site":true,"distance_km":null},"geometry":{"type":"LineString","coordinates":[[-82.408375,35.59405],[-82.408217,35.594063],[-82.406201,35.592522],[-82.402485,35.592613],[-82.400992,35.593589],[-82.398847,35.594867],[-82.39792,35.594923],[-82.394492,35.596083],[-82.393619,35.596455],[-82.394098,35.59778],[-82.392859,35.598217],[-82.391695,35.599928],[-82.390418,35.600307],[-82.389367,35.601592],[-82.388199,35.601454],[-82.380679,35.603411]]}},{"type":"Feature","properties":{"site_id":"DEQ-14023-10-091","role":"line","kv":230.0,"nearest":true,"intersects_site":false,"distance_km":null},"geometry":{"type":"LineString","coordinates":[[-78.411266,36.288506],[-78.421913,36.308548],[-78.422709,36.30821]]}},{"type":"Feature","properties":{"site_id":"DEQ-14023-10-091","role":"connector","kv":230.0,"nearest":true,"intersects_site":false,"distance_km":1.293793363019084},"geometry":{"type":"LineString","coordinates":[[-78.406918,36.309861],[-78.420158,36.305269]]}},{"type":"Feature","properties":{"site_id":"DEQ-15031-11-034","role":"line","kv":100.0,"nearest":true,"intersects_site":true,"distance_km":null},"geometry":{"type":"LineString","coordinates":[[-80.257768,36.13827],[-80.257762,36.138123],[-80.263879,36.138043],[-80.264025,36.134244],[-80.263749,36.133833],[-80.263718,36.133612],[-80.264554,36.133724]]}},{"type":"Feature","properties":{"site_id":"DEQ-16008-12-032","role":"line","kv":100.0,"nearest":true,"intersects_site":false,"distance_km":null},"geometry":{"type":"LineString","coordinates":[[-78.914696,35.968079],[-78.914249,35.968041]]}},{"type":"Feature","properties":{"site_id":"DEQ-16008-12-032","role":"connector","kv":100.0,"nearest":true,"intersects_site":false,"distance_km":2.0909077924826276},"geometry":{"type":"LineString","coordinates":[[-78.902611,35.98434],[-78.914249,35.968041]]}},{"type":"Feature","properties":{"site_id":"DEQ-16019-12-042","role":"line","kv":115.0,"nearest":true,"intersects_site":false,"distance_km":null},"geometry":{"type":"LineString","coordinates":[[-77.700822,36.177633],[-77.701064,36.176888],[-77.702601,36.173699],[-77.7034,36.172168],[-77.706844,36.165163],[-77.707612,36.163538],[-77.708216,36.162404],[-77.712222,36.154316],[-77.713187,36.152242],[-77.714591,36.149421],[-77.716745,36.144898],[-77.717592,36.143289],[-77.723247,36.13176]]}},{"type":"Feature","properties":{"site_id":"DEQ-16019-12-042","role":"connector","kv":115.0,"nearest":true,"intersects_site":false,"distance_km":1.2530804573577927},"geometry":{"type":"LineString","coordinates":[[-77.697871,36.153004],[-77.710814,36.157171]]}},{"type":"Feature","properties":{"site_id":"DEQ-16024-12-034","role":"line","kv":100.0,"nearest":true,"intersects_site":false,"distance_km":null},"geometry":{"type":"LineString","coordinates":[[-80.231758,36.020039],[-80.229642,36.020736],[-80.230398,36.024867],[-80.231094,36.026549],[-80.22761,36.028389],[-80.226403,36.028362],[-80.222541,36.028392],[-80.222126,36.028352]]}},{"type":"Feature","properties":{"site_id":"DEQ-16024-12-034","role":"connector","kv":100.0,"nearest":true,"intersects_site":false,"distance_km":0.16326847455287846},"geometry":{"type":"LineString","coordinates":[[-80.231692,36.027981],[-80.230729,36.026735]]}},{"type":"Feature","properties":{"site_id":"DEQ-16032-12-034","role":"line","kv":100.0,"nearest":true,"intersects_site":false,"distance_km":null},"geometry":{"type":"LineString","coordinates":[[-80.197355,36.059759],[-80.1972,36.060147],[-80.196426,36.063932],[-80.199133,36.065731],[-80.20289,36.068344],[-80.203378,36.069574],[-80.203421,36.070702],[-80.203931,36.071211],[-80.207149,36.072203],[-80.215921,36.074498],[-80.218034,36.074729]]}},{"type":"Feature","properties":{"site_id":"DEQ-16032-12-034","role":"connector","kv":100.0,"nearest":true,"intersects_site":false,"distance_km":0.015308839276923022},"geometry":{"type":"LineString","coordinates":[[-80.203695,36.070756],[-80.203563,36.070843]]}},{"type":"Feature","properties":{"site_id":"DEQ-16037-12-059","role":"line","kv":115.0,"nearest":true,"intersects_site":false,"distance_km":null},"geometry":{"type":"LineString","coordinates":[[-76.903077,35.806324],[-76.901121,35.805283],[-76.897806,35.804194],[-76.895641,35.804977],[-76.889875,35.80526],[-76.885908,35.805508],[-76.882082,35.805678],[-76.878713,35.805862],[-76.878376,35.807677],[-76.877856,35.810825],[-76.876086,35.811028],[-76.873969,35.811317],[-76.871898,35.811524],[-76.867545,35.812039]]}},{"type":"Feature","properties":{"site_id":"DEQ-16037-12-059","role":"connector","kv":115.0,"nearest":true,"intersects_site":false,"distance_km":0.33100491581042313},"geometry":{"type":"LineString","coordinates":[[-76.885984,35.808493],[-76.885781,35.805514]]}},{"type":"Feature","properties":{"site_id":"DEQ-16048-12-060","role":"line","kv":100.0,"nearest":true,"intersects_site":true,"distance_km":null},"geometry":{"type":"LineString","coordinates":[[-80.884528,35.174353],[-80.884772,35.173551],[-80.889036,35.169667],[-80.895229,35.15452]]}},{"type":"Feature","properties":{"site_id":"DEQ-16048-12-060","role":"line","kv":100.0,"nearest":false,"intersects_site":true,"distance_km":null},"geometry":{"type":"LineString","coordinates":[[-80.884698,35.174327],[-80.885122,35.17347],[-80.888263,35.170633],[-80.890435,35.170992],[-80.899229,35.169776]]}},{"type":"Feature","properties":{"site_id":"DEQ-16048-12-060","role":"line","kv":230.0,"nearest":false,"intersects_site":true,"distance_km":null},"geometry":{"type":"LineString","coordinates":[[-80.885374,35.173892],[-80.88602,35.172997],[-80.888053,35.171136],[-80.890392,35.171261],[-80.899235,35.17003]]}},{"type":"Feature","properties":{"site_id":"DEQ-17010-13-033","role":"line","kv":115.0,"nearest":true,"intersects_site":false,"distance_km":null},"geometry":{"type":"LineString","coordinates":[[-77.56346,35.89388],[-77.563273,35.899383],[-77.564304,35.901391],[-77.564773,35.903045],[-77.563057,35.904069],[-77.562972,35.907062],[-77.562534,35.908095],[-77.562273,35.91051],[-77.556737,35.912715],[-77.551582,35.917763],[-77.55044,35.918925],[-77.549638,35.919998],[-77.548174,35.922099],[-77.547759,35.922504],[-77.546297,35.923274],[-77.546023,35.923448]]}},{"type":"Feature","properties":{"site_id":"DEQ-17010-13-033","role":"connector","kv":115.0,"nearest":true,"intersects_site":false,"distance_km":0.9699487678553957},"geometry":{"type":"LineString","coordinates":[[-77.547194,35.908378],[-77.555489,35.913936]]}},{"type":"Feature","properties":{"site_id":"DEQ-17016-13-023","role":"line","kv":230.0,"nearest":true,"intersects_site":false,"distance_km":null},"geometry":{"type":"LineString","coordinates":[[-81.457071,35.193035],[-81.436556,35.176095],[-81.435671,35.166453],[-81.434007,35.159013],[-81.433235,35.158134]]}},{"type":"Feature","properties":{"site_id":"DEQ-17016-13-023","role":"connector","kv":230.0,"nearest":true,"intersects_site":false,"distance_km":1.151981004344412},"geometry":{"type":"LineString","coordinates":[[-81.451542,35.173742],[-81.442573,35.181064]]}},{"type":"Feature","properties":{"site_id":"DEQ-17029-13-034","role":"line","kv":100.0,"nearest":true,"intersects_site":false,"distance_km":null},"geometry":{"type":"LineString","coordinates":[[-80.226594,36.04439],[-80.227144,36.045256],[-80.229312,36.047462],[-80.229487,36.048921],[-80.229548,36.050127],[-80.229556,36.053074],[-80.229648,36.053374],[-80.229881,36.053363],[-80.229892,36.053491]]}},{"type":"Feature","properties":{"site_id":"DEQ-17029-13-034","role":"connector","kv":100.0,"nearest":true,"intersects_site":false,"distance_km":0.5789649783186072},"geometry":{"type":"LineString","coordinates":[[-80.229746,36.058708],[-80.229892,36.053491]]}},{"type":"Feature","properties":{"site_id":"DEQ-17045-13-034","role":"line","kv":100.0,"nearest":true,"intersects_site":true,"distance_km":null},"geometry":{"type":"LineString","coordinates":[[-80.238967,36.08218],[-80.237513,36.084082],[-80.235916,36.083278],[-80.233502,36.082933],[-80.231999,36.085095],[-80.230815,36.085686],[-80.228324,36.086145],[-80.227124,36.08619],[-80.224828,36.086035],[-80.223164,36.086001],[-80.221467,36.086977],[-80.219457,36.088185],[-80.212677,36.087304]]}},{"type":"Feature","properties":{"site_id":"DEQ-17047-13-060","role":"line","kv":100.0,"nearest":true,"intersects_site":true,"distance_km":null},"geometry":{"type":"LineString","coordinates":[[-80.913536,35.12544],[-80.913946,35.125695],[-80.914459,35.126727],[-80.914049,35.128245],[-80.915987,35.129051],[-80.91824,35.128668],[-80.91927,35.128882],[-80.920034,35.129241],[-80.921128,35.130265],[-80.921733,35.130688],[-80.922104,35.130898],[-80.923647,35.130375],[-80.924728,35.132339],[-80.925348,35.132379],[-80.925958,35.132323]]}},{"type":"Feature","properties":{"site_id":"DEQ-17050-13-041","role":"line","kv":100.0,"nearest":true,"intersects_site":true,"distance_km":null},"geometry":{"type":"LineString","coordinates":[[-80.017158,35.921661],[-80.009776,35.927437],[-80.008921,35.927877],[-80.000873,35.934192],[-79.999652,35.934794]]}},{"type":"Feature","properties":{"site_id":"DEQ-17050-13-041","role":"line","kv":100.0,"nearest":false,"intersects_site":true,"distance_km":null},"geometry":{"type":"LineString","coordinates":[[-79.999784,35.934905],[-80.001005,35.9343],[-80.009069,35.927984],[-80.009863,35.927584],[-80.015907,35.922858],[-80.017161,35.921908]]}},{"type":"Feature","properties":{"site_id":"DEQ-17050-13-041","role":"line","kv":100.0,"nearest":false,"intersects_site":true,"distance_km":null},"geometry":{"type":"LineString","coordinates":[[-80.016514,35.942902],[-80.016676,35.939469],[-80.014554,35.938229],[-80.012426,35.935206],[-80.00905,35.928476],[-80.008855,35.928365],[-80.001115,35.934432],[-79.999852,35.93508]]}},{"type":"Feature","properties":{"site_id":"DEQ-17051-13-014","role":"line","kv":100.0,"nearest":true,"intersects_site":false,"distance_km":null},"geometry":{"type":"LineString","coordinates":[[-81.551076,35.894661],[-81.550562,35.895735],[-81.550278,35.895694]]}},{"type":"Feature","properties":{"site_id":"DEQ-17051-13-014","role":"connector","kv":100.0,"nearest":true,"intersects_site":false,"distance_km":0.9144263327829881},"geometry":{"type":"LineString","coordinates":[[-81.551339,35.903952],[-81.550562,35.895735]]}},{"type":"Feature","properties":{"site_id":"DEQ-17054-13-063","role":"line","kv":115.0,"nearest":true,"intersects_site":false,"distance_km":null},"geometry":{"type":"LineString","coordinates":[[-79.540633,35.416209],[-79.549155,35.414572],[-79.567398,35.410959],[-79.572816,35.409825],[-79.577347,35.408997],[-79.582481,35.40796],[-79.59117,35.405955],[-79.601461,35.403619],[-79.613307,35.401936]]}},{"type":"Feature","properties":{"site_id":"DEQ-17054-13-063","role":"connector","kv":115.0,"nearest":true,"intersects_site":false,"distance_km":2.078660710207934},"geometry":{"type":"LineString","coordinates":[[-79.577919,35.428101],[-79.572081,35.409983]]}},{"type":"Feature","properties":{"site_id":"DEQ-18010-14-007","role":"line","kv":230.0,"nearest":true,"intersects_site":false,"distance_km":null},"geometry":{"type":"LineString","coordinates":[[-77.071121,35.551996],[-77.070775,35.552169],[-77.070928,35.552381]]}},{"type":"Feature","properties":{"site_id":"DEQ-18010-14-007","role":"connector","kv":230.0,"nearest":true,"intersects_site":false,"distance_km":2.977663088502126},"geometry":{"type":"LineString","coordinates":[[-77.063297,35.578487],[-77.070928,35.552381]]}},{"type":"Feature","properties":{"site_id":"DEQ-18018-14-014","role":"line","kv":100.0,"nearest":true,"intersects_site":false,"distance_km":null},"geometry":{"type":"LineString","coordinates":[[-81.551642,35.890407],[-81.55183,35.890394],[-81.552185,35.89221],[-81.550861,35.89259],[-81.551117,35.893468],[-81.551076,35.894661]]}},{"type":"Feature","properties":{"site_id":"DEQ-18018-14-014","role":"connector","kv":100.0,"nearest":true,"intersects_site":false,"distance_km":0.03055188540543267},"geometry":{"type":"LineString","coordinates":[[-81.552522,35.892186],[-81.552185,35.89221]]}},{"type":"Feature","properties":{"site_id":"DEQ-18021-14-011","role":"line","kv":115.0,"nearest":true,"intersects_site":false,"distance_km":null},"geometry":{"type":"LineString","coordinates":[[-82.642344,35.617666],[-82.64629,35.614994],[-82.656689,35.605683],[-82.6588,35.603639],[-82.657535,35.6003],[-82.657442,35.599311],[-82.657368,35.596844],[-82.65737,35.59326],[-82.657117,35.591514],[-82.657267,35.58955],[-82.65736,35.588761],[-82.657188,35.580772],[-82.655115,35.574041],[-82.654819,35.572895],[-82.654369,35.571411],[-82.653739,35.56954],[-82.652519,35.565487],[-82.649257,35.562612],[-82.648027,35.561451],[-82.648469,35.560152]]}},{"type":"Feature","properties":{"site_id":"DEQ-18021-14-011","role":"connector","kv":115.0,"nearest":true,"intersects_site":false,"distance_km":1.9342325682560733},"geometry":{"type":"LineString","coordinates":[[-82.635799,35.590627],[-82.657117,35.591514]]}},{"type":"Feature","properties":{"site_id":"DEQ-18027-14-088","role":"line","kv":100.0,"nearest":true,"intersects_site":false,"distance_km":null},"geometry":{"type":"LineString","coordinates":[[-82.715091,35.212843],[-82.713361,35.215125],[-82.71275,35.217356],[-82.712266,35.219313],[-82.709355,35.220745],[-82.709401,35.223703],[-82.709373,35.225134],[-82.709389,35.232084],[-82.709768,35.23383],[-82.710811,35.238144],[-82.711644,35.241803],[-82.70075,35.245483],[-82.69957,35.246102]]}},{"type":"Feature","properties":{"site_id":"DEQ-18027-14-088","role":"connector","kv":100.0,"nearest":true,"intersects_site":false,"distance_km":2.7555555544533203},"geometry":{"type":"LineString","coordinates":[[-82.740407,35.228466],[-82.712266,35.219313]]}},{"type":"Feature","properties":{"site_id":"DEQ-18032-14-034","role":"line","kv":100.0,"nearest":true,"intersects_site":false,"distance_km":null},"geometry":{"type":"LineString","coordinates":[[-80.225369,36.076588],[-80.226218,36.07695]]}},{"type":"Feature","properties":{"site_id":"DEQ-18032-14-034","role":"connector","kv":100.0,"nearest":true,"intersects_site":false,"distance_km":1.0757195796495067},"geometry":{"type":"LineString","coordinates":[[-80.229655,36.067539],[-80.225369,36.076588]]}},{"type":"Feature","properties":{"site_id":"DEQ-18035-14-083","role":"line","kv":115.0,"nearest":true,"intersects_site":true,"distance_km":null},"geometry":{"type":"LineString","coordinates":[[-79.373946,34.830057],[-79.379136,34.82975],[-79.382698,34.829574],[-79.386853,34.825517],[-79.389994,34.822393],[-79.391423,34.821054],[-79.391932,34.820538]]}},{"type":"Feature","properties":{"site_id":"DEQ-18035-14-083","role":"line","kv":115.0,"nearest":false,"intersects_site":true,"distance_km":null},"geometry":{"type":"LineString","coordinates":[[-79.373821,34.837023],[-79.374365,34.837004],[-79.373931,34.830324],[-79.373946,34.830057]]}},{"type":"Feature","properties":{"site_id":"DEQ-18035-14-083","role":"line","kv":115.0,"nearest":false,"intersects_site":true,"distance_km":null},"geometry":{"type":"LineString","coordinates":[[-79.336888,34.828456],[-79.350088,34.83144],[-79.373946,34.830057]]}},{"type":"Feature","properties":{"site_id":"DEQ-18061-14-034","role":"line","kv":100.0,"nearest":true,"intersects_site":false,"distance_km":null},"geometry":{"type":"LineString","coordinates":[[-80.259404,36.126474],[-80.258487,36.125188],[-80.257562,36.123755],[-80.256245,36.121971],[-80.254504,36.119439],[-80.253391,36.117589],[-80.252913,36.116717],[-80.252638,36.115763],[-80.252348,36.113643],[-80.252304,36.112894],[-80.252482,36.108405],[-80.251978,36.107983],[-80.251886,36.107452],[-80.25118,36.106914],[-80.250218,36.105824],[-80.24948,36.103739],[-80.249304,36.103115],[-80.249219,36.102438],[-80.250288,36.102628]]}},{"type":"Feature","properties":{"site_id":"DEQ-18061-14-034","role":"connector","kv":100.0,"nearest":true,"intersects_site":false,"distance_km":0.8206412503375613},"geometry":{"type":"LineString","coordinates":[[-80.241749,36.108555],[-80.250218,36.105824]]}},{"type":"Feature","properties":{"site_id":"DEQ-18065-14-090","role":"line","kv":100.0,"nearest":true,"intersects_site":false,"distance_km":null},"geometry":{"type":"LineString","coordinates":[[-80.513646,34.969141],[-80.513505,34.96924]]}},{"type":"Feature","properties":{"site_id":"DEQ-18065-14-090","role":"connector","kv":100.0,"nearest":true,"intersects_site":false,"distance_km":2.568185007707915},"geometry":{"type":"LineString","coordinates":[[-80.493612,34.985608],[-80.513505,34.96924]]}},{"type":"Feature","properties":{"site_id":"DEQ-18067-14-092","role":"line","kv":230.0,"nearest":true,"intersects_site":false,"distance_km":null},"geometry":{"type":"LineString","coordinates":[[-78.821112,35.72151],[-78.831623,35.716279],[-78.835485,35.714314],[-78.840357,35.711988],[-78.845931,35.709136],[-78.84747,35.708377]]}},{"type":"Feature","properties":{"site_id":"DEQ-18067-14-092","role":"connector","kv":230.0,"nearest":true,"intersects_site":false,"distance_km":0.019814055032721715},"geometry":{"type":"LineString","coordinates":[[-78.836045,35.71384],[-78.836155,35.713994]]}},{"type":"Feature","properties":{"site_id":"DEQ-19012-15-029","role":"line","kv":100.0,"nearest":true,"intersects_site":true,"distance_km":null},"geometry":{"type":"LineString","coordinates":[[-80.072608,35.883065],[-80.073368,35.88275],[-80.077145,35.879993],[-80.080005,35.878425],[-80.086196,35.876176],[-80.091469,35.874699]]}},{"type":"Feature","properties":{"site_id":"DEQ-19025-15-001","role":"line","kv":100.0,"nearest":true,"intersects_site":true,"distance_km":null},"geometry":{"type":"MultiLineString","coordinates":[[[-79.44299,36.07256],[-79.442505,36.071657],[-79.442726,36.070822],[-79.440795,36.06653]],[[-79.440766,36.061111],[-79.444959,36.057462],[-79.445497,36.057314],[-79.4552,36.060711],[-79.459324,36.064222],[-79.464784,36.064061],[-79.466221,36.062399],[-79.467572,36.062908]]]}},{"type":"Feature","properties":{"site_id":"DEQ-19029-15-004","role":"line","kv":230.0,"nearest":true,"intersects_site":false,"distance_km":null},"geometry":{"type":"LineString","coordinates":[[-80.161612,35.087451],[-80.143259,35.074996],[-80.093904,35.046271],[-80.081857,35.041735]]}},{"type":"Feature","properties":{"site_id":"DEQ-19029-15-004","role":"connector","kv":230.0,"nearest":true,"intersects_site":false,"distance_km":8.728892822816572},"geometry":{"type":"LineString","coordinates":[[-80.187965,35.004624],[-80.132513,35.068748]]}},{"type":"Feature","properties":{"site_id":"DEQ-19034-15-095","role":"line","kv":115.0,"nearest":true,"intersects_site":false,"distance_km":null},"geometry":{"type":"LineString","coordinates":[[-81.65861,36.204709],[-81.65853,36.204681],[-81.659073,36.203467],[-81.660348,36.202889],[-81.660989,36.202815],[-81.662472,36.202745],[-81.664635,36.202108],[-81.66572,36.202665],[-81.668421,36.20365]]}},{"type":"Feature","properties":{"site_id":"DEQ-19034-15-095","role":"connector","kv":115.0,"nearest":true,"intersects_site":false,"distance_km":0.47362116310300484},"geometry":{"type":"LineString","coordinates":[[-81.665808,36.197947],[-81.664635,36.202108]]}},{"type":"Feature","properties":{"site_id":"DEQ-19042-15-092","role":"line","kv":115.0,"nearest":true,"intersects_site":false,"distance_km":null},"geometry":{"type":"LineString","coordinates":[[-78.618038,35.817568],[-78.61765,35.818157],[-78.617106,35.818683],[-78.616599,35.819041],[-78.615006,35.820033],[-78.614355,35.820478],[-78.612096,35.821754],[-78.610945,35.821415],[-78.609994,35.822274],[-78.609049,35.823242],[-78.608357,35.824024],[-78.607516,35.825884],[-78.607099,35.826989],[-78.608222,35.82712]]}},{"type":"Feature","properties":{"site_id":"DEQ-19042-15-092","role":"connector","kv":115.0,"nearest":true,"intersects_site":false,"distance_km":0.4079423450999766},"geometry":{"type":"LineString","coordinates":[[-78.606355,35.830616],[-78.607099,35.826989]]}},{"type":"Feature","properties":{"site_id":"DEQ-19044-15-092","role":"line","kv":115.0,"nearest":true,"intersects_site":true,"distance_km":null},"geometry":{"type":"LineString","coordinates":[[-78.645993,35.782361],[-78.645986,35.782252],[-78.645775,35.782082],[-78.645776,35.781906],[-78.646321,35.772214],[-78.647788,35.772239],[-78.647837,35.770721],[-78.64858,35.770086],[-78.651213,35.767675],[-78.655751,35.764666],[-78.658899,35.763284]]}},{"type":"Feature","properties":{"site_id":"DEQ-19044-15-092","role":"line","kv":230.0,"nearest":false,"intersects_site":true,"distance_km":null},"geometry":{"type":"LineString","coordinates":[[-78.645664,35.75833],[-78.647827,35.758244],[-78.647886,35.760522],[-78.647894,35.762922],[-78.649557,35.762828],[-78.653894,35.762813],[-78.655455,35.764347],[-78.658899,35.763284]]}},{"type":"Feature","properties":{"site_id":"DEQ-19044-15-092","role":"line","kv":230.0,"nearest":false,"intersects_site":true,"distance_km":null},"geometry":{"type":"LineString","coordinates":[[-78.677479,35.77577],[-78.675175,35.776263],[-78.672816,35.776287],[-78.669851,35.774782],[-78.669427,35.772163],[-78.670766,35.769162],[-78.671221,35.767004],[-78.670874,35.764822],[-78.665332,35.760441],[-78.658899,35.763284]]}},{"type":"Feature","properties":{"site_id":"DEQ-19047-15-019","role":"line","kv":115.0,"nearest":true,"intersects_site":true,"distance_km":null},"geometry":{"type":"LineString","coordinates":[[-79.043825,35.620195],[-79.043504,35.620188],[-79.043491,35.614532],[-79.040239,35.605609]]}},{"type":"Feature","properties":{"site_id":"DEQ-19050-15-080","role":"line","kv":100.0,"nearest":true,"intersects_site":false,"distance_km":null},"geometry":{"type":"LineString","coordinates":[[-80.471806,35.654027],[-80.471652,35.654137],[-80.469585,35.656344],[-80.466175,35.656983],[-80.464609,35.658298],[-80.462208,35.660147],[-80.461306,35.660396],[-80.459383,35.661904],[-80.458552,35.662305],[-80.458087,35.661861]]}},{"type":"Feature","properties":{"site_id":"DEQ-19050-15-080","role":"connector","kv":100.0,"nearest":true,"intersects_site":false,"distance_km":0.1001716165548329},"geometry":{"type":"LineString","coordinates":[[-80.45793,35.663051],[-80.458552,35.662305]]}},{"type":"Feature","properties":{"site_id":"DEQ-19063-15-033","role":"line","kv":115.0,"nearest":true,"intersects_site":false,"distance_km":null},"geometry":{"type":"LineString","coordinates":[[-77.585805,35.899469],[-77.585768,35.900411],[-77.585612,35.902014],[-77.585189,35.905538],[-77.584975,35.90699],[-77.582263,35.906784]]}},{"type":"Feature","properties":{"site_id":"DEQ-19063-15-033","role":"connector","kv":115.0,"nearest":true,"intersects_site":false,"distance_km":0.5833687984093676},"geometry":{"type":"LineString","coordinates":[[-77.587769,35.911731],[-77.584975,35.90699]]}},{"type":"Feature","properties":{"site_id":"DEQ-19068-15-011","role":"line","kv":115.0,"nearest":true,"intersects_site":false,"distance_km":null},"geometry":{"type":"LineString","coordinates":[[-82.431072,35.605629],[-82.431112,35.605304],[-82.430688,35.602015],[-82.429013,35.600689],[-82.428076,35.59665]]}},{"type":"Feature","properties":{"site_id":"DEQ-19068-15-011","role":"connector","kv":115.0,"nearest":true,"intersects_site":false,"distance_km":1.3868374540702875},"geometry":{"type":"LineString","coordinates":[[-82.432805,35.618049],[-82.431072,35.605629]]}},{"type":"Feature","properties":{"site_id":"DEQ-19071-15-065","role":"line","kv":115.0,"nearest":true,"intersects_site":false,"distance_km":null},"geometry":{"type":"LineString","coordinates":[[-77.961525,34.24587],[-77.96174,34.243781],[-77.962442,34.238675],[-77.962781,34.235801],[-77.959644,34.233396],[-77.954858,34.229797],[-77.954862,34.229359]]}},{"type":"Feature","properties":{"site_id":"DEQ-19071-15-065","role":"connector","kv":115.0,"nearest":true,"intersects_site":false,"distance_km":0.19936320492185097},"geometry":{"type":"LineString","coordinates":[[-77.954082,34.231646],[-77.955546,34.230323]]}},{"type":"Feature","properties":{"site_id":"DEQ-19073-15-021","role":"line","kv":230.0,"nearest":true,"intersects_site":false,"distance_km":null},"geometry":{"type":"LineString","coordinates":[[-76.580224,36.092752],[-76.580429,36.092604],[-76.581942,36.091068],[-76.596461,36.094666],[-76.596376,36.094995],[-76.600869,36.096273],[-76.603251,36.098211],[-76.603919,36.105876],[-76.60032,36.106123],[-76.599847,36.108894],[-76.600605,36.116441],[-76.604763,36.136005],[-76.600289,36.140742],[-76.596903,36.143304],[-76.598391,36.144762],[-76.592338,36.14903],[-76.589184,36.15368],[-76.58976,36.154987]]}},{"type":"Feature","properties":{"site_id":"DEQ-19073-15-021","role":"connector","kv":230.0,"nearest":true,"intersects_site":false,"distance_km":12.004942011493188},"geometry":{"type":"LineString","coordinates":[[-76.710085,36.203958],[-76.598391,36.144762]]}},{"type":"Feature","properties":{"site_id":"DEQ-19075-15-031","role":"line","kv":115.0,"nearest":true,"intersects_site":true,"distance_km":null},"geometry":{"type":"LineString","coordinates":[[-77.857864,35.022147],[-77.857602,35.022459],[-77.8517,35.024956],[-77.848827,35.031744]]}},{"type":"Feature","properties":{"site_id":"DEQ-19081-15-094","role":"line","kv":230.0,"nearest":true,"intersects_site":false,"distance_km":null},"geometry":{"type":"LineString","coordinates":[[-76.740036,35.866211],[-76.74026,35.866277],[-76.740362,35.866052],[-76.740136,35.865985]]}},{"type":"Feature","properties":{"site_id":"DEQ-19081-15-094","role":"connector","kv":230.0,"nearest":true,"intersects_site":false,"distance_km":0.5758570356911404},"geometry":{"type":"LineString","coordinates":[[-76.741466,35.871374],[-76.74026,35.866277]]}},{"type":"Feature","properties":{"site_id":"DEQ-20080-16-086","role":"line","kv":100.0,"nearest":true,"intersects_site":false,"distance_km":null},"geometry":{"type":"LineString","coordinates":[[-80.829493,36.271037],[-80.829666,36.271175],[-80.82787,36.27302],[-80.826834,36.274029]]}},{"type":"Feature","properties":{"site_id":"DEQ-20080-16-086","role":"connector","kv":100.0,"nearest":true,"intersects_site":false,"distance_km":2.6511719893562913},"geometry":{"type":"LineString","coordinates":[[-80.842399,36.249553],[-80.829493,36.271037]]}},{"type":"Feature","properties":{"site_id":"DEQ-19084-15-060","role":"line","kv":100.0,"nearest":true,"intersects_site":false,"distance_km":null},"geometry":{"type":"LineString","coordinates":[[-80.866549,35.236776],[-80.865163,35.235458],[-80.863993,35.233737],[-80.856256,35.228617],[-80.853906,35.228558],[-80.852943,35.228237],[-80.851835,35.227795],[-80.851597,35.227933]]}},{"type":"Feature","properties":{"site_id":"DEQ-19084-15-060","role":"connector","kv":100.0,"nearest":true,"intersects_site":false,"distance_km":0.2776832347908758},"geometry":{"type":"LineString","coordinates":[[-80.850615,35.225501],[-80.851835,35.227795]]}},{"type":"Feature","properties":{"site_id":"DEQ-19085-15-060","role":"line","kv":500.0,"nearest":true,"intersects_site":false,"distance_km":null},"geometry":{"type":"LineString","coordinates":[[-80.985837,35.316909],[-80.991281,35.308104],[-80.991624,35.300618],[-80.992155,35.287684],[-80.994162,35.284955]]}},{"type":"Feature","properties":{"site_id":"DEQ-19085-15-060","role":"connector","kv":500.0,"nearest":true,"intersects_site":false,"distance_km":0.5280643660956443},"geometry":{"type":"LineString","coordinates":[[-80.997398,35.301415],[-80.991596,35.301236]]}},{"type":"Feature","properties":{"site_id":"DEQ-20003-16-018","role":"line","kv":100.0,"nearest":true,"intersects_site":false,"distance_km":null},"geometry":{"type":"LineString","coordinates":[[-81.238434,35.65556],[-81.238147,35.654427],[-81.237994,35.654273]]}},{"type":"Feature","properties":{"site_id":"DEQ-20003-16-018","role":"connector","kv":100.0,"nearest":true,"intersects_site":false,"distance_km":2.819782545221844},"geometry":{"type":"LineString","coordinates":[[-81.214883,35.637238],[-81.237994,35.654273]]}},{"type":"Feature","properties":{"site_id":"DEQ-20004-16-001","role":"line","kv":100.0,"nearest":true,"intersects_site":false,"distance_km":null},"geometry":{"type":"LineString","coordinates":[[-79.443088,36.08232],[-79.443051,36.082131],[-79.444958,36.076086],[-79.443839,36.074125],[-79.442505,36.071657],[-79.442726,36.070822],[-79.440408,36.065668],[-79.44053,36.061317],[-79.444959,36.057462],[-79.445497,36.057314],[-79.451691,36.059484]]}},{"type":"Feature","properties":{"site_id":"DEQ-20004-16-001","role":"connector","kv":100.0,"nearest":true,"intersects_site":false,"distance_km":1.1949798842599453},"geometry":{"type":"LineString","coordinates":[[-79.427331,36.060249],[-79.44053,36.061317]]}},{"type":"Feature","properties":{"site_id":"DEQ-20005-16-060","role":"line","kv":100.0,"nearest":true,"intersects_site":false,"distance_km":null},"geometry":{"type":"LineString","coordinates":[[-80.830718,35.219927],[-80.83103,35.221874],[-80.829827,35.22319],[-80.829432,35.224723],[-80.828898,35.225816],[-80.827499,35.22722],[-80.822563,35.230663],[-80.822341,35.231575],[-80.823011,35.232185],[-80.822852,35.233021],[-80.818505,35.236123],[-80.818248,35.236866],[-80.819038,35.238303],[-80.817456,35.239548],[-80.815928,35.24099],[-80.81467,35.243784],[-80.813891,35.244388],[-80.813701,35.244678]]}},{"type":"Feature","properties":{"site_id":"DEQ-20005-16-060","role":"connector","kv":100.0,"nearest":true,"intersects_site":false,"distance_km":0.3467632809987776},"geometry":{"type":"LineString","coordinates":[[-80.825832,35.234969],[-80.822852,35.233021]]}},{"type":"Feature","properties":{"site_id":"DEQ-20007-16-032","role":"line","kv":230.0,"nearest":true,"intersects_site":false,"distance_km":null},"geometry":{"type":"LineString","coordinates":[[-78.899252,35.873397],[-78.888079,35.874096],[-78.885858,35.874266],[-78.883195,35.874217],[-78.877445,35.874349],[-78.87487,35.87446],[-78.861272,35.873524]]}},{"type":"Feature","properties":{"site_id":"DEQ-20007-16-032","role":"connector","kv":230.0,"nearest":true,"intersects_site":false,"distance_km":0.31646847942806206},"geometry":{"type":"LineString","coordinates":[[-78.883209,35.871365],[-78.883195,35.874217]]}},{"type":"Feature","properties":{"site_id":"DEQ-20010-16-042","role":"line","kv":230.0,"nearest":true,"intersects_site":false,"distance_km":null},"geometry":{"type":"LineString","coordinates":[[-77.661225,36.451799],[-77.660687,36.451633]]}},{"type":"Feature","properties":{"site_id":"DEQ-20010-16-042","role":"connector","kv":230.0,"nearest":true,"intersects_site":false,"distance_km":0.04967477947315972},"geometry":{"type":"LineString","coordinates":[[-77.661651,36.452086],[-77.661225,36.451799]]}},{"type":"Feature","properties":{"site_id":"DEQ-20017-16-011","role":"line","kv":115.0,"nearest":true,"intersects_site":false,"distance_km":null},"geometry":{"type":"LineString","coordinates":[[-82.569435,35.588105],[-82.569141,35.587712],[-82.567518,35.58588],[-82.567267,35.583229],[-82.568453,35.582716],[-82.568603,35.581313],[-82.568991,35.579988],[-82.569328,35.577008],[-82.568864,35.575613],[-82.567057,35.573259],[-82.568005,35.572719]]}},{"type":"Feature","properties":{"site_id":"DEQ-20017-16-011","role":"connector","kv":115.0,"nearest":true,"intersects_site":false,"distance_km":0.12023565690007125},"geometry":{"type":"LineString","coordinates":[[-82.567116,35.575355],[-82.568247,35.57479]]}},{"type":"Feature","properties":{"site_id":"DEQ-20021-16-054","role":"line","kv":115.0,"nearest":true,"intersects_site":false,"distance_km":null},"geometry":{"type":"MultiLineString","coordinates":[[[-77.593532,35.265187],[-77.593537,35.265058],[-77.592661,35.264629],[-77.591877,35.264193],[-77.589751,35.264041],[-77.588096,35.263165],[-77.586674,35.262455],[-77.586647,35.261251],[-77.586726,35.258704],[-77.58642,35.257584],[-77.584123,35.25756],[-77.583077,35.257365],[-77.583044,35.257265],[-77.583165,35.254991]],[[-77.603163,35.266833],[-77.602981,35.266854],[-77.602002,35.266654],[-77.600891,35.266755],[-77.598947,35.266634],[-77.598015,35.26638],[-77.596402,35.266104],[-77.594407,35.265352],[-77.593671,35.265103],[-77.59364,35.265196]]]}},{"type":"Feature","properties":{"site_id":"DEQ-20021-16-054","role":"connector","kv":115.0,"nearest":true,"intersects_site":false,"distance_km":0.006655546530451645},"geometry":{"type":"LineString","coordinates":[[-77.592139,35.264412],[-77.59218,35.264362]]}},{"type":"Feature","properties":{"site_id":"DEQ-20025-16-064","role":"line","kv":115.0,"nearest":true,"intersects_site":false,"distance_km":null},"geometry":{"type":"LineString","coordinates":[[-77.809798,35.975424],[-77.810475,35.974982],[-77.812075,35.973691],[-77.813531,35.972981],[-77.814914,35.972093],[-77.816703,35.970374],[-77.819176,35.96497],[-77.817957,35.964133],[-77.818305,35.953813],[-77.829366,35.952547]]}},{"type":"Feature","properties":{"site_id":"DEQ-20025-16-064","role":"connector","kv":115.0,"nearest":true,"intersects_site":false,"distance_km":0.6765538545805031},"geometry":{"type":"LineString","coordinates":[[-77.810733,35.955736],[-77.81823,35.955899]]}},{"type":"Feature","properties":{"site_id":"DEQ-20027-16-080","role":"line","kv":100.0,"nearest":true,"intersects_site":true,"distance_km":null},"geometry":{"type":"LineString","coordinates":[[-80.498883,35.629707],[-80.485443,35.640972],[-80.485357,35.641392]]}},{"type":"Feature","properties":{"site_id":"DEQ-20028-16-092","role":"line","kv":115.0,"nearest":true,"intersects_site":false,"distance_km":null},"geometry":{"type":"LineString","coordinates":[[-78.630979,35.808749],[-78.631036,35.810789],[-78.627161,35.810973],[-78.626216,35.811094],[-78.626215,35.81206],[-78.62641,35.812722],[-78.626826,35.813779],[-78.626279,35.815619],[-78.625926,35.816323],[-78.625341,35.816116],[-78.620546,35.814603],[-78.619812,35.814477],[-78.619121,35.815734],[-78.618134,35.817422],[-78.61765,35.818157],[-78.617106,35.818683],[-78.616599,35.819041],[-78.615006,35.820033],[-78.614355,35.820478],[-78.612096,35.821754],[-78.610945,35.821415],[-78.609994,35.822274],[-78.609049,35.823242],[-78.608357,35.824024],[-78.607516,35.825884],[-78.607099,35.826989],[-78.608222,35.82712]]}},{"type":"Feature","properties":{"site_id":"DEQ-20028-16-092","role":"connector","kv":115.0,"nearest":true,"intersects_site":false,"distance_km":0.24136202832648648},"geometry":{"type":"LineString","coordinates":[[-78.619338,35.819902],[-78.617294,35.818502]]}},{"type":"Feature","properties":{"site_id":"DEQ-20034-16-060","role":"line","kv":100.0,"nearest":true,"intersects_site":false,"distance_km":null},"geometry":{"type":"LineString","coordinates":[[-80.83797,35.307928],[-80.833583,35.312438],[-80.83241,35.313567],[-80.831208,35.314457],[-80.826436,35.317857],[-80.821042,35.331586],[-80.820917,35.337015]]}},{"type":"Feature","properties":{"site_id":"DEQ-20034-16-060","role":"connector","kv":100.0,"nearest":true,"intersects_site":false,"distance_km":0.2297816233170881},"geometry":{"type":"LineString","coordinates":[[-80.833453,35.315587],[-80.831758,35.31405]]}},{"type":"Feature","properties":{"site_id":"DEQ-20035-16-036","role":"line","kv":230.0,"nearest":true,"intersects_site":false,"distance_km":null},"geometry":{"type":"LineString","coordinates":[[-81.219243,35.293644],[-81.229324,35.285437],[-81.231385,35.283805],[-81.23306,35.282363],[-81.249754,35.270936]]}},{"type":"Feature","properties":{"site_id":"DEQ-20035-16-036","role":"connector","kv":230.0,"nearest":true,"intersects_site":false,"distance_km":0.4004948787595206},"geometry":{"type":"LineString","coordinates":[[-81.235569,35.285438],[-81.232381,35.282948]]}},{"type":"Feature","properties":{"site_id":"DEQ-20050-16-060","role":"line","kv":100.0,"nearest":true,"intersects_site":false,"distance_km":null},"geometry":{"type":"LineString","coordinates":[[-80.843225,35.239137],[-80.842964,35.239603],[-80.843359,35.239961],[-80.844148,35.240975],[-80.843763,35.242217],[-80.845356,35.244227],[-80.845744,35.245191],[-80.845793,35.246063],[-80.84533,35.247641],[-80.844769,35.249118],[-80.843937,35.250791],[-80.843051,35.2527],[-80.843358,35.255317],[-80.843234,35.256959]]}},{"type":"Feature","properties":{"site_id":"DEQ-20050-16-060","role":"connector","kv":100.0,"nearest":true,"intersects_site":false,"distance_km":0.7088019804976022},"geometry":{"type":"LineString","coordinates":[[-80.836387,35.24427],[-80.843763,35.242217]]}},{"type":"Feature","properties":{"site_id":"DEQ-19011-15-011","role":"line","kv":115.0,"nearest":true,"intersects_site":false,"distance_km":null},"geometry":{"type":"LineString","coordinates":[[-82.504183,35.458096],[-82.50537,35.458673],[-82.506931,35.458185],[-82.508411,35.458036],[-82.511014,35.45749],[-82.512669,35.460125],[-82.513684,35.461521],[-82.514808,35.46119],[-82.517283,35.459969],[-82.517888,35.460707],[-82.518435,35.461487],[-82.520778,35.464578],[-82.521863,35.463521],[-82.522524,35.463217],[-82.524413,35.465968],[-82.526178,35.467598],[-82.52812,35.466675],[-82.528416,35.465297],[-82.534472,35.464982],[-82.535908,35.466533],[-82.537961,35.468849]]}},{"type":"Feature","properties":{"site_id":"DEQ-19011-15-011","role":"connector","kv":115.0,"nearest":true,"intersects_site":false,"distance_km":0.365227762315468},"geometry":{"type":"LineString","coordinates":[[-82.521984,35.468695],[-82.52501,35.466524]]}},{"type":"Feature","properties":{"site_id":"DEQ-09064-05-065","role":"line","kv":115.0,"nearest":true,"intersects_site":false,"distance_km":null},"geometry":{"type":"LineString","coordinates":[[-77.937646,34.161859],[-77.925831,34.174718],[-77.925595,34.175509],[-77.925664,34.176092],[-77.934823,34.192092]]}},{"type":"Feature","properties":{"site_id":"DEQ-09064-05-065","role":"connector","kv":115.0,"nearest":true,"intersects_site":false,"distance_km":0.49961194096933964},"geometry":{"type":"LineString","coordinates":[[-77.933082,34.178557],[-77.928187,34.180489]]}},{"type":"Feature","properties":{"site_id":"DEQ-09067-05-080","role":"line","kv":100.0,"nearest":true,"intersects_site":false,"distance_km":null},"geometry":{"type":"LineString","coordinates":[[-80.631477,35.490335],[-80.632758,35.491459],[-80.630872,35.496399],[-80.631406,35.497316],[-80.63179,35.497884],[-80.632144,35.498602],[-80.632822,35.49979],[-80.632267,35.500838],[-80.63146,35.501948],[-80.631433,35.503063],[-80.630263,35.50359],[-80.629791,35.503983],[-80.625186,35.505817],[-80.622973,35.505976],[-80.621737,35.505428],[-80.620876,35.505715],[-80.620359,35.50655],[-80.618971,35.505952],[-80.617936,35.505784]]}},{"type":"Feature","properties":{"site_id":"DEQ-09067-05-080","role":"connector","kv":100.0,"nearest":true,"intersects_site":false,"distance_km":0.6922009801643283},"geometry":{"type":"LineString","coordinates":[[-80.638459,35.505497],[-80.631433,35.503063]]}},{"type":"Feature","properties":{"site_id":"DEQ-12038-08-023","role":"line","kv":230.0,"nearest":true,"intersects_site":false,"distance_km":null},"geometry":{"type":"LineString","coordinates":[[-81.309242,35.236257],[-81.318681,35.229822],[-81.320176,35.22884],[-81.321578,35.227857],[-81.331779,35.220904],[-81.340361,35.2151],[-81.343081,35.213212],[-81.34364,35.212694]]}},{"type":"Feature","properties":{"site_id":"DEQ-12038-08-023","role":"connector","kv":230.0,"nearest":true,"intersects_site":false,"distance_km":1.336614680676221},"geometry":{"type":"LineString","coordinates":[[-81.33558,35.233978],[-81.326188,35.224716]]}},{"type":"Feature","properties":{"site_id":"DEQ-13014-09-083","role":"line","kv":230.0,"nearest":true,"intersects_site":false,"distance_km":null},"geometry":{"type":"LineString","coordinates":[[-79.438888,34.76002],[-79.439486,34.760281],[-79.440015,34.761164],[-79.446824,34.763745],[-79.448606,34.763611],[-79.468523,34.762355],[-79.473258,34.765495],[-79.473735,34.765865],[-79.493665,34.77912],[-79.501391,34.784192],[-79.506696,34.787734]]}},{"type":"Feature","properties":{"site_id":"DEQ-13014-09-083","role":"connector","kv":230.0,"nearest":true,"intersects_site":false,"distance_km":3.068725347901781},"geometry":{"type":"LineString","coordinates":[[-79.462103,34.79366],[-79.483142,34.772119]]}},{"type":"Feature","properties":{"site_id":"DEQ-17015-13-096","role":"line","kv":115.0,"nearest":true,"intersects_site":false,"distance_km":null},"geometry":{"type":"LineString","coordinates":[[-78.047049,35.225321],[-78.047711,35.225449],[-78.04766,35.22551],[-78.072138,35.229663]]}},{"type":"Feature","properties":{"site_id":"DEQ-17015-13-096","role":"connector","kv":115.0,"nearest":true,"intersects_site":false,"distance_km":0.7155108104866192},"geometry":{"type":"LineString","coordinates":[[-78.051325,35.219541],[-78.04975,35.22586]]}},{"type":"Feature","properties":{"site_id":"DEQ-17056-13-036","role":"line","kv":100.0,"nearest":true,"intersects_site":false,"distance_km":null},"geometry":{"type":"LineString","coordinates":[[-81.120442,35.295192],[-81.120096,35.294996],[-81.101737,35.288728],[-81.095354,35.282275],[-81.090399,35.274367],[-81.089781,35.272929]]}},{"type":"Feature","properties":{"site_id":"DEQ-17056-13-036","role":"connector","kv":100.0,"nearest":true,"intersects_site":false,"distance_km":0.23855059350781194},"geometry":{"type":"LineString","coordinates":[[-81.104686,35.287405],[-81.103678,35.289391]]}},{"type":"Feature","properties":{"site_id":"DEQ-17003-13-060","role":"line","kv":100.0,"nearest":true,"intersects_site":false,"distance_km":null},"geometry":{"type":"LineString","coordinates":[[-80.935311,35.274916],[-80.935287,35.275143],[-80.935669,35.275171]]}},{"type":"Feature","properties":{"site_id":"DEQ-17003-13-060","role":"connector","kv":100.0,"nearest":true,"intersects_site":false,"distance_km":0.6101801986522932},"geometry":{"type":"LineString","coordinates":[[-80.941763,35.277471],[-80.935669,35.275171]]}},{"type":"Feature","properties":{"site_id":"DEQ-16002-12-034","role":"line","kv":100.0,"nearest":true,"intersects_site":false,"distance_km":null},"geometry":{"type":"LineString","coordinates":[[-80.409911,36.060243],[-80.407325,36.06019],[-80.406338,36.055932],[-80.404648,36.052037],[-80.4032,36.048424],[-80.401885,36.045362],[-80.398522,36.04495],[-80.398503,36.04237]]}},{"type":"Feature","properties":{"site_id":"DEQ-16002-12-034","role":"connector","kv":100.0,"nearest":true,"intersects_site":false,"distance_km":2.6862409280172574},"geometry":{"type":"LineString","coordinates":[[-80.36869,36.042708],[-80.398498,36.043011]]}},{"type":"Feature","properties":{"site_id":"DEQ-20041-16-014","role":"line","kv":100.0,"nearest":true,"intersects_site":false,"distance_km":null},"geometry":{"type":"LineString","coordinates":[[-81.551076,35.894661],[-81.550562,35.895735],[-81.550278,35.895694]]}},{"type":"Feature","properties":{"site_id":"DEQ-20041-16-014","role":"connector","kv":100.0,"nearest":true,"intersects_site":false,"distance_km":2.654118746370232},"geometry":{"type":"LineString","coordinates":[[-81.558473,35.918774],[-81.550562,35.895735]]}},{"type":"Feature","properties":{"site_id":"DEQ-20043-16-041","role":"line","kv":100.0,"nearest":true,"intersects_site":false,"distance_km":null},"geometry":{"type":"LineString","coordinates":[[-79.76783,36.105166],[-79.769051,36.104491],[-79.770105,36.103593],[-79.770817,36.103098],[-79.772934,36.10146],[-79.775679,36.098584],[-79.778558,36.098141],[-79.779464,36.098075],[-79.780501,36.097222],[-79.782616,36.095563],[-79.783932,36.09498],[-79.789239,36.09284],[-79.790899,36.091877],[-79.793029,36.090555],[-79.795562,36.088047],[-79.798511,36.084702],[-79.799281,36.084121],[-79.800734,36.083957],[-79.801254,36.083528]]}},{"type":"Feature","properties":{"site_id":"DEQ-20043-16-041","role":"connector","kv":100.0,"nearest":true,"intersects_site":false,"distance_km":1.63995389252758},"geometry":{"type":"LineString","coordinates":[[-79.776891,36.081316],[-79.784994,36.094551]]}},{"type":"Feature","properties":{"site_id":"DEQ-20048-16-064","role":"line","kv":115.0,"nearest":true,"intersects_site":false,"distance_km":null},"geometry":{"type":"LineString","coordinates":[[-78.08106,35.933135],[-78.082311,35.938223],[-78.082827,35.940177],[-78.083642,35.943731],[-78.085833,35.95259],[-78.087189,35.958243],[-78.087483,35.959337]]}},{"type":"Feature","properties":{"site_id":"DEQ-20048-16-064","role":"connector","kv":115.0,"nearest":true,"intersects_site":false,"distance_km":0.33726567293712717},"geometry":{"type":"LineString","coordinates":[[-78.081023,35.948607],[-78.084687,35.948002]]}},{"type":"Feature","properties":{"site_id":"DEQ-20051-16-036","role":"line","kv":100.0,"nearest":true,"intersects_site":false,"distance_km":null},"geometry":{"type":"LineString","coordinates":[[-81.415615,35.362973],[-81.408606,35.367618],[-81.398928,35.372268],[-81.395505,35.372653],[-81.391544,35.371802]]}},{"type":"Feature","properties":{"site_id":"DEQ-20051-16-036","role":"connector","kv":100.0,"nearest":true,"intersects_site":false,"distance_km":0.05512017167759956},"geometry":{"type":"LineString","coordinates":[[-81.404184,35.369166],[-81.404491,35.369595]]}},{"type":"Feature","properties":{"site_id":"DEQ-20052-16-010","role":"line","kv":115.0,"nearest":true,"intersects_site":false,"distance_km":null},"geometry":{"type":"LineString","coordinates":[[-78.081071,34.262863],[-78.091357,34.267249],[-78.097883,34.269975],[-78.099645,34.270753],[-78.106161,34.273531],[-78.122343,34.280394]]}},{"type":"Feature","properties":{"site_id":"DEQ-20052-16-010","role":"connector","kv":115.0,"nearest":true,"intersects_site":false,"distance_km":0.5019376081331116},"geometry":{"type":"LineString","coordinates":[[-78.101268,34.266344],[-78.09871,34.27034]]}},{"type":"Feature","properties":{"site_id":"DEQ-20056-16-092","role":"line","kv":115.0,"nearest":true,"intersects_site":false,"distance_km":null},"geometry":{"type":"LineString","coordinates":[[-78.537803,35.964549],[-78.536689,35.964586],[-78.536962,35.96731],[-78.525712,35.978407],[-78.523234,35.980899],[-78.514465,35.989499],[-78.513203,35.990791],[-78.509767,35.994123],[-78.508925,35.994983],[-78.508535,35.995442]]}},{"type":"Feature","properties":{"site_id":"DEQ-20056-16-092","role":"connector","kv":115.0,"nearest":true,"intersects_site":false,"distance_km":1.4180348824837823},"geometry":{"type":"LineString","coordinates":[[-78.510193,35.973655],[-78.522273,35.981837]]}},{"type":"Feature","properties":{"site_id":"DEQ-14007-10-090","role":"line","kv":100.0,"nearest":true,"intersects_site":false,"distance_km":null},"geometry":{"type":"LineString","coordinates":[[-80.513491,34.969009],[-80.513352,34.969111]]}},{"type":"Feature","properties":{"site_id":"DEQ-14007-10-090","role":"connector","kv":100.0,"nearest":true,"intersects_site":false,"distance_km":2.380918045359758},"geometry":{"type":"LineString","coordinates":[[-80.493959,34.98346],[-80.513352,34.969111]]}},{"type":"Feature","properties":{"site_id":"DEQ-15010-11-041","role":"line","kv":230.0,"nearest":true,"intersects_site":false,"distance_km":null},"geometry":{"type":"LineString","coordinates":[[-79.738344,36.168206],[-79.719543,36.157419],[-79.709085,36.154892],[-79.704858,36.14814],[-79.704722,36.147193]]}},{"type":"Feature","properties":{"site_id":"DEQ-15010-11-041","role":"connector","kv":230.0,"nearest":true,"intersects_site":false,"distance_km":1.3614372293698775},"geometry":{"type":"LineString","coordinates":[[-79.712099,36.168432],[-79.716465,36.156685]]}},{"type":"Feature","properties":{"site_id":"DEQ-15040-11-011","role":"line","kv":115.0,"nearest":true,"intersects_site":true,"distance_km":null},"geometry":{"type":"LineString","coordinates":[[-82.501868,35.568867],[-82.498596,35.569534],[-82.496092,35.569669],[-82.484646,35.574244]]}},{"type":"Feature","properties":{"site_id":"DEQ-16039-12-041","role":"line","kv":100.0,"nearest":true,"intersects_site":false,"distance_km":null},"geometry":{"type":"LineString","coordinates":[[-79.770595,36.111104],[-79.770273,36.110981],[-79.767166,36.109336],[-79.767025,36.107731],[-79.767379,36.105754],[-79.767521,36.105337],[-79.769051,36.104491],[-79.770105,36.103593],[-79.770817,36.103098],[-79.772934,36.10146],[-79.775679,36.098584],[-79.778558,36.098141],[-79.779464,36.098075],[-79.780501,36.097222],[-79.782616,36.095563],[-79.783932,36.09498],[-79.789239,36.09284],[-79.790899,36.091877],[-79.792009,36.091188]]}},{"type":"Feature","properties":{"site_id":"DEQ-16039-12-041","role":"connector","kv":100.0,"nearest":true,"intersects_site":false,"distance_km":0.008721544657292123},"geometry":{"type":"LineString","coordinates":[[-79.776894,36.098477],[-79.776876,36.0984]]}},{"type":"Feature","properties":{"site_id":"DEQ-16040-12-051","role":"line","kv":230.0,"nearest":true,"intersects_site":false,"distance_km":null},"geometry":{"type":"LineString","coordinates":[[-78.422984,35.6546],[-78.456564,35.680728]]}},{"type":"Feature","properties":{"site_id":"DEQ-16040-12-051","role":"connector","kv":230.0,"nearest":true,"intersects_site":false,"distance_km":1.2090894769925669},"geometry":{"type":"LineString","coordinates":[[-78.431191,35.67605],[-78.440391,35.66815]]}},{"type":"Feature","properties":{"site_id":"DEQ-17024-13-060","role":"line","kv":100.0,"nearest":true,"intersects_site":false,"distance_km":null},"geometry":{"type":"LineString","coordinates":[[-80.725876,35.12892],[-80.726403,35.132748],[-80.727179,35.134545],[-80.729967,35.138162],[-80.730724,35.139786],[-80.731697,35.141158],[-80.734756,35.144389],[-80.736089,35.145754],[-80.739872,35.147669],[-80.741891,35.147815],[-80.744896,35.149347],[-80.74715,35.148867],[-80.748579,35.150058],[-80.74772,35.151522],[-80.749295,35.155444]]}},{"type":"Feature","properties":{"site_id":"DEQ-17024-13-060","role":"connector","kv":100.0,"nearest":true,"intersects_site":false,"distance_km":0.34481450650096157},"geometry":{"type":"LineString","coordinates":[[-80.738789,35.143471],[-80.736798,35.146114]]}},{"type":"Feature","properties":{"site_id":"DEQ-17030-13-060","role":"line","kv":100.0,"nearest":true,"intersects_site":false,"distance_km":null},"geometry":{"type":"LineString","coordinates":[[-80.901626,35.065032],[-80.900501,35.065074],[-80.874199,35.061077],[-80.873272,35.060576]]}},{"type":"Feature","properties":{"site_id":"DEQ-17030-13-060","role":"connector","kv":100.0,"nearest":true,"intersects_site":false,"distance_km":0.0069786098543086926},"geometry":{"type":"LineString","coordinates":[[-80.889207,35.063291],[-80.889193,35.063353]]}},{"type":"Feature","properties":{"site_id":"DEQ-15019-11-060","role":"line","kv":100.0,"nearest":true,"intersects_site":true,"distance_km":null},"geometry":{"type":"LineString","coordinates":[[-80.828526,35.226189],[-80.827499,35.22722],[-80.822563,35.230663],[-80.822341,35.231575],[-80.823011,35.232185],[-80.822852,35.233021],[-80.818505,35.236123],[-80.818248,35.236866],[-80.819038,35.238303],[-80.817456,35.239548],[-80.815928,35.24099],[-80.81467,35.243784],[-80.813891,35.244388],[-80.813701,35.244678]]}},{"type":"Feature","properties":{"site_id":"DEQ-16059-12-023","role":"line","kv":100.0,"nearest":true,"intersects_site":false,"distance_km":null},"geometry":{"type":"LineString","coordinates":[[-81.31996,35.267086],[-81.328332,35.265103],[-81.337725,35.260299],[-81.358502,35.261853]]}},{"type":"Feature","properties":{"site_id":"DEQ-16059-12-023","role":"connector","kv":100.0,"nearest":true,"intersects_site":false,"distance_km":0.9172784432839861},"geometry":{"type":"LineString","coordinates":[[-81.336994,35.252052],[-81.337725,35.260299]]}},{"type":"Feature","properties":{"site_id":"DEQ-16015-12-025","role":"line","kv":115.0,"nearest":true,"intersects_site":false,"distance_km":null},"geometry":{"type":"LineString","coordinates":[[-77.095994,35.134119],[-77.095896,35.134154],[-77.095476,35.13375],[-77.089476,35.127699],[-77.086645,35.125129],[-77.086012,35.125041],[-77.084015,35.126914],[-77.084673,35.127369],[-77.084355,35.127676]]}},{"type":"Feature","properties":{"site_id":"DEQ-16015-12-025","role":"connector","kv":115.0,"nearest":true,"intersects_site":false,"distance_km":3.7788300394162695},"geometry":{"type":"LineString","coordinates":[[-77.043924,35.118228],[-77.084015,35.126914]]}},{"type":"Feature","properties":{"site_id":"DEQ-08020-04-010","role":"line","kv":230.0,"nearest":true,"intersects_site":false,"distance_km":null},"geometry":{"type":"LineString","coordinates":[[-78.020074,34.276011],[-78.042854,34.273303],[-78.052774,34.276601]]}},{"type":"Feature","properties":{"site_id":"DEQ-08020-04-010","role":"connector","kv":230.0,"nearest":true,"intersects_site":false,"distance_km":0.059325697547681924},"geometry":{"type":"LineString","coordinates":[[-78.041312,34.272954],[-78.041408,34.273483]]}},{"type":"Feature","properties":{"site_id":"DEQ-10049-06-041","role":"line","kv":100.0,"nearest":true,"intersects_site":true,"distance_km":null},"geometry":{"type":"LineString","coordinates":[[-79.897326,36.015222],[-79.898578,36.014224],[-79.901147,36.011545],[-79.908591,36.006742],[-79.912654,36.004097],[-79.913695,36.003389],[-79.914933,36.002634],[-79.916913,36.001336],[-79.918747,36.000568],[-79.924092,35.997445]]}},{"type":"Feature","properties":{"site_id":"DEQ-12012-08-011","role":"line","kv":115.0,"nearest":true,"intersects_site":false,"distance_km":null},"geometry":{"type":"LineString","coordinates":[[-82.647681,35.543276],[-82.648485,35.54327]]}},{"type":"Feature","properties":{"site_id":"DEQ-12012-08-011","role":"connector","kv":115.0,"nearest":true,"intersects_site":false,"distance_km":0.04574883216002065},"geometry":{"type":"LineString","coordinates":[[-82.648988,35.543303],[-82.648485,35.54327]]}},{"type":"Feature","properties":{"site_id":"DEQ-15005-11-092","role":"line","kv":230.0,"nearest":true,"intersects_site":false,"distance_km":null},"geometry":{"type":"LineString","coordinates":[[-78.893168,35.811904],[-78.893199,35.809756],[-78.893067,35.807889],[-78.892729,35.806361],[-78.892634,35.805322],[-78.892151,35.802758],[-78.891649,35.801898],[-78.89089,35.798536],[-78.889677,35.793607],[-78.887987,35.787161],[-78.887863,35.786145]]}},{"type":"Feature","properties":{"site_id":"DEQ-15005-11-092","role":"connector","kv":230.0,"nearest":true,"intersects_site":false,"distance_km":0.26651101548679923},"geometry":{"type":"LineString","coordinates":[[-78.894336,35.800489],[-78.891433,35.800911]]}},{"type":"Feature","properties":{"site_id":"DEQ-16021-12-011","role":"line","kv":115.0,"nearest":true,"intersects_site":true,"distance_km":null},"geometry":{"type":"LineString","coordinates":[[-82.582795,35.597974],[-82.579427,35.595049],[-82.578652,35.594334],[-82.576845,35.590563],[-82.574532,35.588626],[-82.573841,35.587517],[-82.572501,35.586828],[-82.571809,35.586024],[-82.569392,35.585313],[-82.568559,35.583855],[-82.568857,35.581336],[-82.569226,35.58002],[-82.569572,35.576989],[-82.569402,35.576501]]}},{"type":"Feature","properties":{"site_id":"DEQ-16036-12-060","role":"line","kv":100.0,"nearest":true,"intersects_site":true,"distance_km":null},"geometry":{"type":"LineString","coordinates":[[-80.707317,35.130721],[-80.707503,35.130031],[-80.709955,35.129011],[-80.712314,35.127858],[-80.711289,35.124802],[-80.708702,35.121859],[-80.706394,35.120834],[-80.706802,35.118459],[-80.705361,35.110281],[-80.706012,35.108923]]}},{"type":"Feature","properties":{"site_id":"DEQ-16036-12-060","role":"line","kv":100.0,"nearest":false,"intersects_site":true,"distance_km":null},"geometry":{"type":"LineString","coordinates":[[-80.705805,35.108926],[-80.705147,35.11028],[-80.706612,35.118453],[-80.706154,35.120925],[-80.708561,35.122004],[-80.712292,35.126247],[-80.714413,35.128799],[-80.71853,35.126488],[-80.721493,35.125873]]}},{"type":"Feature","properties":{"site_id":"DEQ-16055-12-060","role":"line","kv":100.0,"nearest":true,"intersects_site":true,"distance_km":null},"geometry":{"type":"LineString","coordinates":[[-80.821953,35.329238],[-80.821042,35.331586],[-80.820785,35.343378]]}},{"type":"Feature","properties":{"site_id":"DEQ-09056-05-096","role":"line","kv":115.0,"nearest":true,"intersects_site":false,"distance_km":null},"geometry":{"type":"LineString","coordinates":[[-78.000988,35.418669],[-77.987934,35.423812],[-77.9858,35.423772],[-77.98136,35.423769],[-77.980449,35.423295],[-77.975593,35.42062],[-77.971788,35.418578],[-77.970356,35.417957],[-77.964978,35.415005],[-77.964613,35.41338],[-77.96409,35.41156],[-77.962368,35.410376],[-77.958654,35.407956]]}},{"type":"Feature","properties":{"site_id":"DEQ-09056-05-096","role":"connector","kv":115.0,"nearest":true,"intersects_site":false,"distance_km":0.7328999540739874},"geometry":{"type":"LineString","coordinates":[[-77.979432,35.414778],[-77.974992,35.420296]]}},{"type":"Feature","properties":{"site_id":"DEQ-13012-09-023","role":"line","kv":100.0,"nearest":true,"intersects_site":false,"distance_km":null},"geometry":{"type":"LineString","coordinates":[[-81.347677,35.261043],[-81.369308,35.262646],[-81.383158,35.260052]]}},{"type":"Feature","properties":{"site_id":"DEQ-13012-09-023","role":"connector","kv":100.0,"nearest":true,"intersects_site":false,"distance_km":0.38335817575081366},"geometry":{"type":"LineString","coordinates":[[-81.367921,35.259078],[-81.367555,35.26252]]}},{"type":"Feature","properties":{"site_id":"DEQ-13016-09-034","role":"line","kv":100.0,"nearest":true,"intersects_site":false,"distance_km":null},"geometry":{"type":"LineString","coordinates":[[-80.300668,36.077451],[-80.300208,36.078606],[-80.296304,36.082103],[-80.295723,36.082587],[-80.294426,36.083488],[-80.28518,36.089633],[-80.283497,36.090475],[-80.282545,36.090777],[-80.281112,36.091147]]}},{"type":"Feature","properties":{"site_id":"DEQ-13016-09-034","role":"connector","kv":100.0,"nearest":true,"intersects_site":false,"distance_km":0.031634770013072966},"geometry":{"type":"LineString","coordinates":[[-80.292472,36.085149],[-80.292249,36.084929]]}},{"type":"Feature","properties":{"site_id":"DEQ-13025-09-032","role":"line","kv":100.0,"nearest":true,"intersects_site":false,"distance_km":null},"geometry":{"type":"LineString","coordinates":[[-78.852304,35.904402],[-78.852307,35.904297]]}},{"type":"Feature","properties":{"site_id":"DEQ-13025-09-032","role":"connector","kv":100.0,"nearest":true,"intersects_site":false,"distance_km":0.5219680734948252},"geometry":{"type":"LineString","coordinates":[[-78.855332,35.900288],[-78.852307,35.904297]]}},{"type":"Feature","properties":{"site_id":"DEQ-14001-10-060","role":"line","kv":500.0,"nearest":true,"intersects_site":false,"distance_km":null},"geometry":{"type":"LineString","coordinates":[[-80.991128,35.30835],[-80.991281,35.308104],[-80.991624,35.300618],[-80.992155,35.287684],[-80.996259,35.282096],[-81.002886,35.273215]]}},{"type":"Feature","properties":{"site_id":"DEQ-14001-10-060","role":"connector","kv":500.0,"nearest":true,"intersects_site":false,"distance_km":0.07724564843128641},"geometry":{"type":"LineString","coordinates":[[-80.99279,35.292967],[-80.991941,35.292942]]}},{"type":"Feature","properties":{"site_id":"DEQ-15016-11-088","role":"line","kv":115.0,"nearest":true,"intersects_site":true,"distance_km":null},"geometry":{"type":"LineString","coordinates":[[-82.717913,35.280943],[-82.706343,35.274043],[-82.701744,35.270923],[-82.698888,35.268903],[-82.693758,35.265444],[-82.687012,35.259808],[-82.685807,35.258275],[-82.68496,35.258707]]}},{"type":"Feature","properties":{"site_id":"DEQ-15020-11-060","role":"line","kv":500.0,"nearest":true,"intersects_site":true,"distance_km":null},"geometry":{"type":"LineString","coordinates":[[-80.991546,35.302314],[-80.992155,35.287684],[-80.996259,35.282096],[-81.006215,35.268765],[-81.008484,35.265665],[-81.007833,35.263572]]}},{"type":"Feature","properties":{"site_id":"DEQ-15020-11-060","role":"line","kv":230.0,"nearest":false,"intersects_site":true,"distance_km":null},"geometry":{"type":"LineString","coordinates":[[-81.007323,35.26358],[-81.007959,35.265603],[-81.005995,35.268279],[-81.004295,35.270504],[-80.998238,35.278703],[-80.994821,35.283244],[-80.991646,35.287531],[-80.99103,35.302323]]}},{"type":"Feature","properties":{"site_id":"DEQ-15021-11-088","role":"line","kv":115.0,"nearest":true,"intersects_site":false,"distance_km":null},"geometry":{"type":"LineString","coordinates":[[-82.716418,35.280047],[-82.706343,35.274043],[-82.701744,35.270923],[-82.698888,35.268903],[-82.693758,35.265444],[-82.688044,35.26067]]}},{"type":"Feature","properties":{"site_id":"DEQ-15021-11-088","role":"connector","kv":115.0,"nearest":true,"intersects_site":false,"distance_km":0.1423555521374829},"geometry":{"type":"LineString","coordinates":[[-82.702934,35.270066],[-82.701937,35.271055]]}},{"type":"Feature","properties":{"site_id":"DEQ-15022-11-088","role":"line","kv":115.0,"nearest":true,"intersects_site":false,"distance_km":null},"geometry":{"type":"LineString","coordinates":[[-82.713116,35.278073],[-82.706343,35.274043],[-82.701744,35.270923],[-82.698888,35.268903],[-82.693758,35.265444],[-82.687012,35.259808],[-82.685807,35.258275],[-82.684285,35.25905]]}},{"type":"Feature","properties":{"site_id":"DEQ-15022-11-088","role":"connector","kv":115.0,"nearest":true,"intersects_site":false,"distance_km":0.30917056234611145},"geometry":{"type":"LineString","coordinates":[[-82.700879,35.266638],[-82.698727,35.268794]]}},{"type":"Feature","properties":{"site_id":"DEQ-15036-11-092","role":"line","kv":115.0,"nearest":true,"intersects_site":false,"distance_km":null},"geometry":{"type":"LineString","coordinates":[[-78.564122,35.68847],[-78.566103,35.741248]]}},{"type":"Feature","properties":{"site_id":"DEQ-15036-11-092","role":"connector","kv":115.0,"nearest":true,"intersects_site":false,"distance_km":1.3899041240499506},"geometry":{"type":"LineString","coordinates":[[-78.58065,35.719589],[-78.565295,35.719978]]}},{"type":"Feature","properties":{"site_id":"DEQ-15038-11-042","role":"line","kv":230.0,"nearest":true,"intersects_site":false,"distance_km":null},"geometry":{"type":"LineString","coordinates":[[-77.658192,36.446296],[-77.647404,36.452856],[-77.639056,36.457822]]}},{"type":"Feature","properties":{"site_id":"DEQ-15038-11-042","role":"connector","kv":230.0,"nearest":true,"intersects_site":false,"distance_km":0.2989010829343686},"geometry":{"type":"LineString","coordinates":[[-77.650893,36.45411],[-77.648893,36.451955]]}},{"type":"Feature","properties":{"site_id":"DEQ-16026-12-065","role":"line","kv":115.0,"nearest":true,"intersects_site":false,"distance_km":null},"geometry":{"type":"LineString","coordinates":[[-77.958786,34.268424],[-77.960164,34.257267],[-77.960395,34.255645],[-77.961316,34.247882],[-77.96174,34.243781],[-77.962442,34.238675],[-77.962781,34.235801],[-77.959644,34.233396],[-77.95702,34.23144]]}},{"type":"Feature","properties":{"site_id":"DEQ-16026-12-065","role":"connector","kv":115.0,"nearest":true,"intersects_site":false,"distance_km":0.9020039276336905},"geometry":{"type":"LineString","coordinates":[[-77.951293,34.249368],[-77.96103,34.250234]]}},{"type":"Feature","properties":{"site_id":"DEQ-16062-12-076","role":"line","kv":500.0,"nearest":true,"intersects_site":false,"distance_km":null},"geometry":{"type":"LineString","coordinates":[[-79.598436,35.890494],[-79.568736,35.889671],[-79.563022,35.889124]]}},{"type":"Feature","properties":{"site_id":"DEQ-16062-12-076","role":"connector","kv":500.0,"nearest":true,"intersects_site":false,"distance_km":0.3300024801271235},"geometry":{"type":"LineString","coordinates":[[-79.578523,35.886961],[-79.578394,35.889933]]}},{"type":"Feature","properties":{"site_id":"DEQ-08035-04-055","role":"line","kv":100.0,"nearest":true,"intersects_site":false,"distance_km":null},"geometry":{"type":"LineString","coordinates":[[-81.254006,35.524206],[-81.253428,35.52111],[-81.253128,35.519889],[-81.24736,35.49719]]}},{"type":"Feature","properties":{"site_id":"DEQ-08035-04-055","role":"connector","kv":100.0,"nearest":true,"intersects_site":false,"distance_km":0.29882275537947434},"geometry":{"type":"LineString","coordinates":[[-81.247418,35.51065],[-81.250647,35.510116]]}},{"type":"Feature","properties":{"site_id":"DEQ-14011-10-016","role":"line","kv":115.0,"nearest":true,"intersects_site":false,"distance_km":null},"geometry":{"type":"MultiLineString","coordinates":[[[-76.645788,34.736104],[-76.646622,34.73481],[-76.647106,34.734373],[-76.648546,34.735202],[-76.650419,34.736195]],[[-76.652086,34.736228],[-76.652125,34.735808],[-76.651476,34.734381],[-76.65102,34.733015],[-76.650612,34.732113],[-76.650058,34.731486],[-76.647834,34.726604],[-76.647694,34.725733],[-76.647713,34.725174],[-76.647849,34.72468],[-76.648188,34.723892],[-76.648549,34.723348],[-76.649305,34.722433],[-76.649957,34.721822],[-76.650416,34.721517],[-76.650764,34.721338],[-76.650349,34.720668],[-76.653631,34.719362],[-76.654435,34.718627],[-76.65468,34.71801],[-76.655686,34.716701],[-76.662251,34.720307]]]}},{"type":"Feature","properties":{"site_id":"DEQ-14011-10-016","role":"connector","kv":115.0,"nearest":true,"intersects_site":false,"distance_km":1.0902127061556959},"geometry":{"type":"LineString","coordinates":[[-76.639344,34.716925],[-76.650349,34.720668]]}},{"type":"Feature","properties":{"site_id":"DEQ-14019-10-074","role":"line","kv":115.0,"nearest":true,"intersects_site":false,"distance_km":null},"geometry":{"type":"LineString","coordinates":[[-77.383454,35.601727],[-77.382922,35.601721],[-77.382026,35.601647],[-77.38116,35.601512],[-77.36689,35.599034],[-77.365874,35.598834],[-77.364674,35.598543],[-77.3637,35.59824],[-77.361854,35.597559],[-77.360829,35.597349],[-77.35921,35.596429],[-77.35841,35.59602],[-77.354865,35.594049]]}},{"type":"Feature","properties":{"site_id":"DEQ-14019-10-074","role":"connector","kv":115.0,"nearest":true,"intersects_site":false,"distance_km":0.14739262415219387},"geometry":{"type":"LineString","coordinates":[[-77.368114,35.600594],[-77.368443,35.599293]]}},{"type":"Feature","properties":{"site_id":"DEQ-14036-10-081","role":"line","kv":100.0,"nearest":true,"intersects_site":true,"distance_km":null},"geometry":{"type":"LineString","coordinates":[[-81.826894,35.312828],[-81.826464,35.312718],[-81.826716,35.312101],[-81.827852,35.308927],[-81.829401,35.307781],[-81.834291,35.304306]]}},{"type":"Feature","properties":{"site_id":"DEQ-14036-10-081","role":"line","kv":100.0,"nearest":false,"intersects_site":true,"distance_km":null},"geometry":{"type":"LineString","coordinates":[[-81.834598,35.304547],[-81.834142,35.304843],[-81.828193,35.30913],[-81.826995,35.312593],[-81.82754,35.312712],[-81.827487,35.312867]]}},{"type":"Feature","properties":{"site_id":"DEQ-14036-10-081","role":"line","kv":100.0,"nearest":false,"intersects_site":true,"distance_km":null},"geometry":{"type":"LineString","coordinates":[[-81.826894,35.312828],[-81.827454,35.312956]]}},{"type":"Feature","properties":{"site_id":"DEQ-14036-10-081","role":"line","kv":100.0,"nearest":false,"intersects_site":true,"distance_km":null},"geometry":{"type":"LineString","coordinates":[[-81.82702,35.312856],[-81.826981,35.312965]]}},{"type":"Feature","properties":{"site_id":"DEQ-14036-10-081","role":"line","kv":100.0,"nearest":false,"intersects_site":true,"distance_km":null},"geometry":{"type":"LineString","coordinates":[[-81.827162,35.312889],[-81.827125,35.313]]}},{"type":"Feature","properties":{"site_id":"DEQ-14036-10-081","role":"line","kv":100.0,"nearest":false,"intersects_site":true,"distance_km":null},"geometry":{"type":"LineString","coordinates":[[-81.827487,35.312867],[-81.827413,35.313068]]}},{"type":"Feature","properties":{"site_id":"DEQ-14036-10-081","role":"line","kv":100.0,"nearest":false,"intersects_site":true,"distance_km":null},"geometry":{"type":"LineString","coordinates":[[-81.827303,35.312921],[-81.827266,35.313033]]}},{"type":"Feature","properties":{"site_id":"DEQ-14040-10-060","role":"line","kv":100.0,"nearest":true,"intersects_site":false,"distance_km":null},"geometry":{"type":"LineString","coordinates":[[-80.876563,35.266483],[-80.878689,35.269066],[-80.888871,35.276038],[-80.898724,35.281452],[-80.898387,35.281874],[-80.898593,35.28199]]}},{"type":"Feature","properties":{"site_id":"DEQ-14040-10-060","role":"connector","kv":100.0,"nearest":true,"intersects_site":false,"distance_km":0.48878702727346074},"geometry":{"type":"LineString","coordinates":[[-80.894547,35.273863],[-80.891544,35.277517]]}},{"type":"Feature","properties":{"site_id":"DEQ-15001-11-092","role":"line","kv":230.0,"nearest":true,"intersects_site":false,"distance_km":null},"geometry":{"type":"LineString","coordinates":[[-78.729622,35.767799],[-78.731909,35.768654],[-78.733626,35.7689],[-78.736825,35.769731],[-78.738067,35.770772],[-78.739138,35.771951],[-78.741688,35.773481],[-78.742981,35.774427],[-78.744094,35.775468],[-78.74333,35.776073],[-78.741192,35.777972],[-78.741179,35.778455]]}},{"type":"Feature","properties":{"site_id":"DEQ-15001-11-092","role":"connector","kv":230.0,"nearest":true,"intersects_site":false,"distance_km":0.9595610359949446},"geometry":{"type":"LineString","coordinates":[[-78.731209,35.78142],[-78.741179,35.778455]]}},{"type":"Feature","properties":{"site_id":"DEQ-15018-11-011","role":"line","kv":115.0,"nearest":true,"intersects_site":false,"distance_km":null},"geometry":{"type":"LineString","coordinates":[[-82.542319,35.47267],[-82.542287,35.47297],[-82.541777,35.473411],[-82.539401,35.47319],[-82.536172,35.474428],[-82.532374,35.476024],[-82.524436,35.478209],[-82.522159,35.479669],[-82.513496,35.48121]]}},{"type":"Feature","properties":{"site_id":"DEQ-15018-11-011","role":"connector","kv":115.0,"nearest":true,"intersects_site":false,"distance_km":0.013506553871174975},"geometry":{"type":"LineString","coordinates":[[-82.529436,35.476963],[-82.529389,35.476847]]}},{"type":"Feature","properties":{"site_id":"DEQ-15035-11-060","role":"line","kv":100.0,"nearest":true,"intersects_site":false,"distance_km":null},"geometry":{"type":"LineString","coordinates":[[-80.913536,35.12544],[-80.913946,35.125695],[-80.914459,35.126727],[-80.914049,35.128245],[-80.915987,35.129051],[-80.91824,35.128668],[-80.91927,35.128882],[-80.920034,35.129241],[-80.921128,35.130265],[-80.921733,35.130688],[-80.922104,35.130898],[-80.923647,35.130375],[-80.924728,35.132339],[-80.925348,35.132379],[-80.925958,35.132323]]}},{"type":"Feature","properties":{"site_id":"DEQ-15035-11-060","role":"connector","kv":100.0,"nearest":true,"intersects_site":false,"distance_km":1.1651224104713638},"geometry":{"type":"LineString","coordinates":[[-80.936707,35.126636],[-80.925958,35.132323]]}},{"type":"Feature","properties":{"site_id":"DEQ-14043-10-012","role":"line","kv":100.0,"nearest":true,"intersects_site":false,"distance_km":null},"geometry":{"type":"LineString","coordinates":[[-81.719944,35.720652],[-81.704326,35.720691],[-81.69298,35.719911]]}},{"type":"Feature","properties":{"site_id":"DEQ-14043-10-012","role":"connector","kv":100.0,"nearest":true,"intersects_site":false,"distance_km":0.1750922388361126},"geometry":{"type":"LineString","coordinates":[[-81.703005,35.722174],[-81.703165,35.720602]]}},{"type":"Feature","properties":{"site_id":"DEQ-14031-10-071","role":"line","kv":230.0,"nearest":true,"intersects_site":true,"distance_km":null},"geometry":{"type":"LineString","coordinates":[[-78.024289,34.32193],[-78.020602,34.339126],[-78.022614,34.34207],[-78.017436,34.346036],[-78.010813,34.351035],[-78.004266,34.356027]]}},{"type":"Feature","properties":{"site_id":"DEQ-14031-10-071","role":"line","kv":230.0,"nearest":false,"intersects_site":true,"distance_km":null},"geometry":{"type":"LineString","coordinates":[[-78.024515,34.321931],[-78.020899,34.338793],[-78.032859,34.356261]]}},{"type":"Feature","properties":{"site_id":"DEQ-13020-09-041","role":"line","kv":100.0,"nearest":true,"intersects_site":false,"distance_km":null},"geometry":{"type":"LineString","coordinates":[[-79.830877,36.076908],[-79.830604,36.077238],[-79.830157,36.078513],[-79.828696,36.081124],[-79.828873,36.082227],[-79.827516,36.084294],[-79.82479,36.085821],[-79.821373,36.084619],[-79.814765,36.0797],[-79.8089,36.078745],[-79.803724,36.0815],[-79.802599,36.082165],[-79.801944,36.08266]]}},{"type":"Feature","properties":{"site_id":"DEQ-13020-09-041","role":"connector","kv":100.0,"nearest":true,"intersects_site":false,"distance_km":1.4953750711901181},"geometry":{"type":"LineString","coordinates":[[-79.802269,36.066389],[-79.8089,36.078745]]}},{"type":"Feature","properties":{"site_id":"DEQ-02005-98-007","role":"line","kv":230.0,"nearest":true,"intersects_site":false,"distance_km":null},"geometry":{"type":"LineString","coordinates":[[-77.11231,35.504946],[-77.111259,35.510042],[-77.111068,35.510688],[-77.110781,35.51121],[-77.110347,35.511791],[-77.108982,35.51345],[-77.107638,35.515027],[-77.106948,35.516157],[-77.10602,35.517559],[-77.10502,35.518229],[-77.104424,35.51893],[-77.103035,35.520358],[-77.102424,35.52084],[-77.101761,35.521211],[-77.101074,35.521515],[-77.093626,35.524036],[-77.089214,35.522075]]}},{"type":"Feature","properties":{"site_id":"DEQ-02005-98-007","role":"connector","kv":230.0,"nearest":true,"intersects_site":false,"distance_km":0.03299989098510183},"geometry":{"type":"LineString","coordinates":[[-77.103102,35.519818],[-77.103385,35.520005]]}},{"type":"Feature","properties":{"site_id":"DEQ-03003-99-068","role":"line","kv":100.0,"nearest":true,"intersects_site":true,"distance_km":null},"geometry":{"type":"LineString","coordinates":[[-79.215625,36.080218],[-79.19028,36.076954]]}},{"type":"Feature","properties":{"site_id":"DEQ-04004-00-012","role":"line","kv":100.0,"nearest":true,"intersects_site":true,"distance_km":null},"geometry":{"type":"MultiLineString","coordinates":[[[-81.749881,35.727043],[-81.749908,35.726464],[-81.750235,35.726655],[-81.751853,35.724837],[-81.752955,35.724099],[-81.757544,35.718901],[-81.763585,35.716806],[-81.765806,35.715526],[-81.768945,35.71393]],[[-81.768854,35.711285],[-81.767854,35.708744]]]}},{"type":"Feature","properties":{"site_id":"DEQ-04007-00-060","role":"line","kv":100.0,"nearest":true,"intersects_site":false,"distance_km":null},"geometry":{"type":"LineString","coordinates":[[-80.884781,35.219144],[-80.884866,35.219143],[-80.884917,35.21892],[-80.887386,35.218972],[-80.892265,35.221736],[-80.892413,35.221509],[-80.892502,35.221547]]}},{"type":"Feature","properties":{"site_id":"DEQ-04007-00-060","role":"connector","kv":100.0,"nearest":true,"intersects_site":false,"distance_km":0.7099575956730347},"geometry":{"type":"LineString","coordinates":[[-80.89984,35.223715],[-80.892502,35.221547]]}},{"type":"Feature","properties":{"site_id":"DEQ-04011-00-041","role":"line","kv":100.0,"nearest":true,"intersects_site":false,"distance_km":null},"geometry":{"type":"LineString","coordinates":[[-79.853608,36.062701],[-79.852975,36.063306],[-79.851738,36.063616],[-79.850662,36.063941],[-79.848835,36.064328],[-79.847603,36.064557],[-79.846473,36.065102],[-79.845035,36.065611],[-79.843359,36.066414],[-79.84175,36.068161],[-79.841255,36.069605],[-79.838529,36.07086],[-79.83693,36.071953]]}},{"type":"Feature","properties":{"site_id":"DEQ-04011-00-041","role":"connector","kv":100.0,"nearest":true,"intersects_site":false,"distance_km":0.2840355293099541},"geometry":{"type":"LineString","coordinates":[[-79.852613,36.060272],[-79.853608,36.062701]]}},{"type":"Feature","properties":{"site_id":"DEQ-04017-00-049","role":"line","kv":100.0,"nearest":true,"intersects_site":false,"distance_km":null},"geometry":{"type":"LineString","coordinates":[[-80.822019,35.572278],[-80.821906,35.572004],[-80.82212,35.568981],[-80.823079,35.566497],[-80.823771,35.563045]]}},{"type":"Feature","properties":{"site_id":"DEQ-04017-00-049","role":"connector","kv":100.0,"nearest":true,"intersects_site":false,"distance_km":0.10618497733101724},"geometry":{"type":"LineString","coordinates":[[-80.821161,35.572929],[-80.822019,35.572278]]}},{"type":"Feature","properties":{"site_id":"DEQ-04018-00-065","role":"line","kv":115.0,"nearest":true,"intersects_site":false,"distance_km":null},"geometry":{"type":"LineString","coordinates":[[-77.982706,34.283434],[-77.980926,34.283119],[-77.966231,34.281662],[-77.964963,34.277583],[-77.959918,34.276181],[-77.958943,34.275801],[-77.958133,34.273824],[-77.959291,34.264353]]}},{"type":"Feature","properties":{"site_id":"DEQ-04018-00-065","role":"connector","kv":115.0,"nearest":true,"intersects_site":false,"distance_km":0.050055764466317126},"geometry":{"type":"LineString","coordinates":[[-77.96593,34.278872],[-77.965404,34.278986]]}},{"type":"Feature","properties":{"site_id":"DEQ-05003-01-059","role":"line","kv":230.0,"nearest":true,"intersects_site":false,"distance_km":null},"geometry":{"type":"LineString","coordinates":[[-77.110309,35.854594],[-77.115957,35.86941],[-77.117405,35.873292],[-77.120114,35.875625],[-77.120922,35.880268],[-77.125357,35.885458],[-77.125445,35.886944],[-77.124639,35.888829],[-77.123137,35.892621],[-77.117068,35.908015],[-77.116278,35.910087],[-77.11551,35.911583],[-77.11127,35.918147],[-77.110197,35.919835],[-77.109785,35.920565],[-77.107843,35.921707],[-77.099991,35.926521]]}},{"type":"Feature","properties":{"site_id":"DEQ-05003-01-059","role":"connector","kv":230.0,"nearest":true,"intersects_site":false,"distance_km":7.356491591243718},"geometry":{"type":"LineString","coordinates":[[-77.193265,35.931875],[-77.116278,35.910087]]}},{"type":"Feature","properties":{"site_id":"DEQ-05004-01-060","role":"line","kv":100.0,"nearest":true,"intersects_site":false,"distance_km":null},"geometry":{"type":"LineString","coordinates":[[-80.821428,35.387666],[-80.821646,35.388122],[-80.822666,35.387798],[-80.82405,35.388077],[-80.824113,35.388648],[-80.824494,35.388625]]}},{"type":"Feature","properties":{"site_id":"DEQ-05004-01-060","role":"connector","kv":100.0,"nearest":true,"intersects_site":false,"distance_km":3.0421970740623396},"geometry":{"type":"LineString","coordinates":[[-80.837896,35.413757],[-80.824494,35.388625]]}},{"type":"Feature","properties":{"site_id":"DEQ-05007-01-045","role":"line","kv":115.0,"nearest":true,"intersects_site":false,"distance_km":null},"geometry":{"type":"LineString","coordinates":[[-82.491827,35.456916],[-82.491832,35.456341]]}},{"type":"Feature","properties":{"site_id":"DEQ-05007-01-045","role":"connector","kv":115.0,"nearest":true,"intersects_site":false,"distance_km":2.9965170140291395},"geometry":{"type":"LineString","coordinates":[[-82.495068,35.42946],[-82.491832,35.456341]]}},{"type":"Feature","properties":{"site_id":"DEQ-05014-01-041","role":"line","kv":100.0,"nearest":true,"intersects_site":false,"distance_km":null},"geometry":{"type":"LineString","coordinates":[[-79.904578,36.062431],[-79.878418,36.063207],[-79.873666,36.065393],[-79.870292,36.065881],[-79.867305,36.065796]]}},{"type":"Feature","properties":{"site_id":"DEQ-05014-01-041","role":"connector","kv":100.0,"nearest":true,"intersects_site":false,"distance_km":0.3981182045337651},"geometry":{"type":"LineString","coordinates":[[-79.882809,36.059486],[-79.882966,36.063071]]}},{"type":"Feature","properties":{"site_id":"DEQ-06001-02-078","role":"line","kv":115.0,"nearest":true,"intersects_site":true,"distance_km":null},"geometry":{"type":"LineString","coordinates":[[-78.9969,34.59029],[-78.998132,34.590441],[-78.998174,34.59269],[-78.991487,34.596079]]}},{"type":"Feature","properties":{"site_id":"DEQ-06004-02-060","role":"line","kv":100.0,"nearest":true,"intersects_site":false,"distance_km":null},"geometry":{"type":"LineString","coordinates":[[-80.757926,35.322926],[-80.75883,35.323376],[-80.763946,35.325335],[-80.765693,35.326183],[-80.768318,35.326776],[-80.770595,35.325708],[-80.774629,35.325937],[-80.777654,35.328337],[-80.776972,35.333151]]}},{"type":"Feature","properties":{"site_id":"DEQ-06004-02-060","role":"connector","kv":100.0,"nearest":true,"intersects_site":false,"distance_km":0.6879694747705106},"geometry":{"type":"LineString","coordinates":[[-80.773447,35.338639],[-80.776972,35.333151]]}},{"type":"Feature","properties":{"site_id":"DEQ-06005-02-041","role":"line","kv":100.0,"nearest":true,"intersects_site":false,"distance_km":null},"geometry":{"type":"LineString","coordinates":[[-79.896168,36.016129],[-79.898578,36.014224],[-79.901147,36.011545],[-79.908591,36.006742],[-79.912654,36.004097],[-79.913695,36.003389],[-79.914933,36.002634],[-79.916913,36.001336],[-79.918747,36.000568],[-79.920387,35.99962]]}},{"type":"Feature","properties":{"site_id":"DEQ-06005-02-041","role":"connector","kv":100.0,"nearest":true,"intersects_site":false,"distance_km":0.024681118467459292},"geometry":{"type":"LineString","coordinates":[[-79.90805,36.006806],[-79.90822,36.00698]]}},{"type":"Feature","properties":{"site_id":"DEQ-06014-02-036","role":"line","kv":100.0,"nearest":true,"intersects_site":true,"distance_km":null},"geometry":{"type":"LineString","coordinates":[[-81.236554,35.265597],[-81.243736,35.267596],[-81.2503,35.269467]]}},{"type":"Feature","properties":{"site_id":"DEQ-06015-02-091","role":"line","kv":115.0,"nearest":true,"intersects_site":false,"distance_km":null},"geometry":{"type":"LineString","coordinates":[[-78.439465,36.347586],[-78.439693,36.347295],[-78.440827,36.340481],[-78.441491,36.336746],[-78.441935,36.333826],[-78.443553,36.324532]]}},{"type":"Feature","properties":{"site_id":"DEQ-06015-02-091","role":"connector","kv":115.0,"nearest":true,"intersects_site":false,"distance_km":0.1201413190948186},"geometry":{"type":"LineString","coordinates":[[-78.440128,36.33682],[-78.441454,36.336965]]}},{"type":"Feature","properties":{"site_id":"DEQ-06017-02-053","role":"line","kv":115.0,"nearest":true,"intersects_site":true,"distance_km":null},"geometry":{"type":"LineString","coordinates":[[-79.188158,35.501088],[-79.188599,35.500974],[-79.194134,35.493497],[-79.195013,35.493139],[-79.195648,35.492969],[-79.213083,35.487061]]}},{"type":"Feature","properties":{"site_id":"DEQ-06017-02-053","role":"line","kv":230.0,"nearest":false,"intersects_site":true,"distance_km":null},"geometry":{"type":"LineString","coordinates":[[-79.188149,35.497314],[-79.197218,35.491036],[-79.198409,35.49012],[-79.212315,35.478849]]}},{"type":"Feature","properties":{"site_id":"DEQ-07003-03-010","role":"line","kv":115.0,"nearest":true,"intersects_site":false,"distance_km":null},"geometry":{"type":"LineString","coordinates":[[-78.07491,34.260254],[-78.074276,34.260097],[-78.074338,34.259243]]}},{"type":"Feature","properties":{"site_id":"DEQ-07003-03-010","role":"connector","kv":115.0,"nearest":true,"intersects_site":false,"distance_km":0.42731817567420516},"geometry":{"type":"LineString","coordinates":[[-78.076448,34.255812],[-78.074338,34.259243]]}},{"type":"Feature","properties":{"site_id":"DEQ-07007-03-011","role":"line","kv":115.0,"nearest":true,"intersects_site":true,"distance_km":null},"geometry":{"type":"LineString","coordinates":[[-82.596574,35.642021],[-82.596262,35.642074],[-82.595548,35.639947],[-82.593156,35.638598],[-82.592632,35.637292],[-82.59176,35.635692],[-82.591632,35.635213],[-82.591438,35.634177],[-82.589805,35.630193],[-82.588605,35.6288],[-82.588065,35.628107]]}},{"type":"Feature","properties":{"site_id":"DEQ-07008-03-041","role":"line","kv":100.0,"nearest":true,"intersects_site":false,"distance_km":null},"geometry":{"type":"LineString","coordinates":[[-79.888417,36.062906],[-79.878418,36.063207],[-79.873666,36.065393],[-79.870292,36.065881],[-79.867348,36.065785],[-79.862492,36.067003],[-79.86174,36.066642]]}},{"type":"Feature","properties":{"site_id":"DEQ-07008-03-041","role":"connector","kv":100.0,"nearest":true,"intersects_site":false,"distance_km":0.0472453075666444},"geometry":{"type":"LineString","coordinates":[[-79.873974,36.065741],[-79.873717,36.06537]]}},{"type":"Feature","properties":{"site_id":"DEQ-07014-03-060","role":"line","kv":100.0,"nearest":true,"intersects_site":false,"distance_km":null},"geometry":{"type":"MultiLineString","coordinates":[[[-80.850558,35.153803],[-80.8513,35.155484],[-80.862503,35.160556],[-80.868941,35.167564],[-80.874205,35.172366],[-80.875264,35.172947],[-80.877893,35.173004],[-80.878634,35.176217]],[[-80.880346,35.176191],[-80.881471,35.176007],[-80.882702,35.175988],[-80.884252,35.175825],[-80.884361,35.175101]]]}},{"type":"Feature","properties":{"site_id":"DEQ-07014-03-060","role":"connector","kv":100.0,"nearest":true,"intersects_site":false,"distance_km":1.1690416452824939},"geometry":{"type":"LineString","coordinates":[[-80.874432,35.156045],[-80.864182,35.162386]]}},{"type":"Feature","properties":{"site_id":"DEQ-07023-03-098","role":"line","kv":115.0,"nearest":true,"intersects_site":false,"distance_km":null},"geometry":{"type":"LineString","coordinates":[[-77.914466,35.706357],[-77.914862,35.706366],[-77.914826,35.706146],[-77.914856,35.705555],[-77.914259,35.704665],[-77.91468,35.703241],[-77.912439,35.700017],[-77.908526,35.697964],[-77.90761,35.697944],[-77.902969,35.697457],[-77.901149,35.697313]]}},{"type":"Feature","properties":{"site_id":"DEQ-07023-03-098","role":"connector","kv":115.0,"nearest":true,"intersects_site":false,"distance_km":0.026576684878729925},"geometry":{"type":"LineString","coordinates":[[-77.914173,35.706349],[-77.914466,35.706357]]}},{"type":"Feature","properties":{"site_id":"DEQ-07024-03-060","role":"line","kv":100.0,"nearest":true,"intersects_site":true,"distance_km":null},"geometry":{"type":"LineString","coordinates":[[-80.86565,35.163995],[-80.868941,35.167564],[-80.874205,35.172366],[-80.875264,35.172947],[-80.877893,35.173004],[-80.878692,35.176452],[-80.881471,35.176007],[-80.882702,35.175988],[-80.884252,35.175825],[-80.884361,35.175101]]}},{"type":"Feature","properties":{"site_id":"DEQ-07029-03-092","role":"line","kv":115.0,"nearest":true,"intersects_site":false,"distance_km":null},"geometry":{"type":"LineString","coordinates":[[-78.540617,35.963967],[-78.539949,35.964603],[-78.536881,35.9647],[-78.537143,35.967366],[-78.530897,35.973535],[-78.524609,35.979684],[-78.510495,35.993642]]}},{"type":"Feature","properties":{"site_id":"DEQ-07029-03-092","role":"connector","kv":115.0,"nearest":true,"intersects_site":false,"distance_km":1.2514579113860393},"geometry":{"type":"LineString","coordinates":[[-78.535506,35.986678],[-78.524902,35.979402]]}},{"type":"Feature","properties":{"site_id":"DEQ-08001-04-064","role":"line","kv":230.0,"nearest":true,"intersects_site":true,"distance_km":null},"geometry":{"type":"LineString","coordinates":[[-77.769081,36.012893],[-77.759956,36.029381]]}},{"type":"Feature","properties":{"site_id":"DEQ-08002-04-084","role":"line","kv":100.0,"nearest":true,"intersects_site":false,"distance_km":null},"geometry":{"type":"LineString","coordinates":[[-80.220742,35.337749],[-80.204957,35.347977],[-80.203975,35.350168],[-80.203858,35.350786],[-80.204071,35.353436],[-80.204244,35.354889],[-80.20464,35.356148]]}},{"type":"Feature","properties":{"site_id":"DEQ-08002-04-084","role":"connector","kv":100.0,"nearest":true,"intersects_site":false,"distance_km":0.1366648793586921},"geometry":{"type":"LineString","coordinates":[[-80.206301,35.345533],[-80.207234,35.346499]]}},{"type":"Feature","properties":{"site_id":"DEQ-08009-04-034","role":"line","kv":100.0,"nearest":true,"intersects_site":true,"distance_km":null},"geometry":{"type":"LineString","coordinates":[[-80.246064,36.078273],[-80.248109,36.077872],[-80.251362,36.074956],[-80.256297,36.071916],[-80.259089,36.070653],[-80.25941,36.070466]]}},{"type":"Feature","properties":{"site_id":"DEQ-08009-04-034","role":"line","kv":100.0,"nearest":false,"intersects_site":true,"distance_km":null},"geometry":{"type":"LineString","coordinates":[[-80.245917,36.077856],[-80.248116,36.077425],[-80.251076,36.074714],[-80.257625,36.070724],[-80.258717,36.070265],[-80.259401,36.069873]]}},{"type":"Feature","properties":{"site_id":"DEQ-08009-04-034","role":"line","kv":100.0,"nearest":false,"intersects_site":true,"distance_km":null},"geometry":{"type":"LineString","coordinates":[[-80.245985,36.07809],[-80.248047,36.077684],[-80.251219,36.074834],[-80.257029,36.071271],[-80.258692,36.070457],[-80.259404,36.070054]]}},{"type":"Feature","properties":{"site_id":"DEQ-08009-04-034","role":"line","kv":100.0,"nearest":false,"intersects_site":true,"distance_km":null},"geometry":{"type":"LineString","coordinates":[[-80.22959,36.077885],[-80.232542,36.078708],[-80.237669,36.078875],[-80.239527,36.078972],[-80.242346,36.078762],[-80.243633,36.078281]]}},{"type":"Feature","properties":{"site_id":"DEQ-08009-04-034","role":"line","kv":100.0,"nearest":false,"intersects_site":true,"distance_km":null},"geometry":{"type":"LineString","coordinates":[[-80.245917,36.077856],[-80.24541,36.077926]]}},{"type":"Feature","properties":{"site_id":"DEQ-08009-04-034","role":"line","kv":100.0,"nearest":false,"intersects_site":true,"distance_km":null},"geometry":{"type":"LineString","coordinates":[[-80.245917,36.077856],[-80.245427,36.077985]]}},{"type":"Feature","properties":{"site_id":"DEQ-08009-04-034","role":"line","kv":100.0,"nearest":false,"intersects_site":true,"distance_km":null},"geometry":{"type":"LineString","coordinates":[[-80.244242,36.078092],[-80.243609,36.078173],[-80.242953,36.078093]]}},{"type":"Feature","properties":{"site_id":"DEQ-08009-04-034","role":"line","kv":100.0,"nearest":false,"intersects_site":true,"distance_km":null},"geometry":{"type":"LineString","coordinates":[[-80.245477,36.078162],[-80.245985,36.07809]]}},{"type":"Feature","properties":{"site_id":"DEQ-08009-04-034","role":"line","kv":100.0,"nearest":false,"intersects_site":true,"distance_km":null},"geometry":{"type":"LineString","coordinates":[[-80.243673,36.078394],[-80.242331,36.079052],[-80.241498,36.079669],[-80.239854,36.080297],[-80.239431,36.081583],[-80.237513,36.084082],[-80.235916,36.083278],[-80.233502,36.082933],[-80.231999,36.085095],[-80.230815,36.085686],[-80.229712,36.085889]]}},{"type":"Feature","properties":{"site_id":"DEQ-08009-04-034","role":"line","kv":100.0,"nearest":false,"intersects_site":true,"distance_km":null},"geometry":{"type":"LineString","coordinates":[[-80.251197,36.090823],[-80.249374,36.087931],[-80.247985,36.086767],[-80.24768,36.086289],[-80.246393,36.083401],[-80.246147,36.083088],[-80.245441,36.082336],[-80.244431,36.080988],[-80.245481,36.080541],[-80.246012,36.079089],[-80.245838,36.078461],[-80.245576,36.078518]]}},{"type":"Feature","properties":{"site_id":"DEQ-08009-04-034","role":"line","kv":100.0,"nearest":false,"intersects_site":true,"distance_km":null},"geometry":{"type":"LineString","coordinates":[[-80.245985,36.07809],[-80.245494,36.078221]]}},{"type":"Feature","properties":{"site_id":"DEQ-08009-04-034","role":"line","kv":100.0,"nearest":false,"intersects_site":true,"distance_km":null},"geometry":{"type":"LineString","coordinates":[[-80.244275,36.078199],[-80.243633,36.078281]]}},{"type":"Feature","properties":{"site_id":"DEQ-08009-04-034","role":"line","kv":100.0,"nearest":false,"intersects_site":true,"distance_km":null},"geometry":{"type":"LineString","coordinates":[[-80.244295,36.078265],[-80.243633,36.078281]]}},{"type":"Feature","properties":{"site_id":"DEQ-08009-04-034","role":"line","kv":100.0,"nearest":false,"intersects_site":true,"distance_km":null},"geometry":{"type":"LineString","coordinates":[[-80.244259,36.078147],[-80.243609,36.078173],[-80.242354,36.07848],[-80.242331,36.078204]]}},{"type":"Feature","properties":{"site_id":"DEQ-08009-04-034","role":"line","kv":100.0,"nearest":false,"intersects_site":true,"distance_km":null},"geometry":{"type":"LineString","coordinates":[[-80.245528,36.078341],[-80.246064,36.078273]]}},{"type":"Feature","properties":{"site_id":"DEQ-08009-04-034","role":"line","kv":100.0,"nearest":false,"intersects_site":true,"distance_km":null},"geometry":{"type":"LineString","coordinates":[[-80.246064,36.078273],[-80.245544,36.078395]]}},{"type":"Feature","properties":{"site_id":"DEQ-08009-04-034","role":"line","kv":100.0,"nearest":false,"intersects_site":true,"distance_km":null},"geometry":{"type":"LineString","coordinates":[[-80.244331,36.078382],[-80.243673,36.078394]]}},{"type":"Feature","properties":{"site_id":"DEQ-08009-04-034","role":"line","kv":100.0,"nearest":false,"intersects_site":true,"distance_km":null},"geometry":{"type":"LineString","coordinates":[[-80.24435,36.078445],[-80.243673,36.078394]]}},{"type":"Feature","properties":{"site_id":"DEQ-08013-04-044","role":"line","kv":115.0,"nearest":true,"intersects_site":false,"distance_km":null},"geometry":{"type":"LineString","coordinates":[[-83.006739,35.484397],[-83.007985,35.48528],[-83.007455,35.488325],[-83.006253,35.493685]]}},{"type":"Feature","properties":{"site_id":"DEQ-08013-04-044","role":"connector","kv":115.0,"nearest":true,"intersects_site":false,"distance_km":1.6058335735624594},"geometry":{"type":"LineString","coordinates":[[-83.009317,35.470076],[-83.006739,35.484397]]}},{"type":"Feature","properties":{"site_id":"DEQ-08015-04-060","role":"line","kv":100.0,"nearest":true,"intersects_site":false,"distance_km":null},"geometry":{"type":"LineString","coordinates":[[-80.839549,35.485769],[-80.848899,35.487213],[-80.853201,35.485186],[-80.856696,35.483601],[-80.856679,35.483523]]}},{"type":"Feature","properties":{"site_id":"DEQ-08015-04-060","role":"connector","kv":100.0,"nearest":true,"intersects_site":false,"distance_km":1.7212085907086576},"geometry":{"type":"LineString","coordinates":[[-80.859963,35.499896],[-80.850398,35.486497]]}},{"type":"Feature","properties":{"site_id":"DEQ-08017-04-079","role":"line","kv":100.0,"nearest":true,"intersects_site":false,"distance_km":null},"geometry":{"type":"LineString","coordinates":[[-79.849856,36.424857],[-79.860517,36.424658],[-79.864913,36.424607],[-79.936668,36.42416],[-79.948456,36.415029]]}},{"type":"Feature","properties":{"site_id":"DEQ-08017-04-079","role":"connector","kv":100.0,"nearest":true,"intersects_site":false,"distance_km":3.9525362801428994},"geometry":{"type":"LineString","coordinates":[[-79.90695,36.459971],[-79.906434,36.424358]]}},{"type":"Feature","properties":{"site_id":"DEQ-08022-04-060","role":"line","kv":100.0,"nearest":true,"intersects_site":true,"distance_km":null},"geometry":{"type":"LineString","coordinates":[[-80.762181,35.305704],[-80.76204,35.306094],[-80.761211,35.307634],[-80.760715,35.309024],[-80.760913,35.312363],[-80.759901,35.313298],[-80.757586,35.314761],[-80.754001,35.318703],[-80.75381,35.320861],[-80.75883,35.323376],[-80.763946,35.325335],[-80.765693,35.326183],[-80.768318,35.326776],[-80.770595,35.325708],[-80.77133,35.32575]]}},{"type":"Feature","properties":{"site_id":"DEQ-08026-04-042","role":"line","kv":115.0,"nearest":true,"intersects_site":true,"distance_km":null},"geometry":{"type":"LineString","coordinates":[[-77.418433,36.121771],[-77.40906,36.12053],[-77.407026,36.119115],[-77.402427,36.116031]]}},{"type":"Feature","properties":{"site_id":"DEQ-08030-04-001","role":"line","kv":100.0,"nearest":true,"intersects_site":false,"distance_km":null},"geometry":{"type":"LineString","coordinates":[[-79.334353,36.08845],[-79.338396,36.085662],[-79.34854,36.078552]]}},{"type":"Feature","properties":{"site_id":"DEQ-08030-04-001","role":"connector","kv":100.0,"nearest":true,"intersects_site":false,"distance_km":0.24060651891634177},"geometry":{"type":"LineString","coordinates":[[-79.348212,36.081647],[-79.346466,36.080006]]}},{"type":"Feature","properties":{"site_id":"DEQ-09005-05-049","role":"line","kv":100.0,"nearest":true,"intersects_site":false,"distance_km":null},"geometry":{"type":"LineString","coordinates":[[-80.906208,35.803348],[-80.907224,35.802877],[-80.90868,35.802263],[-80.914721,35.8017],[-80.919749,35.799685],[-80.922099,35.799332],[-80.925765,35.798707],[-80.92822,35.798757],[-80.929811,35.798762],[-80.931013,35.798731],[-80.935574,35.800906],[-80.936499,35.802123],[-80.938804,35.80201],[-80.942862,35.801116]]}},{"type":"Feature","properties":{"site_id":"DEQ-09005-05-049","role":"connector","kv":100.0,"nearest":true,"intersects_site":false,"distance_km":0.4305900838974331},"geometry":{"type":"LineString","coordinates":[[-80.926882,35.794848],[-80.926765,35.798727]]}},{"type":"Feature","properties":{"site_id":"DEQ-09007-05-041","role":"line","kv":230.0,"nearest":true,"intersects_site":false,"distance_km":null},"geometry":{"type":"LineString","coordinates":[[-79.699453,36.087873],[-79.698802,36.078975],[-79.714938,36.068327],[-79.721642,36.063843],[-79.724429,36.062042],[-79.72633,36.060763]]}},{"type":"Feature","properties":{"site_id":"DEQ-09007-05-041","role":"connector","kv":230.0,"nearest":true,"intersects_site":false,"distance_km":2.2794638304511308},"geometry":{"type":"LineString","coordinates":[[-79.689907,36.058371],[-79.705765,36.074379]]}},{"type":"Feature","properties":{"site_id":"DEQ-09011-05-060","role":"line","kv":100.0,"nearest":true,"intersects_site":false,"distance_km":null},"geometry":{"type":"LineString","coordinates":[[-80.774026,35.180822],[-80.778877,35.184313],[-80.779546,35.184934],[-80.783837,35.190217],[-80.784759,35.191252],[-80.78615,35.192403],[-80.787727,35.193256],[-80.793191,35.195694],[-80.794595,35.196304],[-80.795724,35.19646],[-80.797237,35.197233]]}},{"type":"Feature","properties":{"site_id":"DEQ-09011-05-060","role":"connector","kv":100.0,"nearest":true,"intersects_site":false,"distance_km":0.35477441674389243},"geometry":{"type":"LineString","coordinates":[[-80.78228,35.193741],[-80.785046,35.191489]]}},{"type":"Feature","properties":{"site_id":"DEQ-09018-05-079","role":"line","kv":138.0,"nearest":true,"intersects_site":false,"distance_km":null},"geometry":{"type":"LineString","coordinates":[[-79.719178,36.486789],[-79.718952,36.48689],[-79.718422,36.488719],[-79.717734,36.489926],[-79.717647,36.49058],[-79.715633,36.492196],[-79.717522,36.49445],[-79.719497,36.49511],[-79.720874,36.495298],[-79.720428,36.496577],[-79.717393,36.497076],[-79.721467,36.514889],[-79.721543,36.524407],[-79.724559,36.526544],[-79.740338,36.53789],[-79.754977,36.538218],[-79.774198,36.540093],[-79.777975,36.542364],[-79.78467,36.546905]]}},{"type":"Feature","properties":{"site_id":"DEQ-09018-05-079","role":"connector","kv":138.0,"nearest":true,"intersects_site":false,"distance_km":3.0715368220029764},"geometry":{"type":"LineString","coordinates":[[-79.755097,36.509495],[-79.721394,36.514573]]}},{"type":"Feature","properties":{"site_id":"DEQ-09026-05-060","role":"line","kv":100.0,"nearest":true,"intersects_site":false,"distance_km":null},"geometry":{"type":"LineString","coordinates":[[-80.860422,35.146665],[-80.860193,35.146519],[-80.859339,35.146676],[-80.85784,35.147358],[-80.856971,35.15176],[-80.854184,35.151601],[-80.850463,35.153113],[-80.849791,35.151583],[-80.849532,35.151698]]}},{"type":"Feature","properties":{"site_id":"DEQ-09026-05-060","role":"connector","kv":100.0,"nearest":true,"intersects_site":false,"distance_km":0.14591042263057097},"geometry":{"type":"LineString","coordinates":[[-80.862024,35.146676],[-80.860422,35.146665]]}},{"type":"Feature","properties":{"site_id":"DEQ-09029-05-013","role":"line","kv":100.0,"nearest":true,"intersects_site":true,"distance_km":null},"geometry":{"type":"LineString","coordinates":[[-80.629548,35.489018],[-80.630086,35.489098],[-80.632758,35.491459],[-80.630872,35.496399],[-80.631406,35.497316],[-80.63179,35.497884],[-80.632144,35.498602],[-80.632822,35.49979],[-80.632267,35.500838],[-80.63146,35.501948],[-80.631433,35.503063],[-80.630263,35.50359],[-80.629791,35.503983],[-80.625186,35.505817],[-80.622973,35.505976],[-80.621737,35.505428],[-80.620876,35.505715],[-80.620359,35.50655],[-80.618971,35.505952],[-80.616675,35.505581],[-80.614221,35.509207],[-80.613111,35.510199],[-80.61218,35.511223],[-80.610815,35.514241],[-80.609978,35.515458]]}},{"type":"Feature","properties":{"site_id":"DEQ-09035-05-092","role":"line","kv":115.0,"nearest":true,"intersects_site":false,"distance_km":null},"geometry":{"type":"LineString","coordinates":[[-78.632143,35.806257],[-78.632273,35.806459],[-78.632359,35.806712],[-78.631691,35.806765],[-78.630941,35.806892],[-78.631036,35.810789],[-78.627161,35.810973],[-78.626216,35.811094],[-78.626215,35.81206],[-78.62641,35.812722],[-78.626826,35.813779],[-78.626279,35.815619],[-78.625926,35.816323],[-78.625341,35.816116],[-78.620546,35.814603],[-78.619812,35.814477],[-78.619121,35.815734],[-78.618134,35.817422],[-78.61765,35.818157],[-78.617106,35.818683],[-78.616599,35.819041],[-78.615006,35.820033],[-78.614355,35.820478],[-78.612096,35.821754],[-78.610945,35.821415],[-78.609994,35.822274],[-78.609049,35.823242],[-78.608357,35.824024],[-78.607516,35.825884],[-78.607099,35.826989],[-78.608222,35.82712]]}},{"type":"Feature","properties":{"site_id":"DEQ-09035-05-092","role":"connector","kv":115.0,"nearest":true,"intersects_site":false,"distance_km":0.1944603995154468},"geometry":{"type":"LineString","coordinates":[[-78.620775,35.816988],[-78.618828,35.816241]]}},{"type":"Feature","properties":{"site_id":"DEQ-09053-05-021","role":"line","kv":230.0,"nearest":true,"intersects_site":true,"distance_km":null},"geometry":{"type":"LineString","coordinates":[[-76.600948,36.064292],[-76.599228,36.066903],[-76.59839,36.070217],[-76.598127,36.071133],[-76.597106,36.076963],[-76.595601,36.078105]]}},{"type":"Feature","properties":{"site_id":"DEQ-09055-05-080","role":"line","kv":100.0,"nearest":true,"intersects_site":false,"distance_km":null},"geometry":{"type":"LineString","coordinates":[[-80.484342,35.641891],[-80.478308,35.646947],[-80.47234,35.653312],[-80.472277,35.653571]]}},{"type":"Feature","properties":{"site_id":"DEQ-09055-05-080","role":"connector","kv":100.0,"nearest":true,"intersects_site":false,"distance_km":0.42375081276387794},"geometry":{"type":"LineString","coordinates":[[-80.468781,35.650825],[-80.47248,35.653165]]}},{"type":"Feature","properties":{"site_id":"DEQ-09058-05-060","role":"line","kv":100.0,"nearest":true,"intersects_site":false,"distance_km":null},"geometry":{"type":"LineString","coordinates":[[-80.837628,35.204593],[-80.8373,35.204487],[-80.837104,35.204913],[-80.836741,35.207547],[-80.836644,35.208541],[-80.836819,35.208962],[-80.837678,35.209795],[-80.837129,35.210346],[-80.83803,35.211394],[-80.837675,35.212684],[-80.83701,35.213855],[-80.835105,35.215933],[-80.834045,35.217205],[-80.832666,35.218183]]}},{"type":"Feature","properties":{"site_id":"DEQ-09058-05-060","role":"connector","kv":100.0,"nearest":true,"intersects_site":false,"distance_km":0.10034390682358596},"geometry":{"type":"LineString","coordinates":[[-80.835866,35.2136],[-80.836749,35.214142]]}},{"type":"Feature","properties":{"site_id":"DEQ-09065-05-073","role":"line","kv":230.0,"nearest":true,"intersects_site":false,"distance_km":null},"geometry":{"type":"LineString","coordinates":[[-78.976412,36.341098],[-78.976034,36.34568],[-78.975832,36.347716],[-78.977137,36.350157],[-78.977699,36.350175]]}},{"type":"Feature","properties":{"site_id":"DEQ-09065-05-073","role":"connector","kv":230.0,"nearest":true,"intersects_site":false,"distance_km":1.3845712919947477},"geometry":{"type":"LineString","coordinates":[[-78.97927,36.362587],[-78.977699,36.350175]]}},{"type":"Feature","properties":{"site_id":"DEQ-10001-06-018","role":"line","kv":100.0,"nearest":true,"intersects_site":false,"distance_km":null},"geometry":{"type":"LineString","coordinates":[[-81.30648,35.760472],[-81.307958,35.760904],[-81.312835,35.761102],[-81.32214,35.761917],[-81.326601,35.766026],[-81.330981,35.766178]]}},{"type":"Feature","properties":{"site_id":"DEQ-10001-06-018","role":"connector","kv":100.0,"nearest":true,"intersects_site":false,"distance_km":1.3493850009631796},"geometry":{"type":"LineString","coordinates":[[-81.332252,35.752973],[-81.32214,35.761917]]}},{"type":"Feature","properties":{"site_id":"DEQ-10010-06-060","role":"line","kv":100.0,"nearest":true,"intersects_site":false,"distance_km":null},"geometry":{"type":"LineString","coordinates":[[-80.813597,35.244778],[-80.813388,35.244936],[-80.81364,35.245515],[-80.814251,35.24644],[-80.813643,35.247399],[-80.812704,35.248508],[-80.810132,35.250107],[-80.807793,35.250679],[-80.805897,35.250883],[-80.803901,35.251284],[-80.803146,35.254225],[-80.802963,35.254602],[-80.799591,35.257787],[-80.799706,35.258801],[-80.797936,35.259992],[-80.796957,35.260264],[-80.786912,35.269757]]}},{"type":"Feature","properties":{"site_id":"DEQ-10010-06-060","role":"connector","kv":100.0,"nearest":true,"intersects_site":false,"distance_km":1.212279171778365},"geometry":{"type":"LineString","coordinates":[[-80.811727,35.263515],[-80.799706,35.258801]]}},{"type":"Feature","properties":{"site_id":"DEQ-10028-06-041","role":"line","kv":100.0,"nearest":true,"intersects_site":true,"distance_km":null},"geometry":{"type":"LineString","coordinates":[[-79.914721,36.069718],[-79.916644,36.067418],[-79.914536,36.064156],[-79.915009,36.06045]]}},{"type":"Feature","properties":{"site_id":"DEQ-10028-06-041","role":"line","kv":100.0,"nearest":false,"intersects_site":true,"distance_km":null},"geometry":{"type":"LineString","coordinates":[[-79.930131,36.061651],[-79.929684,36.061665],[-79.927918,36.062011],[-79.926362,36.061769],[-79.920939,36.061935],[-79.918775,36.060609],[-79.915009,36.06045],[-79.913114,36.060188],[-79.911108,36.060136],[-79.910342,36.061209],[-79.909633,36.062277],[-79.903586,36.06246]]}},{"type":"Feature","properties":{"site_id":"DEQ-10038-06-060","role":"line","kv":100.0,"nearest":true,"intersects_site":false,"distance_km":null},"geometry":{"type":"LineString","coordinates":[[-80.789527,35.194059],[-80.794595,35.196304],[-80.795724,35.19646],[-80.79733,35.19728],[-80.798674,35.198257],[-80.80097,35.200602],[-80.801561,35.20156],[-80.80279,35.202254],[-80.804751,35.202924],[-80.805957,35.203553],[-80.806597,35.204005],[-80.807257,35.204758],[-80.807843,35.205491],[-80.804319,35.207193],[-80.803965,35.207545],[-80.802763,35.208247],[-80.802293,35.209713],[-80.800803,35.210796],[-80.800429,35.212366],[-80.799539,35.21285]]}},{"type":"Feature","properties":{"site_id":"DEQ-10038-06-060","role":"connector","kv":100.0,"nearest":true,"intersects_site":false,"distance_km":0.11266272383814009},"geometry":{"type":"LineString","coordinates":[[-80.802819,35.206967],[-80.803536,35.207795]]}},{"type":"Feature","properties":{"site_id":"DEQ-10040-06-065","role":"line","kv":115.0,"nearest":true,"intersects_site":false,"distance_km":null},"geometry":{"type":"LineString","coordinates":[[-77.959085,34.265997],[-77.960164,34.257267],[-77.960395,34.255645],[-77.961316,34.247882],[-77.96174,34.243781],[-77.962442,34.238675],[-77.962781,34.235801],[-77.959644,34.233396],[-77.954858,34.229797],[-77.954862,34.229359]]}},{"type":"Feature","properties":{"site_id":"DEQ-10040-06-065","role":"connector","kv":115.0,"nearest":true,"intersects_site":false,"distance_km":0.836648774272216},"geometry":{"type":"LineString","coordinates":[[-77.952653,34.243507],[-77.961702,34.244149]]}},{"type":"Feature","properties":{"site_id":"DEQ-10048-06-076","role":"line","kv":100.0,"nearest":true,"intersects_site":true,"distance_km":null},"geometry":{"type":"LineString","coordinates":[[-79.932911,35.87003],[-79.924072,35.873222],[-79.923699,35.882557],[-79.923599,35.882738]]}},{"type":"Feature","properties":{"site_id":"DEQ-10060-06-045","role":"line","kv":100.0,"nearest":true,"intersects_site":false,"distance_km":null},"geometry":{"type":"LineString","coordinates":[[-82.406505,35.269721],[-82.406,35.269531],[-82.405641,35.270074],[-82.407419,35.271021],[-82.40804,35.27479],[-82.408395,35.276697],[-82.405128,35.278978],[-82.406614,35.282081],[-82.411431,35.291794],[-82.412192,35.292551]]}},{"type":"Feature","properties":{"site_id":"DEQ-10060-06-045","role":"connector","kv":100.0,"nearest":true,"intersects_site":false,"distance_km":0.503503164291859},"geometry":{"type":"LineString","coordinates":[[-82.399777,35.277818],[-82.405128,35.278978]]}},{"type":"Feature","properties":{"site_id":"DEQ-10066-06-092","role":"line","kv":115.0,"nearest":true,"intersects_site":false,"distance_km":null},"geometry":{"type":"LineString","coordinates":[[-78.657807,35.743787],[-78.638612,35.72559],[-78.637331,35.724968],[-78.637065,35.724128],[-78.634361,35.721572],[-78.633636,35.721552]]}},{"type":"Feature","properties":{"site_id":"DEQ-10066-06-092","role":"connector","kv":115.0,"nearest":true,"intersects_site":false,"distance_km":1.5835926424361795},"geometry":{"type":"LineString","coordinates":[[-78.65472,35.718989],[-78.641497,35.728341]]}},{"type":"Feature","properties":{"site_id":"DEQ-11005-07-011","role":"line","kv":115.0,"nearest":true,"intersects_site":false,"distance_km":null},"geometry":{"type":"LineString","coordinates":[[-82.365579,35.606398],[-82.36475,35.606637],[-82.363622,35.606379],[-82.362616,35.605991],[-82.359883,35.606084],[-82.358846,35.600745],[-82.349035,35.602668],[-82.345973,35.605567],[-82.339176,35.607546],[-82.33717,35.60772],[-82.336246,35.606425],[-82.33448,35.605903]]}},{"type":"Feature","properties":{"site_id":"DEQ-11005-07-011","role":"connector","kv":115.0,"nearest":true,"intersects_site":false,"distance_km":0.09771733624324971},"geometry":{"type":"LineString","coordinates":[[-82.348478,35.60456],[-82.347659,35.603987]]}},{"type":"Feature","properties":{"site_id":"DEQ-11031-07-036","role":"line","kv":230.0,"nearest":true,"intersects_site":false,"distance_km":null},"geometry":{"type":"LineString","coordinates":[[-81.223026,35.290564],[-81.229324,35.285437],[-81.231385,35.283805],[-81.23306,35.282363],[-81.250078,35.270712]]}},{"type":"Feature","properties":{"site_id":"DEQ-11031-07-036","role":"connector","kv":230.0,"nearest":true,"intersects_site":false,"distance_km":0.33053546175955595},"geometry":{"type":"LineString","coordinates":[[-81.2379,35.282935],[-81.235574,35.280646]]}},{"type":"Feature","properties":{"site_id":"DEQ-12022-08-060","role":"line","kv":100.0,"nearest":true,"intersects_site":false,"distance_km":null},"geometry":{"type":"MultiLineString","coordinates":[[[-80.772573,35.179777],[-80.778877,35.184313],[-80.779546,35.184934],[-80.783837,35.190217],[-80.784759,35.191252],[-80.78615,35.192403],[-80.787727,35.193256],[-80.794595,35.196304],[-80.795724,35.19646],[-80.79733,35.19728],[-80.798674,35.198257],[-80.799626,35.199225]],[[-80.799923,35.212642],[-80.799539,35.21285]]]}},{"type":"Feature","properties":{"site_id":"DEQ-12022-08-060","role":"connector","kv":100.0,"nearest":true,"intersects_site":false,"distance_km":0.989018115140665},"geometry":{"type":"LineString","coordinates":[[-80.777498,35.197903],[-80.78521,35.191625]]}},{"type":"Feature","properties":{"site_id":"DEQ-14015-10-060","role":"line","kv":100.0,"nearest":true,"intersects_site":false,"distance_km":null},"geometry":{"type":"LineString","coordinates":[[-80.913536,35.12544],[-80.913946,35.125695],[-80.914459,35.126727],[-80.914049,35.128245],[-80.915987,35.129051],[-80.91824,35.128668],[-80.91927,35.128882],[-80.920034,35.129241],[-80.921128,35.130265],[-80.921733,35.130688],[-80.922104,35.130898],[-80.923647,35.130375],[-80.924728,35.132339],[-80.925348,35.132379],[-80.925958,35.132323]]}},{"type":"Feature","properties":{"site_id":"DEQ-14015-10-060","role":"connector","kv":100.0,"nearest":true,"intersects_site":false,"distance_km":1.6726798843888921},"geometry":{"type":"LineString","coordinates":[[-80.94195,35.124923],[-80.925958,35.132323]]}},{"type":"Feature","properties":{"site_id":"DEQ-14047-10-088","role":"line","kv":115.0,"nearest":true,"intersects_site":false,"distance_km":null},"geometry":{"type":"LineString","coordinates":[[-82.719915,35.282152],[-82.712022,35.277408],[-82.706343,35.274043],[-82.701744,35.270923],[-82.698888,35.268903],[-82.693758,35.265444],[-82.689602,35.261972]]}},{"type":"Feature","properties":{"site_id":"DEQ-14047-10-088","role":"connector","kv":115.0,"nearest":true,"intersects_site":false,"distance_km":0.4551154294160307},"geometry":{"type":"LineString","coordinates":[[-82.705899,35.268418],[-82.702712,35.27158]]}},{"type":"Feature","properties":{"site_id":"DEQ-10036-06-060","role":"line","kv":100.0,"nearest":true,"intersects_site":false,"distance_km":null},"geometry":{"type":"LineString","coordinates":[[-80.874824,35.186244],[-80.87319,35.188572],[-80.866185,35.193211],[-80.863003,35.195273],[-80.861931,35.195864],[-80.858761,35.197454],[-80.85679,35.198485],[-80.855186,35.198191],[-80.851599,35.196094],[-80.850564,35.196258],[-80.849395,35.196784],[-80.848666,35.197918]]}},{"type":"Feature","properties":{"site_id":"DEQ-10036-06-060","role":"connector","kv":100.0,"nearest":true,"intersects_site":false,"distance_km":0.7968381909037555},"geometry":{"type":"LineString","coordinates":[[-80.865288,35.202606],[-80.860718,35.19648]]}},{"type":"Feature","properties":{"site_id":"DEQ-06016-02-060","role":"line","kv":100.0,"nearest":true,"intersects_site":false,"distance_km":null},"geometry":{"type":"LineString","coordinates":[[-80.869634,35.243974],[-80.869577,35.241925],[-80.868897,35.241227],[-80.868602,35.239154],[-80.868139,35.238359],[-80.86677,35.236986],[-80.865163,35.235458],[-80.863993,35.233737],[-80.856256,35.228617],[-80.853906,35.228558],[-80.852943,35.228237],[-80.851835,35.227795],[-80.851597,35.227933]]}},{"type":"Feature","properties":{"site_id":"DEQ-06016-02-060","role":"connector","kv":100.0,"nearest":true,"intersects_site":false,"distance_km":0.9405057592476697},"geometry":{"type":"LineString","coordinates":[[-80.869328,35.22638],[-80.862864,35.232994]]}},{"type":"Feature","properties":{"site_id":"DEQ-11044-07-060","role":"line","kv":100.0,"nearest":true,"intersects_site":false,"distance_km":null},"geometry":{"type":"LineString","coordinates":[[-80.813704,35.244861],[-80.813574,35.244962],[-80.813787,35.245437],[-80.814317,35.246111],[-80.814858,35.247002],[-80.816369,35.247131],[-80.819853,35.249967],[-80.825421,35.254727]]}},{"type":"Feature","properties":{"site_id":"DEQ-11044-07-060","role":"connector","kv":100.0,"nearest":true,"intersects_site":false,"distance_km":0.7145304318551668},"geometry":{"type":"LineString","coordinates":[[-80.82976,35.249124],[-80.824073,35.253565]]}},{"type":"Feature","properties":{"site_id":"DEQ-11032-07-060","role":"line","kv":230.0,"nearest":true,"intersects_site":false,"distance_km":null},"geometry":{"type":"LineString","coordinates":[[-80.891442,35.288982],[-80.886371,35.285917],[-80.878899,35.276259],[-80.877853,35.274853],[-80.876402,35.273707],[-80.875152,35.272485],[-80.874366,35.27145],[-80.873239,35.270664],[-80.868358,35.265958],[-80.868361,35.26534]]}},{"type":"Feature","properties":{"site_id":"DEQ-11032-07-060","role":"connector","kv":230.0,"nearest":true,"intersects_site":false,"distance_km":0.3776685080536291},"geometry":{"type":"LineString","coordinates":[[-80.875076,35.277657],[-80.87862,35.275884]]}},{"type":"Feature","properties":{"site_id":"DEQ-11048-07-054","role":"line","kv":115.0,"nearest":true,"intersects_site":false,"distance_km":null},"geometry":{"type":"LineString","coordinates":[[-77.59941,35.315012],[-77.603925,35.318235],[-77.604935,35.319049],[-77.606077,35.319848],[-77.60997,35.316221],[-77.614261,35.314308],[-77.615126,35.313729],[-77.613705,35.312064],[-77.612355,35.310352],[-77.612682,35.308427],[-77.612529,35.3081],[-77.613115,35.304782]]}},{"type":"Feature","properties":{"site_id":"DEQ-11048-07-054","role":"connector","kv":115.0,"nearest":true,"intersects_site":false,"distance_km":0.08994903059770092},"geometry":{"type":"LineString","coordinates":[[-77.615337,35.314634],[-77.614712,35.314006]]}},{"type":"Feature","properties":{"site_id":"DEQ-13024-09-074","role":"line","kv":115.0,"nearest":true,"intersects_site":false,"distance_km":null},"geometry":{"type":"LineString","coordinates":[[-77.358757,35.644509],[-77.358841,35.644919],[-77.360578,35.644906],[-77.361644,35.650125],[-77.361402,35.65076],[-77.362029,35.650936],[-77.361143,35.653233],[-77.360148,35.655965],[-77.358119,35.655538],[-77.353708,35.655443],[-77.352258,35.654972],[-77.351688,35.65585]]}},{"type":"Feature","properties":{"site_id":"DEQ-13024-09-074","role":"connector","kv":115.0,"nearest":true,"intersects_site":false,"distance_km":0.007046135033585851},"geometry":{"type":"LineString","coordinates":[[-77.361488,35.650324],[-77.361562,35.650343]]}},{"type":"Feature","properties":{"site_id":"DEQ-13009-09-012","role":"line","kv":100.0,"nearest":true,"intersects_site":false,"distance_km":null},"geometry":{"type":"LineString","coordinates":[[-81.596947,35.734823],[-81.573991,35.739495],[-81.568323,35.739823],[-81.553835,35.73842]]}},{"type":"Feature","properties":{"site_id":"DEQ-13009-09-012","role":"connector","kv":100.0,"nearest":true,"intersects_site":false,"distance_km":0.7261405255744046},"geometry":{"type":"LineString","coordinates":[[-81.573285,35.746087],[-81.572802,35.739553]]}},{"type":"Feature","properties":{"site_id":"DEQ-12030-08-076","role":"line","kv":115.0,"nearest":true,"intersects_site":false,"distance_km":null},"geometry":{"type":"LineString","coordinates":[[-79.814941,35.755866],[-79.816315,35.75812],[-79.816897,35.759333],[-79.817332,35.760499],[-79.817951,35.761934],[-79.818233,35.762733],[-79.81841,35.763551],[-79.818493,35.764931],[-79.818508,35.7667],[-79.818381,35.767511],[-79.818424,35.76814],[-79.81929,35.768127],[-79.819285,35.768305]]}},{"type":"Feature","properties":{"site_id":"DEQ-12030-08-076","role":"connector","kv":115.0,"nearest":true,"intersects_site":false,"distance_km":0.0039911068949379895},"geometry":{"type":"LineString","coordinates":[[-79.818366,35.767323],[-79.81841,35.767327]]}},{"type":"Feature","properties":{"site_id":"DEQ-09041-05-014","role":"line","kv":100.0,"nearest":true,"intersects_site":false,"distance_km":null},"geometry":{"type":"LineString","coordinates":[[-81.551642,35.890407],[-81.55183,35.890394],[-81.552185,35.89221],[-81.550861,35.89259],[-81.551117,35.893468],[-81.551076,35.894661]]}},{"type":"Feature","properties":{"site_id":"DEQ-09041-05-014","role":"connector","kv":100.0,"nearest":true,"intersects_site":false,"distance_km":0.8868295837635246},"geometry":{"type":"LineString","coordinates":[[-81.560533,35.896825],[-81.551076,35.894661]]}},{"type":"Feature","properties":{"site_id":"DEQ-09069-05-034","role":"line","kv":100.0,"nearest":true,"intersects_site":false,"distance_km":null},"geometry":{"type":"LineString","coordinates":[[-80.232258,36.085029],[-80.232359,36.085115],[-80.232565,36.085541],[-80.235822,36.087119],[-80.236031,36.08866]]}},{"type":"Feature","properties":{"site_id":"DEQ-09069-05-034","role":"connector","kv":100.0,"nearest":true,"intersects_site":false,"distance_km":0.12002261371737019},"geometry":{"type":"LineString","coordinates":[[-80.236236,36.089729],[-80.236031,36.08866]]}},{"type":"Feature","properties":{"site_id":"DEQ-13003-09-039","role":"line","kv":100.0,"nearest":true,"intersects_site":false,"distance_km":null},"geometry":{"type":"LineString","coordinates":[[-78.781253,36.12391],[-78.76943,36.131424],[-78.768859,36.131648]]}},{"type":"Feature","properties":{"site_id":"DEQ-13003-09-039","role":"connector","kv":100.0,"nearest":true,"intersects_site":false,"distance_km":1.4521765579994408},"geometry":{"type":"LineString","coordinates":[[-78.753974,36.136696],[-78.768859,36.131648]]}},{"type":"Feature","properties":{"site_id":"DEQ-07027-03-083","role":"line","kv":115.0,"nearest":true,"intersects_site":false,"distance_km":null},"geometry":{"type":"LineString","coordinates":[[-79.404296,34.812413],[-79.407412,34.809764],[-79.40814,34.808723],[-79.411726,34.806067],[-79.412965,34.805101],[-79.41333,34.80312],[-79.414258,34.798934],[-79.415623,34.794164],[-79.416679,34.790623],[-79.417243,34.788466],[-79.41738,34.787411],[-79.417268,34.785831],[-79.416587,34.783334],[-79.416084,34.782375],[-79.415492,34.781553],[-79.414689,34.780859],[-79.409068,34.772738],[-79.408251,34.772295],[-79.405988,34.765027],[-79.405955,34.764109],[-79.404843,34.761341],[-79.404043,34.761106]]}},{"type":"Feature","properties":{"site_id":"DEQ-07027-03-083","role":"connector","kv":115.0,"nearest":true,"intersects_site":false,"distance_km":3.3103882021732147},"geometry":{"type":"LineString","coordinates":[[-79.451339,34.799328],[-79.416128,34.792477]]}},{"type":"Feature","properties":{"site_id":"DEQ-07030-03-026","role":"line","kv":115.0,"nearest":true,"intersects_site":true,"distance_km":null},"geometry":{"type":"LineString","coordinates":[[-78.783076,34.986586],[-78.784055,34.986725],[-78.784896,34.986912],[-78.785001,34.986636]]}},{"type":"Feature","properties":{"site_id":"DEQ-07030-03-026","role":"line","kv":115.0,"nearest":false,"intersects_site":true,"distance_km":null},"geometry":{"type":"LineString","coordinates":[[-78.785212,34.986692],[-78.785075,34.987028],[-78.783276,34.986756]]}},{"type":"Feature","properties":{"site_id":"DEQ-07030-03-026","role":"line","kv":115.0,"nearest":false,"intersects_site":true,"distance_km":null},"geometry":{"type":"LineString","coordinates":[[-78.784706,34.997915],[-78.784755,34.995268],[-78.783317,34.986516],[-78.783397,34.986239]]}},{"type":"Feature","properties":{"site_id":"DEQ-07030-03-026","role":"line","kv":115.0,"nearest":false,"intersects_site":true,"distance_km":null},"geometry":{"type":"LineString","coordinates":[[-78.784542,34.997914],[-78.784597,34.995277],[-78.784041,34.992047],[-78.783154,34.986504],[-78.783275,34.986214]]}},{"type":"Feature","properties":{"site_id":"DEQ-09046-05-034","role":"line","kv":100.0,"nearest":true,"intersects_site":false,"distance_km":null},"geometry":{"type":"LineString","coordinates":[[-80.250284,36.102575],[-80.249219,36.102438],[-80.248792,36.100966],[-80.251106,36.100647],[-80.251882,36.100437],[-80.253971,36.100143],[-80.254068,36.100045],[-80.253726,36.098267],[-80.253091,36.094568],[-80.253075,36.093808],[-80.252501,36.092912],[-80.252007,36.092046],[-80.251171,36.090783],[-80.249374,36.087931],[-80.247985,36.086767],[-80.247626,36.086165]]}},{"type":"Feature","properties":{"site_id":"DEQ-09046-05-034","role":"connector","kv":100.0,"nearest":true,"intersects_site":false,"distance_km":0.399215799614466},"geometry":{"type":"LineString","coordinates":[[-80.244403,36.101476],[-80.248792,36.100966]]}},{"type":"Feature","properties":{"site_id":"DEQ-10052-06-018","role":"line","kv":100.0,"nearest":true,"intersects_site":false,"distance_km":null},"geometry":{"type":"LineString","coordinates":[[-81.193197,35.736441],[-81.192773,35.732054],[-81.192634,35.731121],[-81.188991,35.725938],[-81.189419,35.724928],[-81.190629,35.721839],[-81.189753,35.719289],[-81.189989,35.71804],[-81.186124,35.716033],[-81.190115,35.710885],[-81.188986,35.709688],[-81.187475,35.709123],[-81.186643,35.708918]]}},{"type":"Feature","properties":{"site_id":"DEQ-10052-06-018","role":"connector","kv":100.0,"nearest":true,"intersects_site":false,"distance_km":2.5362560615455068},"geometry":{"type":"LineString","coordinates":[[-81.216167,35.702453],[-81.190115,35.710885]]}},{"type":"Feature","properties":{"site_id":"DEQ-11037-07-060","role":"line","kv":100.0,"nearest":true,"intersects_site":true,"distance_km":null},"geometry":{"type":"LineString","coordinates":[[-80.826177,35.255361],[-80.828189,35.257039],[-80.840782,35.256814],[-80.843234,35.256959],[-80.853782,35.257684]]}},{"type":"Feature","properties":{"site_id":"DEQ-11040-07-041","role":"line","kv":100.0,"nearest":true,"intersects_site":false,"distance_km":null},"geometry":{"type":"LineString","coordinates":[[-79.785659,36.026597],[-79.785489,36.028389],[-79.785287,36.03192],[-79.787988,36.032537],[-79.788741,36.03411],[-79.788774,36.038791],[-79.787608,36.039233],[-79.787755,36.042076],[-79.787901,36.043657],[-79.786468,36.045846],[-79.785577,36.046594],[-79.784991,36.049146],[-79.7847,36.049354]]}},{"type":"Feature","properties":{"site_id":"DEQ-11040-07-041","role":"connector","kv":100.0,"nearest":true,"intersects_site":false,"distance_km":0.5277749793172717},"geometry":{"type":"LineString","coordinates":[[-79.794324,36.04031],[-79.788774,36.038791]]}},{"type":"Feature","properties":{"site_id":"DEQ-12013-08-036","role":"line","kv":100.0,"nearest":true,"intersects_site":false,"distance_km":null},"geometry":{"type":"LineString","coordinates":[[-81.232789,35.280626],[-81.232791,35.280447]]}},{"type":"Feature","properties":{"site_id":"DEQ-12013-08-036","role":"connector","kv":100.0,"nearest":true,"intersects_site":false,"distance_km":0.5722153044318666},"geometry":{"type":"LineString","coordinates":[[-81.228474,35.276694],[-81.232791,35.280447]]}},{"type":"Feature","properties":{"site_id":"DEQ-12018-08-060","role":"line","kv":100.0,"nearest":true,"intersects_site":false,"distance_km":null},"geometry":{"type":"LineString","coordinates":[[-80.910628,35.125061],[-80.905783,35.121937],[-80.901854,35.121742],[-80.898623,35.124524],[-80.895743,35.12685],[-80.893581,35.127127],[-80.891879,35.126495],[-80.891328,35.123813],[-80.88897,35.123728],[-80.884886,35.125817]]}},{"type":"Feature","properties":{"site_id":"DEQ-12018-08-060","role":"connector","kv":100.0,"nearest":true,"intersects_site":false,"distance_km":0.7447674561654452},"geometry":{"type":"LineString","coordinates":[[-80.891157,35.133539],[-80.893581,35.127127]]}},{"type":"Feature","properties":{"site_id":"DEQ-13001-09-097","role":"line","kv":100.0,"nearest":true,"intersects_site":false,"distance_km":null},"geometry":{"type":"LineString","coordinates":[[-81.135668,36.165668],[-81.135786,36.165571]]}},{"type":"Feature","properties":{"site_id":"DEQ-13001-09-097","role":"connector","kv":100.0,"nearest":true,"intersects_site":false,"distance_km":1.3021210126668572},"geometry":{"type":"LineString","coordinates":[[-81.146869,36.158025],[-81.135786,36.165571]]}},{"type":"Feature","properties":{"site_id":"DEQ-14030-10-041","role":"line","kv":100.0,"nearest":true,"intersects_site":false,"distance_km":null},"geometry":{"type":"LineString","coordinates":[[-79.854467,36.062941],[-79.859374,36.061705],[-79.860532,36.060928],[-79.867953,36.045662]]}},{"type":"Feature","properties":{"site_id":"DEQ-14030-10-041","role":"connector","kv":100.0,"nearest":true,"intersects_site":false,"distance_km":0.23475085610402713},"geometry":{"type":"LineString","coordinates":[[-79.855131,36.060559],[-79.855901,36.06258]]}},{"type":"Feature","properties":{"site_id":"DEQ-14038-10-060","role":"line","kv":100.0,"nearest":true,"intersects_site":false,"distance_km":null},"geometry":{"type":"LineString","coordinates":[[-80.868423,35.238847],[-80.868139,35.238359],[-80.86677,35.236986],[-80.865163,35.235458],[-80.863993,35.233737],[-80.856256,35.228617],[-80.853906,35.228558],[-80.852943,35.228237],[-80.851835,35.227795],[-80.851597,35.227933]]}},{"type":"Feature","properties":{"site_id":"DEQ-14038-10-060","role":"connector","kv":100.0,"nearest":true,"intersects_site":false,"distance_km":0.17161667380552653},"geometry":{"type":"LineString","coordinates":[[-80.857744,35.227615],[-80.856558,35.228817]]}},{"type":"Feature","properties":{"site_id":"DEQ-13017-09-026","role":"line","kv":230.0,"nearest":true,"intersects_site":false,"distance_km":null},"geometry":{"type":"LineString","coordinates":[[-78.829003,35.100239],[-78.845291,35.107157],[-78.850975,35.109532],[-78.86721,35.116416],[-78.86908,35.117183]]}},{"type":"Feature","properties":{"site_id":"DEQ-13017-09-026","role":"connector","kv":230.0,"nearest":true,"intersects_site":false,"distance_km":2.876645881748334},"geometry":{"type":"LineString","coordinates":[[-78.864796,35.086216],[-78.850504,35.109336]]}},{"type":"Feature","properties":{"site_id":"DEQ-15025-11-088","role":"line","kv":100.0,"nearest":true,"intersects_site":true,"distance_km":null},"geometry":{"type":"LineString","coordinates":[[-82.709461,35.242542],[-82.70075,35.245483],[-82.698634,35.246591],[-82.695605,35.247261],[-82.692839,35.248286],[-82.682694,35.251954],[-82.682046,35.252442],[-82.682083,35.253135]]}},{"type":"Feature","properties":{"site_id":"DEQ-15025-11-088","role":"line","kv":115.0,"nearest":false,"intersects_site":true,"distance_km":null},"geometry":{"type":"LineString","coordinates":[[-82.700615,35.270125],[-82.698888,35.268903],[-82.693758,35.265444],[-82.687012,35.259808],[-82.685807,35.258275],[-82.684163,35.259112],[-82.683155,35.259053]]}},{"type":"Feature","properties":{"site_id":"DEQ-09068-05-034","role":"line","kv":100.0,"nearest":true,"intersects_site":false,"distance_km":null},"geometry":{"type":"LineString","coordinates":[[-80.232258,36.085029],[-80.232359,36.085115],[-80.232565,36.085541],[-80.235822,36.087119],[-80.236031,36.08866]]}},{"type":"Feature","properties":{"site_id":"DEQ-09068-05-034","role":"connector","kv":100.0,"nearest":true,"intersects_site":false,"distance_km":0.5574818228103178},"geometry":{"type":"LineString","coordinates":[[-80.236938,36.09363],[-80.236031,36.08866]]}},{"type":"Feature","properties":{"site_id":"DEQ-13011-09-060","role":"line","kv":100.0,"nearest":true,"intersects_site":false,"distance_km":null},"geometry":{"type":"LineString","coordinates":[[-80.917148,35.18038],[-80.917013,35.180509],[-80.917379,35.180786]]}},{"type":"Feature","properties":{"site_id":"DEQ-13011-09-060","role":"connector","kv":100.0,"nearest":true,"intersects_site":false,"distance_km":1.6824972521613237},"geometry":{"type":"LineString","coordinates":[[-80.923772,35.195017],[-80.917379,35.180786]]}},{"type":"Feature","properties":{"site_id":"DEQ-15026-11-058","role":"line","kv":115.0,"nearest":true,"intersects_site":true,"distance_km":null},"geometry":{"type":"LineString","coordinates":[[-82.560709,35.839399],[-82.561386,35.837232],[-82.560715,35.834741],[-82.558849,35.83425],[-82.558954,35.833304],[-82.558963,35.832913]]}},{"type":"Feature","properties":{"site_id":"DEQ-16064-12-060","role":"line","kv":100.0,"nearest":true,"intersects_site":false,"distance_km":null},"geometry":{"type":"LineString","coordinates":[[-80.737308,35.146373],[-80.739872,35.147669],[-80.741891,35.147815],[-80.744896,35.149347],[-80.74715,35.148867],[-80.748579,35.150058],[-80.74772,35.151522],[-80.74981,35.156745],[-80.750649,35.158293],[-80.752122,35.159789],[-80.753295,35.160472],[-80.75478,35.161619],[-80.762276,35.167572],[-80.76319,35.168407],[-80.763868,35.169416],[-80.764239,35.170387],[-80.764523,35.171753],[-80.7652,35.174146],[-80.766236,35.175183]]}},{"type":"Feature","properties":{"site_id":"DEQ-16064-12-060","role":"connector","kv":100.0,"nearest":true,"intersects_site":false,"distance_km":1.1756296113151694},"geometry":{"type":"LineString","coordinates":[[-80.74157,35.165928],[-80.751605,35.159264]]}},{"type":"Feature","properties":{"site_id":"DEQ-12036-08-041","role":"line","kv":100.0,"nearest":true,"intersects_site":false,"distance_km":null},"geometry":{"type":"LineString","coordinates":[[-79.8321,36.075633],[-79.830694,36.077314],[-79.83028,36.078531],[-79.828947,36.081134],[-79.829058,36.082206],[-79.827648,36.084336],[-79.824822,36.08594],[-79.821331,36.08473],[-79.814669,36.079779],[-79.808903,36.078862],[-79.803768,36.081604],[-79.802651,36.082269],[-79.802145,36.082657]]}},{"type":"Feature","properties":{"site_id":"DEQ-12036-08-041","role":"connector","kv":100.0,"nearest":true,"intersects_site":false,"distance_km":0.4283631944110139},"geometry":{"type":"LineString","coordinates":[[-79.820389,36.088602],[-79.822258,36.085052]]}},{"type":"Feature","properties":{"site_id":"DEQ-15024-11-088","role":"line","kv":115.0,"nearest":true,"intersects_site":true,"distance_km":null},"geometry":{"type":"LineString","coordinates":[[-82.715635,35.279581],[-82.706343,35.274043],[-82.701744,35.270923],[-82.698888,35.268903],[-82.693758,35.265444],[-82.687186,35.259953]]}},{"type":"Feature","properties":{"site_id":"DEQ-16046-12-011","role":"line","kv":115.0,"nearest":true,"intersects_site":false,"distance_km":null},"geometry":{"type":"LineString","coordinates":[[-82.431072,35.605629],[-82.431112,35.605304],[-82.430688,35.602015],[-82.429013,35.600689],[-82.428084,35.596683]]}},{"type":"Feature","properties":{"site_id":"DEQ-16046-12-011","role":"connector","kv":115.0,"nearest":true,"intersects_site":false,"distance_km":0.468860982486251},"geometry":{"type":"LineString","coordinates":[[-82.430884,35.609852],[-82.431072,35.605629]]}},{"type":"Feature","properties":{"site_id":"DEQ-17044-13-063","role":"line","kv":115.0,"nearest":true,"intersects_site":false,"distance_km":null},"geometry":{"type":"LineString","coordinates":[[-79.461976,35.143321],[-79.459158,35.143107],[-79.455371,35.142877],[-79.45259,35.145825],[-79.445263,35.14413],[-79.442079,35.144684],[-79.437037,35.145627],[-79.437256,35.152771],[-79.435596,35.153184],[-79.429777,35.154489],[-79.429776,35.156397]]}},{"type":"Feature","properties":{"site_id":"DEQ-17044-13-063","role":"connector","kv":115.0,"nearest":true,"intersects_site":false,"distance_km":1.9308773863102995},"geometry":{"type":"LineString","coordinates":[[-79.427745,35.129983],[-79.437037,35.145627]]}},{"type":"Feature","properties":{"site_id":"DEQ-18012-14-060","role":"line","kv":100.0,"nearest":true,"intersects_site":false,"distance_km":null},"geometry":{"type":"LineString","coordinates":[[-80.813597,35.244778],[-80.813388,35.244936],[-80.81364,35.245515],[-80.814251,35.24644],[-80.813643,35.247399],[-80.812704,35.248508],[-80.810132,35.250107],[-80.807793,35.250679],[-80.805897,35.250883],[-80.803901,35.251284],[-80.803146,35.254225],[-80.802963,35.254602],[-80.799591,35.257787],[-80.799706,35.258801],[-80.797936,35.259992],[-80.796957,35.260264],[-80.786967,35.269706]]}},{"type":"Feature","properties":{"site_id":"DEQ-18012-14-060","role":"connector","kv":100.0,"nearest":true,"intersects_site":false,"distance_km":1.0099839560280566},"geometry":{"type":"LineString","coordinates":[[-80.809142,35.263597],[-80.799706,35.258801]]}},{"type":"Feature","properties":{"site_id":"DEQ-18025-14-041","role":"line","kv":100.0,"nearest":true,"intersects_site":true,"distance_km":null},"geometry":{"type":"LineString","coordinates":[[-79.767116,36.108765],[-79.767025,36.107731],[-79.767379,36.105754],[-79.767521,36.105337],[-79.769051,36.104491],[-79.770105,36.103593],[-79.770817,36.103098],[-79.772934,36.10146],[-79.775679,36.098584],[-79.778558,36.098141],[-79.779464,36.098075],[-79.780501,36.097222],[-79.782616,36.095563],[-79.783932,36.09498],[-79.789239,36.09284],[-79.790899,36.091877],[-79.792078,36.091145]]}},{"type":"Feature","properties":{"site_id":"DEQ-18038-14-060","role":"line","kv":100.0,"nearest":true,"intersects_site":false,"distance_km":null},"geometry":{"type":"LineString","coordinates":[[-80.980945,35.135022],[-80.980766,35.135012]]}},{"type":"Feature","properties":{"site_id":"DEQ-18038-14-060","role":"connector","kv":100.0,"nearest":true,"intersects_site":false,"distance_km":0.8072083917093661},"geometry":{"type":"LineString","coordinates":[[-80.972034,35.133788],[-80.980766,35.135012]]}},{"type":"Feature","properties":{"site_id":"DEQ-19014-15-018","role":"line","kv":100.0,"nearest":true,"intersects_site":false,"distance_km":null},"geometry":{"type":"LineString","coordinates":[[-81.258822,35.726011],[-81.258616,35.725485],[-81.25755,35.724268],[-81.255373,35.721643],[-81.255532,35.720225],[-81.254633,35.719961],[-81.254312,35.719277],[-81.255728,35.718702],[-81.256118,35.71595],[-81.252938,35.715913]]}},{"type":"Feature","properties":{"site_id":"DEQ-19014-15-018","role":"connector","kv":100.0,"nearest":true,"intersects_site":false,"distance_km":0.280905863231374},"geometry":{"type":"LineString","coordinates":[[-81.250409,35.714444],[-81.252938,35.715913]]}},{"type":"Feature","properties":{"site_id":"DEQ-17061-13-025","role":"line","kv":115.0,"nearest":true,"intersects_site":false,"distance_km":null},"geometry":{"type":"LineString","coordinates":[[-76.959713,34.943219],[-76.948532,34.922693],[-76.94322,34.915534],[-76.943468,34.913679]]}},{"type":"Feature","properties":{"site_id":"DEQ-17061-13-025","role":"connector","kv":115.0,"nearest":true,"intersects_site":false,"distance_km":0.5731093925528155},"geometry":{"type":"LineString","coordinates":[[-76.942573,34.924571],[-76.947924,34.921875]]}},{"type":"Feature","properties":{"site_id":"DEQ-10054-06-029","role":"line","kv":100.0,"nearest":true,"intersects_site":false,"distance_km":null},"geometry":{"type":"LineString","coordinates":[[-80.262856,35.802112],[-80.25285,35.812664],[-80.251373,35.813887],[-80.237275,35.818884],[-80.235061,35.819804]]}},{"type":"Feature","properties":{"site_id":"DEQ-10054-06-029","role":"connector","kv":100.0,"nearest":true,"intersects_site":false,"distance_km":0.6251880525820697},"geometry":{"type":"LineString","coordinates":[[-80.256013,35.818066],[-80.251373,35.813887]]}},{"type":"Feature","properties":{"site_id":"DEQ-16058-12-055","role":"line","kv":100.0,"nearest":true,"intersects_site":true,"distance_km":null},"geometry":{"type":"LineString","coordinates":[[-81.247363,35.497204],[-81.247065,35.496002],[-81.242577,35.493414],[-81.238991,35.483537],[-81.237313,35.476159]]}},{"type":"Feature","properties":{"site_id":"DEQ-17053-13-041","role":"line","kv":100.0,"nearest":true,"intersects_site":false,"distance_km":null},"geometry":{"type":"LineString","coordinates":[[-79.98413,36.105303],[-79.984137,36.105172]]}},{"type":"Feature","properties":{"site_id":"DEQ-17053-13-041","role":"connector","kv":100.0,"nearest":true,"intersects_site":false,"distance_km":1.9346717846899377},"geometry":{"type":"LineString","coordinates":[[-79.983465,36.087744],[-79.984137,36.105172]]}},{"type":"Feature","properties":{"site_id":"DEQ-20072-16-056","role":"line","kv":100.0,"nearest":true,"intersects_site":false,"distance_km":null},"geometry":{"type":"LineString","coordinates":[[-81.981995,35.655592],[-81.981701,35.660733],[-81.994393,35.675446],[-81.994434,35.675715]]}},{"type":"Feature","properties":{"site_id":"DEQ-20072-16-056","role":"connector","kv":100.0,"nearest":true,"intersects_site":false,"distance_km":1.6822155204070903},"geometry":{"type":"LineString","coordinates":[[-82.012206,35.680147],[-81.994434,35.675715]]}},{"type":"Feature","properties":{"site_id":"DEQ-20075-16-079","role":"line","kv":100.0,"nearest":true,"intersects_site":false,"distance_km":null},"geometry":{"type":"LineString","coordinates":[[-79.942119,36.419948],[-79.952598,36.411823],[-79.953881,36.406525],[-79.953449,36.406329],[-79.95331,36.405918]]}},{"type":"Feature","properties":{"site_id":"DEQ-20075-16-079","role":"connector","kv":100.0,"nearest":true,"intersects_site":false,"distance_km":0.9569755219170497},"geometry":{"type":"LineString","coordinates":[[-79.963972,36.409732],[-79.953505,36.408066]]}},{"type":"Feature","properties":{"site_id":"DEQ-20078-16-068","role":"line","kv":100.0,"nearest":true,"intersects_site":false,"distance_km":null},"geometry":{"type":"LineString","coordinates":[[-79.017241,35.944205],[-79.015757,35.944799],[-79.015879,35.946576],[-79.014086,35.946657],[-79.013835,35.950676],[-79.011705,35.955833]]}},{"type":"Feature","properties":{"site_id":"DEQ-20078-16-068","role":"connector","kv":100.0,"nearest":true,"intersects_site":false,"distance_km":0.3213134925703374},"geometry":{"type":"LineString","coordinates":[[-79.011223,35.944934],[-79.014086,35.946657]]}},{"type":"Feature","properties":{"site_id":"DEQ-16061-12-034","role":"line","kv":100.0,"nearest":true,"intersects_site":false,"distance_km":null},"geometry":{"type":"LineString","coordinates":[[-80.103566,36.105193],[-80.103632,36.105323]]}},{"type":"Feature","properties":{"site_id":"DEQ-16061-12-034","role":"connector","kv":100.0,"nearest":true,"intersects_site":false,"distance_km":3.386604875872681},"geometry":{"type":"LineString","coordinates":[[-80.095787,36.135173],[-80.103632,36.105323]]}},{"type":"Feature","properties":{"site_id":"DEQ-20082-16-092","role":"line","kv":115.0,"nearest":true,"intersects_site":true,"distance_km":null},"geometry":{"type":"LineString","coordinates":[[-78.6319,35.80241],[-78.629213,35.803587],[-78.628549,35.804168],[-78.626027,35.804506],[-78.623997,35.804744],[-78.621295,35.805384],[-78.618855,35.806596],[-78.618233,35.807077],[-78.617213,35.807628],[-78.616409,35.808016],[-78.615378,35.808214],[-78.61337,35.809149],[-78.612524,35.809518],[-78.611525,35.809902],[-78.608589,35.810755],[-78.607803,35.810645],[-78.606654,35.810196],[-78.60573,35.809715]]}},{"type":"Feature","properties":{"site_id":"DEQ-20094-16-036","role":"line","kv":500.0,"nearest":true,"intersects_site":false,"distance_km":null},"geometry":{"type":"LineString","coordinates":[[-81.00565,35.256552],[-81.002658,35.246934],[-81.008124,35.224594],[-81.008363,35.223493]]}},{"type":"Feature","properties":{"site_id":"DEQ-20094-16-036","role":"connector","kv":500.0,"nearest":true,"intersects_site":false,"distance_km":0.7254659771856883},"geometry":{"type":"LineString","coordinates":[[-81.01244,35.240186],[-81.004624,35.238899]]}},{"type":"Feature","properties":{"site_id":"DEQ-20092-16-049","role":"line","kv":100.0,"nearest":true,"intersects_site":false,"distance_km":null},"geometry":{"type":"LineString","coordinates":[[-80.892985,35.764959],[-80.891975,35.764508],[-80.888319,35.764353],[-80.886782,35.764219],[-80.877353,35.764101],[-80.87369,35.764837],[-80.87116,35.765383],[-80.856283,35.768388]]}},{"type":"Feature","properties":{"site_id":"DEQ-20092-16-049","role":"connector","kv":100.0,"nearest":true,"intersects_site":false,"distance_km":1.080356335234269},"geometry":{"type":"LineString","coordinates":[[-80.879552,35.773856],[-80.879666,35.764119]]}},{"type":"Feature","properties":{"site_id":"DEQ-20093-16-041","role":"line","kv":100.0,"nearest":true,"intersects_site":false,"distance_km":null},"geometry":{"type":"LineString","coordinates":[[-79.947849,36.13902],[-79.957598,36.138594],[-79.982615,36.136789],[-79.990206,36.134999]]}},{"type":"Feature","properties":{"site_id":"DEQ-20093-16-041","role":"connector","kv":100.0,"nearest":true,"intersects_site":false,"distance_km":0.6566100723198428},"geometry":{"type":"LineString","coordinates":[[-79.968062,36.131895],[-79.968664,36.137792]]}},{"type":"Feature","properties":{"site_id":"DEQ-20069-16-092","role":"line","kv":230.0,"nearest":true,"intersects_site":false,"distance_km":null},"geometry":{"type":"LineString","coordinates":[[-78.569657,35.729969],[-78.569324,35.730076]]}},{"type":"Feature","properties":{"site_id":"DEQ-20069-16-092","role":"connector","kv":230.0,"nearest":true,"intersects_site":false,"distance_km":0.601443236540489},"geometry":{"type":"LineString","coordinates":[[-78.574593,35.726337],[-78.569657,35.729969]]}},{"type":"Feature","properties":{"site_id":"DEQ-20068-16-074","role":"line","kv":115.0,"nearest":true,"intersects_site":false,"distance_km":null},"geometry":{"type":"LineString","coordinates":[[-77.393351,35.550901],[-77.391468,35.5557],[-77.390304,35.558541],[-77.386562,35.567963],[-77.385742,35.572998],[-77.385443,35.575061],[-77.384921,35.578108],[-77.382212,35.594789]]}},{"type":"Feature","properties":{"site_id":"DEQ-20068-16-074","role":"connector","kv":115.0,"nearest":true,"intersects_site":false,"distance_km":1.5916768789109754},"geometry":{"type":"LineString","coordinates":[[-77.404639,35.568959],[-77.387996,35.564385]]}},{"type":"Feature","properties":{"site_id":"DEQ-21002-17-010","role":"line","kv":115.0,"nearest":true,"intersects_site":true,"distance_km":null},"geometry":{"type":"LineString","coordinates":[[-77.954862,34.229359],[-77.957955,34.230388],[-77.962405,34.230282],[-77.966653,34.232241],[-77.969602,34.232952]]}},{"type":"Feature","properties":{"site_id":"DEQ-21002-17-010","role":"line","kv":115.0,"nearest":false,"intersects_site":true,"distance_km":null},"geometry":{"type":"LineString","coordinates":[[-77.96171,34.244075],[-77.962442,34.238675],[-77.962781,34.235801],[-77.959644,34.233396],[-77.954858,34.229797],[-77.954862,34.229359]]}},{"type":"Feature","properties":{"site_id":"DEQ-21001-17-001","role":"line","kv":100.0,"nearest":true,"intersects_site":false,"distance_km":null},"geometry":{"type":"LineString","coordinates":[[-79.390167,36.061903],[-79.389837,36.060945],[-79.39067,36.057912],[-79.385794,36.055893],[-79.384847,36.057432],[-79.383704,36.058157],[-79.380856,36.058084],[-79.379311,36.059277],[-79.378282,36.059091],[-79.374255,36.060634]]}},{"type":"Feature","properties":{"site_id":"DEQ-21001-17-001","role":"connector","kv":100.0,"nearest":true,"intersects_site":false,"distance_km":0.010200510536945283},"geometry":{"type":"LineString","coordinates":[[-79.389938,36.060158],[-79.390048,36.060178]]}},{"type":"Feature","properties":{"site_id":"DEQ-21010-17-019","role":"line","kv":230.0,"nearest":true,"intersects_site":true,"distance_km":null},"geometry":{"type":"LineString","coordinates":[[-79.161978,35.699775],[-79.170583,35.700499],[-79.172545,35.70047],[-79.179577,35.701889],[-79.180862,35.702056],[-79.187949,35.703098]]}},{"type":"Feature","properties":{"site_id":"DEQ-21014-17-023","role":"line","kv":500.0,"nearest":true,"intersects_site":false,"distance_km":null},"geometry":{"type":"LineString","coordinates":[[-81.621367,35.302781],[-81.618684,35.303093],[-81.607645,35.308368],[-81.605991,35.309197],[-81.602853,35.309359],[-81.600599,35.311096],[-81.599198,35.31248],[-81.596388,35.313747],[-81.562673,35.329854]]}},{"type":"Feature","properties":{"site_id":"DEQ-21014-17-023","role":"connector","kv":500.0,"nearest":true,"intersects_site":false,"distance_km":3.332746007469951},"geometry":{"type":"LineString","coordinates":[[-81.572088,35.290583],[-81.590541,35.31654]]}},{"type":"Feature","properties":{"site_id":"DEQ-18050-14-060","role":"line","kv":100.0,"nearest":true,"intersects_site":false,"distance_km":null},"geometry":{"type":"LineString","coordinates":[[-80.898768,35.282077],[-80.899037,35.282231],[-80.899325,35.281831],[-80.901759,35.283116],[-80.90419,35.284455],[-80.911155,35.289809],[-80.911403,35.290413],[-80.91219,35.290613],[-80.915771,35.293368]]}},{"type":"Feature","properties":{"site_id":"DEQ-18050-14-060","role":"connector","kv":100.0,"nearest":true,"intersects_site":false,"distance_km":1.0095230380450861},"geometry":{"type":"LineString","coordinates":[[-80.90689,35.275002],[-80.900879,35.282652]]}},{"type":"Feature","properties":{"site_id":"DEQ-21021-17-038","role":"line","kv":161.0,"nearest":true,"intersects_site":false,"distance_km":null},"geometry":{"type":"LineString","coordinates":[[-83.82348,35.341704],[-83.812142,35.334939],[-83.805292,35.330793],[-83.800855,35.326988],[-83.797789,35.324304],[-83.796467,35.323182],[-83.795906,35.322789]]}},{"type":"Feature","properties":{"site_id":"DEQ-21021-17-038","role":"connector","kv":161.0,"nearest":true,"intersects_site":false,"distance_km":1.2559762522919395},"geometry":{"type":"LineString","coordinates":[[-83.813216,35.321201],[-83.803229,35.329024]]}},{"type":"Feature","properties":{"site_id":"DEQ-10011-06-012","role":"line","kv":100.0,"nearest":true,"intersects_site":true,"distance_km":null},"geometry":{"type":"LineString","coordinates":[[-81.631688,35.727767],[-81.615359,35.73111],[-81.61392,35.731375],[-81.602548,35.73369]]}},{"type":"Feature","properties":{"site_id":"DEQ-09010-05-012","role":"line","kv":100.0,"nearest":true,"intersects_site":true,"distance_km":null},"geometry":{"type":"LineString","coordinates":[[-81.804714,35.714685],[-81.804203,35.713508],[-81.803286,35.711585],[-81.800491,35.705977],[-81.800088,35.705225],[-81.799085,35.703082],[-81.797446,35.701126],[-81.797039,35.701322]]}},{"type":"Feature","properties":{"site_id":"DEQ-20061-16-025","role":"line","kv":115.0,"nearest":true,"intersects_site":false,"distance_km":null},"geometry":{"type":"LineString","coordinates":[[-77.110765,35.114151],[-77.102939,35.105388],[-77.098977,35.105739],[-77.085493,35.099303],[-77.083381,35.09682],[-77.082821,35.097131]]}},{"type":"Feature","properties":{"site_id":"DEQ-20061-16-025","role":"connector","kv":115.0,"nearest":true,"intersects_site":false,"distance_km":0.8119653388532081},"geometry":{"type":"LineString","coordinates":[[-77.098997,35.097288],[-77.094531,35.103621]]}},{"type":"Feature","properties":{"site_id":"DEQ-21035-17-055","role":"line","kv":100.0,"nearest":true,"intersects_site":false,"distance_km":null},"geometry":{"type":"LineString","coordinates":[[-81.247394,35.497327],[-81.247065,35.496002],[-81.242577,35.493414],[-81.238991,35.483537],[-81.237215,35.475743],[-81.237111,35.474731]]}},{"type":"Feature","properties":{"site_id":"DEQ-21035-17-055","role":"connector","kv":100.0,"nearest":true,"intersects_site":false,"distance_km":0.34995724124613226},"geometry":{"type":"LineString","coordinates":[[-81.242694,35.482581],[-81.238906,35.483176]]}},{"type":"Feature","properties":{"site_id":"DEQ-17008-13-042","role":"line","kv":230.0,"nearest":true,"intersects_site":false,"distance_km":null},"geometry":{"type":"LineString","coordinates":[[-77.619584,36.442804],[-77.618632,36.451884],[-77.621214,36.452655],[-77.62164,36.452906]]}},{"type":"Feature","properties":{"site_id":"DEQ-17008-13-042","role":"connector","kv":230.0,"nearest":true,"intersects_site":false,"distance_km":3.9375593496442733},"geometry":{"type":"LineString","coordinates":[[-77.61284,36.407744],[-77.619584,36.442804]]}},{"type":"Feature","properties":{"site_id":"DEQ-21037-17-011","role":"line","kv":115.0,"nearest":true,"intersects_site":false,"distance_km":null},"geometry":{"type":"LineString","coordinates":[[-82.38605,35.602013],[-82.373082,35.605382],[-82.366663,35.605315],[-82.36593,35.606302],[-82.36475,35.606637],[-82.363622,35.606379],[-82.362616,35.605991],[-82.359883,35.606084],[-82.358846,35.600745],[-82.351511,35.602183]]}},{"type":"Feature","properties":{"site_id":"DEQ-21037-17-011","role":"connector","kv":115.0,"nearest":true,"intersects_site":false,"distance_km":0.3913108027417267},"geometry":{"type":"LineString","coordinates":[[-82.367467,35.6018],[-82.367388,35.605326]]}},{"type":"Feature","properties":{"site_id":"DEQ-20060-16-019","role":"line","kv":230.0,"nearest":true,"intersects_site":false,"distance_km":null},"geometry":{"type":"LineString","coordinates":[[-79.43948,35.736987],[-79.439642,35.736891]]}},{"type":"Feature","properties":{"site_id":"DEQ-20060-16-019","role":"connector","kv":230.0,"nearest":true,"intersects_site":false,"distance_km":0.7681280328575159},"geometry":{"type":"LineString","coordinates":[[-79.446034,35.732333],[-79.439642,35.736891]]}},{"type":"Feature","properties":{"site_id":"DEQ-21056-17-060","role":"line","kv":100.0,"nearest":true,"intersects_site":false,"distance_km":null},"geometry":{"type":"MultiLineString","coordinates":[[[-80.914371,35.126549],[-80.914459,35.126727],[-80.914382,35.127014]],[[-80.914414,35.128397],[-80.915987,35.129051],[-80.91824,35.128668],[-80.91927,35.128882],[-80.920034,35.129241],[-80.921128,35.130265],[-80.921733,35.130688],[-80.922104,35.130898],[-80.923647,35.130375],[-80.924728,35.132339],[-80.925348,35.132379],[-80.925958,35.132323]]]}},{"type":"Feature","properties":{"site_id":"DEQ-21056-17-060","role":"connector","kv":100.0,"nearest":true,"intersects_site":false,"distance_km":1.65375284742663},"geometry":{"type":"LineString","coordinates":[[-80.943545,35.128647],[-80.925958,35.132323]]}},{"type":"Feature","properties":{"site_id":"DEQ-15011-11-011","role":"line","kv":115.0,"nearest":true,"intersects_site":true,"distance_km":null},"geometry":{"type":"LineString","coordinates":[[-82.648723,35.558044],[-82.648483,35.555817],[-82.647281,35.554825],[-82.646883,35.551828],[-82.644282,35.548283],[-82.643063,35.546865],[-82.642121,35.545886],[-82.635687,35.538861],[-82.637289,35.538573],[-82.636914,35.537685],[-82.636392,35.537869]]}},{"type":"Feature","properties":{"site_id":"DEQ-21060-17-096","role":"line","kv":115.0,"nearest":true,"intersects_site":false,"distance_km":null},"geometry":{"type":"LineString","coordinates":[[-77.969981,35.535275],[-77.972461,35.532434],[-77.979534,35.522999],[-77.980436,35.521754],[-77.981719,35.520118]]}},{"type":"Feature","properties":{"site_id":"DEQ-21060-17-096","role":"connector","kv":115.0,"nearest":true,"intersects_site":false,"distance_km":0.7649650723153676},"geometry":{"type":"LineString","coordinates":[[-77.979673,35.536011],[-77.972482,35.532406]]}},{"type":"Feature","properties":{"site_id":"DEQ-21057-17-065","role":"line","kv":115.0,"nearest":true,"intersects_site":false,"distance_km":null},"geometry":{"type":"LineString","coordinates":[[-77.984374,34.283825],[-77.984408,34.28428],[-77.978836,34.286549],[-77.968903,34.30263]]}},{"type":"Feature","properties":{"site_id":"DEQ-21057-17-065","role":"connector","kv":115.0,"nearest":true,"intersects_site":false,"distance_km":0.08866570632873226},"geometry":{"type":"LineString","coordinates":[[-77.977027,34.291264],[-77.976171,34.290898]]}},{"type":"Feature","properties":{"site_id":"DEQ-21053-17-092","role":"line","kv":115.0,"nearest":true,"intersects_site":false,"distance_km":null},"geometry":{"type":"LineString","coordinates":[[-78.827512,35.622465],[-78.827125,35.622232],[-78.823354,35.620715],[-78.821906,35.620088],[-78.821871,35.61838],[-78.820741,35.61753],[-78.819371,35.616657],[-78.818305,35.616087],[-78.817445,35.616495],[-78.816247,35.616072]]}},{"type":"Feature","properties":{"site_id":"DEQ-21053-17-092","role":"connector","kv":115.0,"nearest":true,"intersects_site":false,"distance_km":0.7990685125714858},"geometry":{"type":"LineString","coordinates":[[-78.807635,35.614514],[-78.816247,35.616072]]}},{"type":"Feature","properties":{"site_id":"DEQ-21047-17-041","role":"line","kv":100.0,"nearest":true,"intersects_site":false,"distance_km":null},"geometry":{"type":"LineString","coordinates":[[-80.021215,35.9423],[-80.020103,35.943503],[-80.015518,35.94339],[-80.014742,35.943504],[-80.011839,35.943729],[-80.009538,35.943853],[-80.010042,35.946129],[-80.00975,35.94678],[-80.008928,35.949738],[-80.008791,35.949924],[-80.007367,35.949898],[-80.007867,35.951678],[-80.007825,35.952309]]}},{"type":"Feature","properties":{"site_id":"DEQ-21047-17-041","role":"connector","kv":100.0,"nearest":true,"intersects_site":false,"distance_km":0.6611614005862075},"geometry":{"type":"LineString","coordinates":[[-80.011729,35.957352],[-80.007825,35.952309]]}},{"type":"Feature","properties":{"site_id":"DEQ-21029-17-042","role":"line","kv":230.0,"nearest":true,"intersects_site":false,"distance_km":null},"geometry":{"type":"LineString","coordinates":[[-77.619584,36.442804],[-77.618632,36.451884],[-77.621214,36.452655],[-77.622181,36.453223]]}},{"type":"Feature","properties":{"site_id":"DEQ-21029-17-042","role":"connector","kv":230.0,"nearest":true,"intersects_site":false,"distance_km":1.1046050882779443},"geometry":{"type":"LineString","coordinates":[[-77.613479,36.434159],[-77.619584,36.442804]]}},{"type":"Feature","properties":{"site_id":"DEQ-21027-17-098","role":"line","kv":115.0,"nearest":true,"intersects_site":true,"distance_km":null},"geometry":{"type":"LineString","coordinates":[[-77.912107,35.69984],[-77.908526,35.697964],[-77.90761,35.697944],[-77.902969,35.697457],[-77.901288,35.697331],[-77.900436,35.69722],[-77.898938,35.697687],[-77.898493,35.697069],[-77.897885,35.696381]]}},{"type":"Feature","properties":{"site_id":"DEQ-21025-17-065","role":"line","kv":115.0,"nearest":true,"intersects_site":false,"distance_km":null},"geometry":{"type":"LineString","coordinates":[[-77.954862,34.229359],[-77.954622,34.229277],[-77.954688,34.229045],[-77.954484,34.229009]]}},{"type":"Feature","properties":{"site_id":"DEQ-21025-17-065","role":"connector","kv":115.0,"nearest":true,"intersects_site":false,"distance_km":1.317930686171039},"geometry":{"type":"LineString","coordinates":[[-77.952112,34.217293],[-77.954484,34.229009]]}},{"type":"Feature","properties":{"site_id":"DEQ-21020-17-078","role":"line","kv":115.0,"nearest":true,"intersects_site":false,"distance_km":null},"geometry":{"type":"LineString","coordinates":[[-79.344054,34.774753],[-79.324626,34.780609],[-79.327501,34.787632]]}},{"type":"Feature","properties":{"site_id":"DEQ-21020-17-078","role":"connector","kv":115.0,"nearest":true,"intersects_site":false,"distance_km":1.573980080858491},"geometry":{"type":"LineString","coordinates":[[-79.352457,34.762374],[-79.344054,34.774753]]}},{"type":"Feature","properties":{"site_id":"DEQ-21019-17-092","role":"line","kv":230.0,"nearest":true,"intersects_site":false,"distance_km":null},"geometry":{"type":"LineString","coordinates":[[-78.693122,35.814361],[-78.693437,35.816923],[-78.693642,35.819089],[-78.694492,35.826786],[-78.694741,35.829326],[-78.695316,35.834475],[-78.695736,35.837862],[-78.696696,35.846805],[-78.696989,35.849928],[-78.697289,35.852224],[-78.697455,35.85445],[-78.697632,35.855896]]}},{"type":"Feature","properties":{"site_id":"DEQ-21019-17-092","role":"connector","kv":230.0,"nearest":true,"intersects_site":false,"distance_km":1.0747513444431533},"geometry":{"type":"LineString","coordinates":[[-78.683455,35.835233],[-78.695306,35.834387]]}},{"type":"Feature","properties":{"site_id":"DEQ-22009-18-060","role":"line","kv":100.0,"nearest":true,"intersects_site":false,"distance_km":null},"geometry":{"type":"LineString","coordinates":[[-80.913536,35.12544],[-80.913946,35.125695],[-80.914459,35.126727],[-80.914049,35.128245],[-80.915987,35.129051],[-80.91824,35.128668],[-80.91927,35.128882],[-80.920034,35.129241],[-80.921128,35.130265],[-80.921733,35.130688],[-80.922104,35.130898],[-80.923647,35.130375],[-80.924728,35.132339],[-80.925348,35.132379],[-80.925958,35.132323]]}},{"type":"Feature","properties":{"site_id":"DEQ-22009-18-060","role":"connector","kv":100.0,"nearest":true,"intersects_site":false,"distance_km":1.5588040972918271},"geometry":{"type":"LineString","coordinates":[[-80.937666,35.122079],[-80.925958,35.132323]]}},{"type":"Feature","properties":{"site_id":"DEQ-22008-18-060","role":"line","kv":100.0,"nearest":true,"intersects_site":false,"distance_km":null},"geometry":{"type":"LineString","coordinates":[[-80.74053,35.20543],[-80.740161,35.20889],[-80.739684,35.210176],[-80.739276,35.21144],[-80.738518,35.214272],[-80.735512,35.224618],[-80.739988,35.231245],[-80.741072,35.23499]]}},{"type":"Feature","properties":{"site_id":"DEQ-22008-18-060","role":"connector","kv":100.0,"nearest":true,"intersects_site":false,"distance_km":1.2083829950375145},"geometry":{"type":"LineString","coordinates":[[-80.725065,35.213629],[-80.737979,35.216147]]}},{"type":"Feature","properties":{"site_id":"DEQ-22012-18-087","role":"line","kv":161.0,"nearest":true,"intersects_site":false,"distance_km":null},"geometry":{"type":"LineString","coordinates":[[-83.458839,35.412525],[-83.459806,35.412873],[-83.460899,35.412463],[-83.460781,35.412227]]}},{"type":"Feature","properties":{"site_id":"DEQ-22012-18-087","role":"connector","kv":161.0,"nearest":true,"intersects_site":false,"distance_km":0.9877915480794324},"geometry":{"type":"LineString","coordinates":[[-83.458071,35.421663],[-83.459806,35.412873]]}},{"type":"Feature","properties":{"site_id":"DEQ-22011-18-060","role":"line","kv":100.0,"nearest":true,"intersects_site":true,"distance_km":null},"geometry":{"type":"LineString","coordinates":[[-80.780621,35.275562],[-80.774352,35.281461],[-80.770814,35.283843],[-80.756963,35.293012]]}},{"type":"Feature","properties":{"site_id":"DEQ-22011-18-060","role":"line","kv":100.0,"nearest":false,"intersects_site":true,"distance_km":null},"geometry":{"type":"LineString","coordinates":[[-80.780903,35.275558],[-80.774494,35.281583],[-80.771131,35.28385],[-80.759438,35.291582]]}},{"type":"Feature","properties":{"site_id":"DEQ-22018-18-092","role":"line","kv":115.0,"nearest":true,"intersects_site":false,"distance_km":null},"geometry":{"type":"LineString","coordinates":[[-78.584577,35.812428],[-78.591274,35.812925],[-78.591912,35.813358],[-78.593341,35.814415],[-78.593736,35.814321],[-78.596802,35.812822],[-78.597897,35.812245],[-78.601338,35.810575],[-78.60219,35.811594],[-78.602974,35.812601],[-78.603514,35.813221],[-78.604387,35.814381],[-78.605862,35.815946],[-78.606737,35.816999],[-78.609063,35.819932],[-78.609818,35.820577],[-78.610945,35.821415]]}},{"type":"Feature","properties":{"site_id":"DEQ-22018-18-092","role":"connector","kv":115.0,"nearest":true,"intersects_site":false,"distance_km":0.12827613362311518},"geometry":{"type":"LineString","coordinates":[[-78.601973,35.813451],[-78.603131,35.812782]]}},{"type":"Feature","properties":{"site_id":"DEQ-22019-18-041","role":"line","kv":100.0,"nearest":true,"intersects_site":true,"distance_km":null},"geometry":{"type":"LineString","coordinates":[[-79.773104,36.112057],[-79.770273,36.110981],[-79.767166,36.109336],[-79.767025,36.107731],[-79.767379,36.105754],[-79.767521,36.105337],[-79.769051,36.104491],[-79.770105,36.103593],[-79.770817,36.103098],[-79.772934,36.10146],[-79.775679,36.098584],[-79.778558,36.098141],[-79.779464,36.098075],[-79.780501,36.097222],[-79.782616,36.095563],[-79.783932,36.09498],[-79.785988,36.09415]]}},{"type":"Feature","properties":{"site_id":"DEQ-22023-18-060","role":"line","kv":100.0,"nearest":true,"intersects_site":true,"distance_km":null},"geometry":{"type":"LineString","coordinates":[[-80.884661,35.175046],[-80.88473,35.175985],[-80.884573,35.187742]]}},{"type":"Feature","properties":{"site_id":"DEQ-22028-18-036","role":"line","kv":100.0,"nearest":true,"intersects_site":false,"distance_km":null},"geometry":{"type":"LineString","coordinates":[[-81.185214,35.395424],[-81.188302,35.394321],[-81.19117,35.393253],[-81.207958,35.387134],[-81.209205,35.38634],[-81.210684,35.385272],[-81.211161,35.38496],[-81.211688,35.384959],[-81.212607,35.384274],[-81.214061,35.383298],[-81.214998,35.381129]]}},{"type":"Feature","properties":{"site_id":"DEQ-22028-18-036","role":"connector","kv":100.0,"nearest":true,"intersects_site":false,"distance_km":0.2781740284141665},"geometry":{"type":"LineString","coordinates":[[-81.199597,35.392934],[-81.198356,35.390642]]}},{"type":"Feature","properties":{"site_id":"DEQ-22030-18-080","role":"line","kv":100.0,"nearest":true,"intersects_site":true,"distance_km":null},"geometry":{"type":"LineString","coordinates":[[-80.606946,35.713513],[-80.608005,35.71348],[-80.608368,35.713512]]}},{"type":"Feature","properties":{"site_id":"DEQ-22030-18-080","role":"line","kv":100.0,"nearest":false,"intersects_site":true,"distance_km":null},"geometry":{"type":"LineString","coordinates":[[-80.616473,35.696625],[-80.611649,35.702968],[-80.610085,35.705082],[-80.606672,35.709518],[-80.606946,35.713513],[-80.603422,35.713636],[-80.601152,35.715821]]}},{"type":"Feature","properties":{"site_id":"DEQ-22032-18-011","role":"line","kv":115.0,"nearest":true,"intersects_site":false,"distance_km":null},"geometry":{"type":"LineString","coordinates":[[-82.431072,35.605629],[-82.431112,35.605304],[-82.430688,35.602015],[-82.429013,35.600689],[-82.428084,35.596682]]}},{"type":"Feature","properties":{"site_id":"DEQ-22032-18-011","role":"connector","kv":115.0,"nearest":true,"intersects_site":false,"distance_km":0.717133143705012},"geometry":{"type":"LineString","coordinates":[[-82.4318,35.612065],[-82.431072,35.605629]]}},{"type":"Feature","properties":{"site_id":"DEQ-22037-18-051","role":"line","kv":115.0,"nearest":true,"intersects_site":false,"distance_km":null},"geometry":{"type":"LineString","coordinates":[[-78.471849,35.648085],[-78.458948,35.639801],[-78.454102,35.635773],[-78.448912,35.633364],[-78.437735,35.626191]]}},{"type":"Feature","properties":{"site_id":"DEQ-22037-18-051","role":"connector","kv":115.0,"nearest":true,"intersects_site":false,"distance_km":0.8799874061306078},"geometry":{"type":"LineString","coordinates":[[-78.44943,35.64319],[-78.456319,35.637596]]}},{"type":"Feature","properties":{"site_id":"DEQ-22038-18-011","role":"line","kv":115.0,"nearest":true,"intersects_site":false,"distance_km":null},"geometry":{"type":"LineString","coordinates":[[-82.517888,35.460707],[-82.518334,35.460466],[-82.518147,35.460211]]}},{"type":"Feature","properties":{"site_id":"DEQ-22038-18-011","role":"connector","kv":115.0,"nearest":true,"intersects_site":false,"distance_km":1.053235640632511},"geometry":{"type":"LineString","coordinates":[[-82.526879,35.453958],[-82.518147,35.460211]]}},{"type":"Feature","properties":{"site_id":"DEQ-22040-18-060","role":"line","kv":100.0,"nearest":true,"intersects_site":false,"distance_km":null},"geometry":{"type":"LineString","coordinates":[[-80.812103,35.248881],[-80.810132,35.250107],[-80.807793,35.250679],[-80.805897,35.250883],[-80.803901,35.251284],[-80.803146,35.254225],[-80.802963,35.254602],[-80.799591,35.257787],[-80.799706,35.258801],[-80.797936,35.259992],[-80.796957,35.260264],[-80.788055,35.268674]]}},{"type":"Feature","properties":{"site_id":"DEQ-22040-18-060","role":"connector","kv":100.0,"nearest":true,"intersects_site":false,"distance_km":0.3006688747837756},"geometry":{"type":"LineString","coordinates":[[-80.797947,35.255204],[-80.800445,35.256978]]}},{"type":"Feature","properties":{"site_id":"DEQ-22047-18-068","role":"line","kv":100.0,"nearest":true,"intersects_site":false,"distance_km":null},"geometry":{"type":"LineString","coordinates":[[-79.017868,35.943884],[-79.017869,35.944009],[-79.017644,35.944011]]}},{"type":"Feature","properties":{"site_id":"DEQ-22047-18-068","role":"connector","kv":100.0,"nearest":true,"intersects_site":false,"distance_km":1.6633623411326075},"geometry":{"type":"LineString","coordinates":[[-79.025747,35.930331],[-79.017868,35.943884]]}},{"type":"Feature","properties":{"site_id":"DEQ-22052-18-060","role":"line","kv":100.0,"nearest":true,"intersects_site":false,"distance_km":null},"geometry":{"type":"LineString","coordinates":[[-80.881622,35.076507],[-80.881623,35.076535],[-80.88101,35.076572],[-80.881017,35.076625]]}},{"type":"Feature","properties":{"site_id":"DEQ-22052-18-060","role":"connector","kv":100.0,"nearest":true,"intersects_site":false,"distance_km":1.34558046443149},"geometry":{"type":"LineString","coordinates":[[-80.893063,35.084196],[-80.881623,35.076535]]}},{"type":"Feature","properties":{"site_id":"DEQ-22044-18-060","role":"line","kv":100.0,"nearest":true,"intersects_site":false,"distance_km":null},"geometry":{"type":"LineString","coordinates":[[-80.746687,35.25164],[-80.749378,35.254922],[-80.75127,35.257346],[-80.754668,35.266437],[-80.763814,35.269215],[-80.772055,35.268042],[-80.776272,35.270323],[-80.780233,35.272388],[-80.782601,35.273674],[-80.778324,35.277731]]}},{"type":"Feature","properties":{"site_id":"DEQ-22044-18-060","role":"connector","kv":100.0,"nearest":true,"intersects_site":false,"distance_km":1.6519413150346922},"geometry":{"type":"LineString","coordinates":[[-80.777491,35.253833],[-80.772055,35.268042]]}},{"type":"Feature","properties":{"site_id":"DEQ-22056-18-060","role":"line","kv":100.0,"nearest":true,"intersects_site":false,"distance_km":null},"geometry":{"type":"LineString","coordinates":[[-80.843225,35.239137],[-80.842964,35.239603],[-80.843359,35.239961],[-80.844148,35.240975],[-80.843763,35.242217],[-80.845356,35.244227],[-80.845744,35.245191],[-80.845793,35.246063],[-80.84533,35.247641],[-80.844769,35.249118],[-80.843937,35.250791],[-80.843255,35.252261]]}},{"type":"Feature","properties":{"site_id":"DEQ-22056-18-060","role":"connector","kv":100.0,"nearest":true,"intersects_site":false,"distance_km":0.13262275000818113},"geometry":{"type":"LineString","coordinates":[[-80.845418,35.24173],[-80.844005,35.241435]]}},{"type":"Feature","properties":{"site_id":"DEQ-22058-18-043","role":"line","kv":115.0,"nearest":true,"intersects_site":false,"distance_km":null},"geometry":{"type":"LineString","coordinates":[[-78.656599,35.334953],[-78.656723,35.334429],[-78.657232,35.332728],[-78.657765,35.331126],[-78.658288,35.329383],[-78.660398,35.32725],[-78.662557,35.324965],[-78.662627,35.323072],[-78.662727,35.316314],[-78.665764,35.308374],[-78.666298,35.306817],[-78.666731,35.305684]]}},{"type":"Feature","properties":{"site_id":"DEQ-22058-18-043","role":"connector","kv":115.0,"nearest":true,"intersects_site":false,"distance_km":1.2482582910063127},"geometry":{"type":"LineString","coordinates":[[-78.676094,35.326848],[-78.662557,35.324965]]}},{"type":"Feature","properties":{"site_id":"DEQ-22059-18-032","role":"line","kv":100.0,"nearest":true,"intersects_site":false,"distance_km":null},"geometry":{"type":"LineString","coordinates":[[-78.855637,35.914388],[-78.855549,35.914475],[-78.855432,35.914397],[-78.85552,35.914311]]}},{"type":"Feature","properties":{"site_id":"DEQ-22059-18-032","role":"connector","kv":100.0,"nearest":true,"intersects_site":false,"distance_km":0.7421588614502619},"geometry":{"type":"LineString","coordinates":[[-78.863442,35.916493],[-78.855637,35.914388]]}},{"type":"Feature","properties":{"site_id":"DEQ-22061-18-092","role":"line","kv":230.0,"nearest":true,"intersects_site":false,"distance_km":null},"geometry":{"type":"LineString","coordinates":[[-78.553926,35.781148],[-78.55477,35.78282],[-78.554863,35.80543],[-78.556466,35.809915]]}},{"type":"Feature","properties":{"site_id":"DEQ-22061-18-092","role":"connector","kv":230.0,"nearest":true,"intersects_site":false,"distance_km":0.378891739194967},"geometry":{"type":"LineString","coordinates":[[-78.550637,35.797317],[-78.554829,35.797305]]}},{"type":"Feature","properties":{"site_id":"DEQ-22070-18-090","role":"line","kv":230.0,"nearest":true,"intersects_site":true,"distance_km":null},"geometry":{"type":"LineString","coordinates":[[-80.634612,35.071564],[-80.653968,35.054572],[-80.658754,35.049528]]}},{"type":"Feature","properties":{"site_id":"DEQ-22072-18-060","role":"line","kv":100.0,"nearest":true,"intersects_site":false,"distance_km":null},"geometry":{"type":"LineString","coordinates":[[-80.838427,35.307574],[-80.838453,35.307418],[-80.838594,35.307436]]}},{"type":"Feature","properties":{"site_id":"DEQ-22072-18-060","role":"connector","kv":100.0,"nearest":true,"intersects_site":false,"distance_km":2.0017416054619983},"geometry":{"type":"LineString","coordinates":[[-80.841391,35.289534],[-80.838453,35.307418]]}},{"type":"Feature","properties":{"site_id":"DEQ-22073-18-001","role":"line","kv":100.0,"nearest":true,"intersects_site":false,"distance_km":null},"geometry":{"type":"LineString","coordinates":[[-79.388893,36.101964],[-79.41246,36.10515]]}},{"type":"Feature","properties":{"site_id":"DEQ-22073-18-001","role":"connector","kv":100.0,"nearest":true,"intersects_site":false,"distance_km":0.552221631257629},"geometry":{"type":"LineString","coordinates":[[-79.406118,36.099246],[-79.405095,36.104153]]}},{"type":"Feature","properties":{"site_id":"DEQ-22080-18-060","role":"line","kv":100.0,"nearest":true,"intersects_site":false,"distance_km":null},"geometry":{"type":"LineString","coordinates":[[-80.884528,35.174353],[-80.884772,35.173551],[-80.889036,35.169667],[-80.895427,35.154041],[-80.896151,35.15252]]}},{"type":"Feature","properties":{"site_id":"DEQ-22080-18-060","role":"connector","kv":100.0,"nearest":true,"intersects_site":false,"distance_km":0.16372600786765865},"geometry":{"type":"LineString","coordinates":[[-80.888173,35.167139],[-80.889877,35.167609]]}},{"type":"Feature","properties":{"site_id":"DEQ-22083-18-001","role":"line","kv":100.0,"nearest":true,"intersects_site":false,"distance_km":null},"geometry":{"type":"LineString","coordinates":[[-79.342213,36.096842],[-79.350604,36.098052],[-79.355076,36.097831],[-79.361449,36.09834],[-79.363618,36.098579],[-79.369776,36.099422],[-79.371948,36.099689],[-79.385948,36.101561]]}},{"type":"Feature","properties":{"site_id":"DEQ-22083-18-001","role":"connector","kv":100.0,"nearest":true,"intersects_site":false,"distance_km":0.7928014229758695},"geometry":{"type":"LineString","coordinates":[[-79.364689,36.091486],[-79.363507,36.098567]]}},{"type":"Feature","properties":{"site_id":"DEQ-20065-16-032","role":"line","kv":100.0,"nearest":true,"intersects_site":false,"distance_km":null},"geometry":{"type":"LineString","coordinates":[[-78.902484,36.008276],[-78.902832,36.008454],[-78.903873,36.008324]]}},{"type":"Feature","properties":{"site_id":"DEQ-20065-16-032","role":"connector","kv":100.0,"nearest":true,"intersects_site":false,"distance_km":1.4737850149800338},"geometry":{"type":"LineString","coordinates":[[-78.906095,35.995164],[-78.903873,36.008324]]}},{"type":"Feature","properties":{"site_id":"DEQ-22067-18-034","role":"line","kv":100.0,"nearest":true,"intersects_site":false,"distance_km":null},"geometry":{"type":"LineString","coordinates":[[-80.25742,36.13849],[-80.25749,36.138489],[-80.257486,36.138362],[-80.25742,36.138363]]}},{"type":"Feature","properties":{"site_id":"DEQ-22067-18-034","role":"connector","kv":100.0,"nearest":true,"intersects_site":false,"distance_km":0.6429375162638487},"geometry":{"type":"LineString","coordinates":[[-80.251142,36.1356],[-80.25742,36.138363]]}},{"type":"Feature","properties":{"site_id":"DEQ-23002-19-060","role":"line","kv":100.0,"nearest":true,"intersects_site":false,"distance_km":null},"geometry":{"type":"LineString","coordinates":[[-80.884662,35.182427],[-80.884515,35.191454],[-80.884459,35.197294],[-80.884573,35.206028]]}},{"type":"Feature","properties":{"site_id":"DEQ-23002-19-060","role":"connector","kv":100.0,"nearest":true,"intersects_site":false,"distance_km":0.14327654760808745},"geometry":{"type":"LineString","coordinates":[[-80.882894,35.195439],[-80.884467,35.195454]]}},{"type":"Feature","properties":{"site_id":"DEQ-23007-19-012","role":"line","kv":100.0,"nearest":true,"intersects_site":false,"distance_km":null},"geometry":{"type":"LineString","coordinates":[[-81.648072,35.724401],[-81.615359,35.73111],[-81.610348,35.732096],[-81.573991,35.739495],[-81.568323,35.739823],[-81.562594,35.73927]]}},{"type":"Feature","properties":{"site_id":"DEQ-23007-19-012","role":"connector","kv":100.0,"nearest":true,"intersects_site":false,"distance_km":2.6906017248177716},"geometry":{"type":"LineString","coordinates":[[-81.604424,35.758299],[-81.597389,35.734735]]}},{"type":"Feature","properties":{"site_id":"DEQ-23012-19-032","role":"line","kv":100.0,"nearest":true,"intersects_site":false,"distance_km":null},"geometry":{"type":"LineString","coordinates":[[-78.901934,36.008781],[-78.902002,36.011104],[-78.901604,36.012535],[-78.901141,36.013955],[-78.899842,36.01567],[-78.898818,36.017124],[-78.899681,36.019238],[-78.904516,36.021268],[-78.906997,36.02207],[-78.907041,36.025857],[-78.907008,36.02739],[-78.907717,36.028253],[-78.907831,36.032734],[-78.912194,36.034741]]}},{"type":"Feature","properties":{"site_id":"DEQ-23012-19-032","role":"connector","kv":100.0,"nearest":true,"intersects_site":false,"distance_km":0.3797896324635033},"geometry":{"type":"LineString","coordinates":[[-78.911184,36.021685],[-78.906997,36.02207]]}},{"type":"Feature","properties":{"site_id":"DEQ-23013-19-055","role":"line","kv":100.0,"nearest":true,"intersects_site":false,"distance_km":null},"geometry":{"type":"LineString","coordinates":[[-81.237311,35.47445],[-81.237365,35.474658],[-81.239111,35.474283],[-81.240896,35.474083],[-81.244483,35.471762],[-81.246185,35.471392]]}},{"type":"Feature","properties":{"site_id":"DEQ-23013-19-055","role":"connector","kv":100.0,"nearest":true,"intersects_site":false,"distance_km":5.0753254394419},"geometry":{"type":"LineString","coordinates":[[-81.273799,35.43161],[-81.246185,35.471392]]}},{"type":"Feature","properties":{"site_id":"DEQ-23014-19-034","role":"line","kv":100.0,"nearest":true,"intersects_site":false,"distance_km":null},"geometry":{"type":"LineString","coordinates":[[-80.296321,36.047945],[-80.311251,36.038671],[-80.319486,36.029111],[-80.325107,36.026603]]}},{"type":"Feature","properties":{"site_id":"DEQ-23014-19-034","role":"connector","kv":100.0,"nearest":true,"intersects_site":false,"distance_km":1.1227802468876464},"geometry":{"type":"LineString","coordinates":[[-80.320105,36.045791],[-80.311251,36.038671]]}},{"type":"Feature","properties":{"site_id":"DEQ-23016-19-032","role":"line","kv":100.0,"nearest":true,"intersects_site":true,"distance_km":null},"geometry":{"type":"LineString","coordinates":[[-78.852753,35.933578],[-78.852839,35.929035],[-78.851906,35.927769],[-78.852076,35.918033],[-78.852039,35.917689]]}},{"type":"Feature","properties":{"site_id":"DEQ-23019-19-042","role":"line","kv":230.0,"nearest":true,"intersects_site":false,"distance_km":null},"geometry":{"type":"LineString","coordinates":[[-77.663608,36.431401],[-77.662384,36.443236],[-77.661839,36.443978],[-77.659999,36.445155]]}},{"type":"Feature","properties":{"site_id":"DEQ-23019-19-042","role":"connector","kv":230.0,"nearest":true,"intersects_site":false,"distance_km":1.2659225619227246},"geometry":{"type":"LineString","coordinates":[[-77.649199,36.433705],[-77.663261,36.434707]]}},{"type":"Feature","properties":{"site_id":"DEQ-23020-19-036","role":"line","kv":100.0,"nearest":true,"intersects_site":false,"distance_km":null},"geometry":{"type":"LineString","coordinates":[[-81.062132,35.241593],[-81.062625,35.2437],[-81.065777,35.248599],[-81.067596,35.251227],[-81.068576,35.253675],[-81.069781,35.254772],[-81.070214,35.258757],[-81.070525,35.260269],[-81.071452,35.262392],[-81.072885,35.266103],[-81.076333,35.26813],[-81.077047,35.268239],[-81.081197,35.267454]]}},{"type":"Feature","properties":{"site_id":"DEQ-23020-19-036","role":"connector","kv":100.0,"nearest":true,"intersects_site":false,"distance_km":0.5567282720691222},"geometry":{"type":"LineString","coordinates":[[-81.063241,35.256131],[-81.068576,35.253675]]}},{"type":"Feature","properties":{"site_id":"DEQ-23022-19-068","role":"line","kv":100.0,"nearest":true,"intersects_site":false,"distance_km":null},"geometry":{"type":"LineString","coordinates":[[-79.062466,35.907316],[-79.062262,35.907464]]}},{"type":"Feature","properties":{"site_id":"DEQ-23022-19-068","role":"connector","kv":100.0,"nearest":true,"intersects_site":false,"distance_km":2.1527185034331175},"geometry":{"type":"LineString","coordinates":[[-79.053106,35.92538],[-79.062262,35.907464]]}},{"type":"Feature","properties":{"site_id":"DEQ-23024-19-035","role":"line","kv":115.0,"nearest":true,"intersects_site":false,"distance_km":null},"geometry":{"type":"LineString","coordinates":[[-78.500972,36.017223],[-78.498242,36.025794],[-78.497839,36.026975],[-78.497209,36.029059],[-78.493798,36.039645],[-78.492714,36.04315]]}},{"type":"Feature","properties":{"site_id":"DEQ-23024-19-035","role":"connector","kv":115.0,"nearest":true,"intersects_site":false,"distance_km":0.30721671779212767},"geometry":{"type":"LineString","coordinates":[[-78.500736,36.029004],[-78.497426,36.028343]]}},{"type":"Feature","properties":{"site_id":"DEQ-23037-19-090","role":"line","kv":230.0,"nearest":true,"intersects_site":false,"distance_km":null},"geometry":{"type":"MultiLineString","coordinates":[[[-80.621672,35.082935],[-80.653968,35.054572],[-80.658826,35.049452]],[[-80.707032,35.093307],[-80.702508,35.095397],[-80.702363,35.097065]]]}},{"type":"Feature","properties":{"site_id":"DEQ-23037-19-090","role":"connector","kv":230.0,"nearest":true,"intersects_site":false,"distance_km":2.6743228884662127},"geometry":{"type":"LineString","coordinates":[[-80.662109,35.0827],[-80.640633,35.066283]]}},{"type":"Feature","properties":{"site_id":"DEQ-23045-19-036","role":"line","kv":100.0,"nearest":true,"intersects_site":false,"distance_km":null},"geometry":{"type":"LineString","coordinates":[[-81.04059,35.297491],[-81.042401,35.296045],[-81.044807,35.294987],[-81.046106,35.294332],[-81.0486,35.292956],[-81.052156,35.291051],[-81.07629,35.277737],[-81.07812,35.277038],[-81.081319,35.276246],[-81.081675,35.275773]]}},{"type":"Feature","properties":{"site_id":"DEQ-23045-19-036","role":"connector","kv":100.0,"nearest":true,"intersects_site":false,"distance_km":2.0160065286573903},"geometry":{"type":"LineString","coordinates":[[-81.047007,35.271985],[-81.059422,35.287039]]}},{"type":"Feature","properties":{"site_id":"DEQ-23047-19-065","role":"line","kv":115.0,"nearest":true,"intersects_site":false,"distance_km":null},"geometry":{"type":"LineString","coordinates":[[-77.937624,34.157867],[-77.937691,34.157984],[-77.937243,34.159947],[-77.938107,34.161369],[-77.925831,34.174718],[-77.925595,34.175509],[-77.925664,34.176092],[-77.933157,34.189176]]}},{"type":"Feature","properties":{"site_id":"DEQ-23047-19-065","role":"connector","kv":115.0,"nearest":true,"intersects_site":false,"distance_km":0.4869434575817915},"geometry":{"type":"LineString","coordinates":[[-77.935166,34.171801],[-77.930962,34.169145]]}},{"type":"Feature","properties":{"site_id":"DEQ-23048-19-060","role":"line","kv":100.0,"nearest":true,"intersects_site":false,"distance_km":null},"geometry":{"type":"LineString","coordinates":[[-80.83797,35.307928],[-80.833583,35.312438],[-80.83241,35.313567],[-80.831208,35.314457],[-80.826436,35.317857],[-80.821042,35.331586],[-80.821004,35.332755]]}},{"type":"Feature","properties":{"site_id":"DEQ-23048-19-060","role":"connector","kv":100.0,"nearest":true,"intersects_site":false,"distance_km":0.23684949841259473},"geometry":{"type":"LineString","coordinates":[[-80.833156,35.315893],[-80.831409,35.314308]]}},{"type":"Feature","properties":{"site_id":"DEQ-23058-19-060","role":"line","kv":100.0,"nearest":true,"intersects_site":false,"distance_km":null},"geometry":{"type":"LineString","coordinates":[[-80.678024,35.21155],[-80.67391,35.219211],[-80.683453,35.223786],[-80.686367,35.227958],[-80.686678,35.229903],[-80.68419,35.234967],[-80.681115,35.242599]]}},{"type":"Feature","properties":{"site_id":"DEQ-23058-19-060","role":"connector","kv":100.0,"nearest":true,"intersects_site":false,"distance_km":1.2025045266892076},"geometry":{"type":"LineString","coordinates":[[-80.69653,35.22072],[-80.685047,35.22608]]}},{"type":"Feature","properties":{"site_id":"DEQ-23061-19-060","role":"line","kv":100.0,"nearest":true,"intersects_site":false,"distance_km":null},"geometry":{"type":"LineString","coordinates":[[-80.876376,35.249385],[-80.875135,35.249026],[-80.872101,35.249387],[-80.86969,35.246569],[-80.869577,35.241925],[-80.868897,35.241227],[-80.868602,35.239154],[-80.868139,35.238359],[-80.86677,35.236986],[-80.865163,35.235458],[-80.863993,35.233737],[-80.860308,35.231298]]}},{"type":"Feature","properties":{"site_id":"DEQ-23061-19-060","role":"connector","kv":100.0,"nearest":true,"intersects_site":false,"distance_km":0.03334280534666229},"geometry":{"type":"LineString","coordinates":[[-80.869281,35.244532],[-80.869647,35.244527]]}},{"type":"Feature","properties":{"site_id":"DEQ-23064-19-060","role":"line","kv":100.0,"nearest":true,"intersects_site":false,"distance_km":null},"geometry":{"type":"LineString","coordinates":[[-80.861253,35.159991],[-80.862503,35.160556],[-80.868941,35.167564],[-80.874205,35.172366],[-80.875264,35.172947],[-80.877893,35.173004],[-80.878692,35.176452],[-80.881471,35.176007],[-80.882702,35.175988],[-80.884252,35.175825],[-80.884361,35.175101]]}},{"type":"Feature","properties":{"site_id":"DEQ-23064-19-060","role":"connector","kv":100.0,"nearest":true,"intersects_site":false,"distance_km":0.5823593089969171},"geometry":{"type":"LineString","coordinates":[[-80.878806,35.167808],[-80.877893,35.173004]]}},{"type":"Feature","properties":{"site_id":"DEQ-23068-19-092","role":"line","kv":230.0,"nearest":true,"intersects_site":false,"distance_km":null},"geometry":{"type":"LineString","coordinates":[[-78.529207,35.776568],[-78.525249,35.77888],[-78.526141,35.780586],[-78.525291,35.780637],[-78.524001,35.779609],[-78.513931,35.781477],[-78.511947,35.782514],[-78.510608,35.783282],[-78.507497,35.78496],[-78.493282,35.789153],[-78.492027,35.789873],[-78.478387,35.797341]]}},{"type":"Feature","properties":{"site_id":"DEQ-23068-19-092","role":"connector","kv":230.0,"nearest":true,"intersects_site":false,"distance_km":1.493755015273359},"geometry":{"type":"LineString","coordinates":[[-78.506026,35.799727],[-78.500409,35.787065]]}},{"type":"Feature","properties":{"site_id":"DEQ-23069-19-060","role":"line","kv":100.0,"nearest":true,"intersects_site":false,"distance_km":null},"geometry":{"type":"LineString","coordinates":[[-80.982727,35.134293],[-80.9851,35.133326],[-80.99127,35.140153],[-80.994564,35.14277]]}},{"type":"Feature","properties":{"site_id":"DEQ-23069-19-060","role":"connector","kv":100.0,"nearest":true,"intersects_site":false,"distance_km":0.25583562669348064},"geometry":{"type":"LineString","coordinates":[[-80.982924,35.131638],[-80.984171,35.133705]]}},{"type":"Feature","properties":{"site_id":"DEQ-23072-19-034","role":"line","kv":100.0,"nearest":true,"intersects_site":false,"distance_km":null},"geometry":{"type":"LineString","coordinates":[[-80.108362,36.093652],[-80.075449,36.105312],[-80.065415,36.112019]]}},{"type":"Feature","properties":{"site_id":"DEQ-23072-19-034","role":"connector","kv":100.0,"nearest":true,"intersects_site":false,"distance_km":0.7602352693069585},"geometry":{"type":"LineString","coordinates":[[-80.08513,36.109369],[-80.081756,36.103088]]}},{"type":"Feature","properties":{"site_id":"DEQ-23078-19-092","role":"line","kv":115.0,"nearest":true,"intersects_site":false,"distance_km":null},"geometry":{"type":"LineString","coordinates":[[-78.6313,35.804513],[-78.631121,35.804579],[-78.631397,35.805167],[-78.631629,35.805624],[-78.632038,35.806091],[-78.632273,35.806459],[-78.632359,35.806712],[-78.631691,35.806765],[-78.630941,35.806892],[-78.631036,35.810789],[-78.627161,35.810973],[-78.626216,35.811094],[-78.626215,35.81206],[-78.62641,35.812722],[-78.626826,35.813779],[-78.626279,35.815619],[-78.625926,35.816323],[-78.625341,35.816116],[-78.620546,35.814603],[-78.619812,35.814477],[-78.618594,35.816646],[-78.618134,35.817422],[-78.61765,35.818157],[-78.617106,35.818683],[-78.615893,35.8195],[-78.614725,35.820225]]}},{"type":"Feature","properties":{"site_id":"DEQ-23078-19-092","role":"connector","kv":115.0,"nearest":true,"intersects_site":false,"distance_km":0.12522336911749632},"geometry":{"type":"LineString","coordinates":[[-78.625544,35.810106],[-78.626216,35.811094]]}},{"type":"Feature","properties":{"site_id":"DEQ-23087-19-092","role":"line","kv":230.0,"nearest":true,"intersects_site":false,"distance_km":null},"geometry":{"type":"LineString","coordinates":[[-78.632808,35.767444],[-78.632968,35.764398],[-78.633141,35.763316],[-78.635166,35.763356],[-78.637243,35.763556],[-78.637407,35.760701],[-78.637395,35.75906],[-78.639584,35.759143],[-78.641247,35.758518],[-78.645161,35.758352]]}},{"type":"Feature","properties":{"site_id":"DEQ-23087-19-092","role":"connector","kv":230.0,"nearest":true,"intersects_site":false,"distance_km":0.21804332642585142},"geometry":{"type":"LineString","coordinates":[[-78.644228,35.756421],[-78.644343,35.758384]]}},{"type":"Feature","properties":{"site_id":"DEQ-23079-19-032","role":"line","kv":100.0,"nearest":true,"intersects_site":false,"distance_km":null},"geometry":{"type":"LineString","coordinates":[[-78.855302,35.874601],[-78.855377,35.875525],[-78.85529,35.876435],[-78.854962,35.877354],[-78.852601,35.881721],[-78.8515,35.88387],[-78.851431,35.884413]]}},{"type":"Feature","properties":{"site_id":"DEQ-23079-19-032","role":"connector","kv":100.0,"nearest":true,"intersects_site":false,"distance_km":0.07073470691216902},"geometry":{"type":"LineString","coordinates":[[-78.852171,35.884621],[-78.851431,35.884413]]}},{"type":"Feature","properties":{"site_id":"DEQ-23084-19-068","role":"line","kv":100.0,"nearest":true,"intersects_site":true,"distance_km":null},"geometry":{"type":"LineString","coordinates":[[-79.092253,36.061932],[-79.085749,36.059637],[-79.079452,36.057454],[-79.076387,36.056346],[-79.06946,36.053923],[-79.064667,36.05221]]}},{"type":"Feature","properties":{"site_id":"DEQ-24001-20-060","role":"line","kv":100.0,"nearest":true,"intersects_site":true,"distance_km":null},"geometry":{"type":"LineString","coordinates":[[-80.913536,35.12544],[-80.913946,35.125695],[-80.914459,35.126727],[-80.914049,35.128245],[-80.915987,35.129051],[-80.91824,35.128668],[-80.91927,35.128882],[-80.920034,35.129241],[-80.921128,35.130265],[-80.921733,35.130688],[-80.922104,35.130898],[-80.923647,35.130375],[-80.924728,35.132339],[-80.925348,35.132379],[-80.925958,35.132323]]}},{"type":"Feature","properties":{"site_id":"DEQ-24002-20-060","role":"line","kv":100.0,"nearest":true,"intersects_site":false,"distance_km":null},"geometry":{"type":"LineString","coordinates":[[-80.830718,35.219927],[-80.83103,35.221874],[-80.829827,35.22319],[-80.829432,35.224723],[-80.828898,35.225816],[-80.827499,35.22722],[-80.822563,35.230663],[-80.822341,35.231575],[-80.823011,35.232185],[-80.822852,35.233021],[-80.818505,35.236123],[-80.818248,35.236866],[-80.819038,35.238303],[-80.817456,35.239548],[-80.816381,35.240562]]}},{"type":"Feature","properties":{"site_id":"DEQ-24002-20-060","role":"connector","kv":100.0,"nearest":true,"intersects_site":false,"distance_km":1.1905029778419678},"geometry":{"type":"LineString","coordinates":[[-80.81649,35.220811],[-80.824893,35.229035]]}},{"type":"Feature","properties":{"site_id":"DEQ-24012-20-065","role":"line","kv":230.0,"nearest":true,"intersects_site":false,"distance_km":null},"geometry":{"type":"MultiLineString","coordinates":[[[-77.876453,34.240331],[-77.876002,34.240126],[-77.87492,34.239537]],[[-77.874997,34.233918],[-77.883714,34.221489],[-77.88433,34.220573],[-77.884863,34.219652],[-77.885261,34.218743],[-77.885571,34.217621],[-77.885801,34.217028],[-77.886127,34.215394],[-77.887364,34.207464],[-77.887743,34.205521],[-77.888096,34.203296],[-77.888293,34.202516],[-77.888477,34.201944],[-77.889793,34.19386]]]}},{"type":"Feature","properties":{"site_id":"DEQ-24012-20-065","role":"connector","kv":230.0,"nearest":true,"intersects_site":false,"distance_km":1.3267722328900073},"geometry":{"type":"LineString","coordinates":[[-77.900487,34.216407],[-77.886209,34.214865]]}},{"type":"Feature","properties":{"site_id":"DEQ-24009-20-100","role":"line","kv":115.0,"nearest":true,"intersects_site":true,"distance_km":null},"geometry":{"type":"LineString","coordinates":[[-82.290517,35.91488],[-82.288164,35.914677],[-82.283873,35.915477],[-82.28276,35.915716],[-82.280161,35.916205],[-82.277951,35.917059]]}},{"type":"Feature","properties":{"site_id":"DEQ-24038-20-036","role":"line","kv":100.0,"nearest":true,"intersects_site":false,"distance_km":null},"geometry":{"type":"LineString","coordinates":[[-81.031365,35.236863],[-81.031076,35.236965],[-81.028601,35.235797],[-81.02505,35.234184],[-81.022537,35.231879],[-81.019361,35.22932],[-81.019216,35.227995]]}},{"type":"Feature","properties":{"site_id":"DEQ-24038-20-036","role":"connector","kv":100.0,"nearest":true,"intersects_site":false,"distance_km":0.29525659356654227},"geometry":{"type":"LineString","coordinates":[[-81.032011,35.239514],[-81.031076,35.236965]]}},{"type":"Feature","properties":{"site_id":"DEQ-24045-20-025","role":"line","kv":230.0,"nearest":true,"intersects_site":false,"distance_km":null},"geometry":{"type":"LineString","coordinates":[[-77.077588,35.169241],[-76.997352,35.157194],[-76.981434,35.154785],[-76.979505,35.154471],[-76.972617,35.154047]]}},{"type":"Feature","properties":{"site_id":"DEQ-24045-20-025","role":"connector","kv":230.0,"nearest":true,"intersects_site":false,"distance_km":3.607922619016254},"geometry":{"type":"LineString","coordinates":[[-77.027389,35.128642],[-77.020248,35.160634]]}},{"type":"Feature","properties":{"site_id":"DEQ-24046-20-079","role":"line","kv":138.0,"nearest":true,"intersects_site":true,"distance_km":null},"geometry":{"type":"LineString","coordinates":[[-79.719261,36.505245],[-79.721467,36.514889],[-79.721543,36.524407],[-79.724559,36.526544],[-79.740338,36.53789],[-79.740661,36.537895]]}},{"type":"Feature","properties":{"site_id":"DEQ-24046-20-079","role":"line","kv":100.0,"nearest":false,"intersects_site":true,"distance_km":null},"geometry":{"type":"LineString","coordinates":[[-79.715881,36.517448],[-79.716354,36.517362],[-79.717111,36.51691],[-79.719573,36.515038],[-79.719682,36.513791],[-79.720704,36.512987]]}},{"type":"Feature","properties":{"site_id":"DEQ-24049-20-063","role":"line","kv":115.0,"nearest":true,"intersects_site":false,"distance_km":null},"geometry":{"type":"LineString","coordinates":[[-79.394385,35.184015],[-79.393864,35.184772],[-79.393423,35.185587],[-79.392427,35.187194],[-79.391533,35.188733],[-79.389328,35.18953],[-79.38595,35.190802],[-79.381882,35.193351],[-79.376406,35.197255],[-79.374981,35.19805],[-79.373823,35.198647],[-79.373309,35.198884],[-79.370911,35.199719],[-79.369163,35.200121],[-79.366917,35.200541]]}},{"type":"Feature","properties":{"site_id":"DEQ-24049-20-063","role":"connector","kv":115.0,"nearest":true,"intersects_site":false,"distance_km":0.08302037418049145},"geometry":{"type":"LineString","coordinates":[[-79.381397,35.192711],[-79.381969,35.193293]]}},{"type":"Feature","properties":{"site_id":"DEQ-25011-21-060","role":"line","kv":100.0,"nearest":true,"intersects_site":false,"distance_km":null},"geometry":{"type":"LineString","coordinates":[[-80.803777,35.251757],[-80.803146,35.254225],[-80.802963,35.254602],[-80.799591,35.257787],[-80.799706,35.258801],[-80.797936,35.259992],[-80.796957,35.260264],[-80.784391,35.272142],[-80.782551,35.273999],[-80.774494,35.281583],[-80.771304,35.283733]]}},{"type":"Feature","properties":{"site_id":"DEQ-25011-21-060","role":"connector","kv":100.0,"nearest":true,"intersects_site":false,"distance_km":2.074554143145678},"geometry":{"type":"LineString","coordinates":[[-80.806866,35.279431],[-80.789671,35.267147]]}},{"type":"Feature","properties":{"site_id":"DEQ-25013-21-065","role":"line","kv":230.0,"nearest":true,"intersects_site":true,"distance_km":null},"geometry":{"type":"LineString","coordinates":[[-78.012173,34.332084],[-78.014485,34.333517],[-78.015433,34.333171]]}},{"type":"Feature","properties":{"site_id":"DEQ-25013-21-065","role":"line","kv":115.0,"nearest":false,"intersects_site":true,"distance_km":null},"geometry":{"type":"LineString","coordinates":[[-78.039615,34.327572],[-78.03861,34.327219],[-78.035692,34.32536],[-78.032385,34.326622],[-78.030495,34.327308],[-78.014885,34.333164],[-77.998192,34.322825],[-77.992236,34.308919]]}},{"type":"Feature","properties":{"site_id":"DEQ-25013-21-065","role":"line","kv":230.0,"nearest":false,"intersects_site":true,"distance_km":null},"geometry":{"type":"LineString","coordinates":[[-78.027012,34.309207],[-78.020602,34.339126],[-78.022614,34.34207],[-78.020411,34.343751]]}},{"type":"Feature","properties":{"site_id":"DEQ-25013-21-065","role":"line","kv":230.0,"nearest":false,"intersects_site":true,"distance_km":null},"geometry":{"type":"LineString","coordinates":[[-78.027267,34.309209],[-78.020899,34.338793],[-78.024314,34.343783]]}},{"type":"Feature","properties":{"site_id":"DEQ-25013-21-065","role":"line","kv":230.0,"nearest":false,"intersects_site":true,"distance_km":null},"geometry":{"type":"LineString","coordinates":[[-77.992451,34.308921],[-77.998368,34.322721],[-78.00515,34.32692],[-78.009127,34.329321],[-78.012747,34.331609],[-78.017918,34.334783],[-78.024052,34.343781]]}},{"type":"Feature","properties":{"site_id":"DEQ-25018-21-041","role":"line","kv":100.0,"nearest":true,"intersects_site":false,"distance_km":null},"geometry":{"type":"LineString","coordinates":[[-79.943029,36.061028],[-79.935247,36.061501],[-79.929684,36.061665],[-79.927918,36.062011],[-79.926362,36.061769],[-79.920939,36.061935],[-79.918775,36.060609],[-79.915009,36.06045],[-79.913114,36.060188],[-79.911108,36.060136],[-79.910342,36.061209],[-79.909633,36.062277],[-79.891106,36.062828]]}},{"type":"Feature","properties":{"site_id":"DEQ-25018-21-041","role":"connector","kv":100.0,"nearest":true,"intersects_site":false,"distance_km":1.4877887004011119},"geometry":{"type":"LineString","coordinates":[[-79.921788,36.047426],[-79.918775,36.060609]]}},{"type":"Feature","properties":{"site_id":"DEQ-25020-21-036","role":"line","kv":100.0,"nearest":true,"intersects_site":false,"distance_km":null},"geometry":{"type":"LineString","coordinates":[[-81.031365,35.236863],[-81.031076,35.236965],[-81.028601,35.235797],[-81.02505,35.234184],[-81.022537,35.231879],[-81.019361,35.22932],[-81.018959,35.225794]]}},{"type":"Feature","properties":{"site_id":"DEQ-25020-21-036","role":"connector","kv":100.0,"nearest":true,"intersects_site":false,"distance_km":1.1770807607077551},"geometry":{"type":"LineString","coordinates":[[-81.02293,35.245358],[-81.029324,35.236134]]}},{"type":"Feature","properties":{"site_id":"DEQ-25027-21-036","role":"line","kv":100.0,"nearest":true,"intersects_site":false,"distance_km":null},"geometry":{"type":"LineString","coordinates":[[-81.115789,35.293525],[-81.101737,35.288728],[-81.095354,35.282275],[-81.090399,35.274367],[-81.088645,35.27025],[-81.087095,35.269273],[-81.087379,35.268638]]}},{"type":"Feature","properties":{"site_id":"DEQ-25027-21-036","role":"connector","kv":100.0,"nearest":true,"intersects_site":false,"distance_km":1.3693432573743236},"geometry":{"type":"LineString","coordinates":[[-81.10524,35.271044],[-81.091852,35.276686]]}},{"type":"Feature","properties":{"site_id":"DEQ-25028-21-034","role":"line","kv":100.0,"nearest":true,"intersects_site":false,"distance_km":null},"geometry":{"type":"LineString","coordinates":[[-80.226702,36.125238],[-80.226423,36.125141],[-80.224969,36.125011],[-80.224488,36.124935]]}},{"type":"Feature","properties":{"site_id":"DEQ-25028-21-034","role":"connector","kv":100.0,"nearest":true,"intersects_site":false,"distance_km":0.7921086395098256},"geometry":{"type":"LineString","coordinates":[[-80.235248,36.12694],[-80.226702,36.125238]]}},{"type":"Feature","properties":{"site_id":"DEQ-25041-21-034","role":"line","kv":100.0,"nearest":true,"intersects_site":false,"distance_km":null},"geometry":{"type":"LineString","coordinates":[[-80.259506,36.126618],[-80.258487,36.125188],[-80.257562,36.123755],[-80.256245,36.121971],[-80.254504,36.119439],[-80.253391,36.117589],[-80.252913,36.116717],[-80.252638,36.115763],[-80.252348,36.113643],[-80.252304,36.112894],[-80.252482,36.108405],[-80.251978,36.107983],[-80.251886,36.107452],[-80.25118,36.106914],[-80.250218,36.105824],[-80.24948,36.103739],[-80.249304,36.103115],[-80.249219,36.102438],[-80.250288,36.102628]]}},{"type":"Feature","properties":{"site_id":"DEQ-25041-21-034","role":"connector","kv":100.0,"nearest":true,"intersects_site":false,"distance_km":0.8366837150774606},"geometry":{"type":"LineString","coordinates":[[-80.241743,36.108915],[-80.250218,36.105824]]}},{"type":"Feature","properties":{"site_id":"DEQ-24023-20-034","role":"line","kv":100.0,"nearest":true,"intersects_site":false,"distance_km":null},"geometry":{"type":"LineString","coordinates":[[-80.25742,36.13849],[-80.25749,36.138489],[-80.257486,36.138362],[-80.25742,36.138363]]}},{"type":"Feature","properties":{"site_id":"DEQ-24023-20-034","role":"connector","kv":100.0,"nearest":true,"intersects_site":false,"distance_km":0.18001976944479098},"geometry":{"type":"LineString","coordinates":[[-80.255426,36.138612],[-80.25742,36.13849]]}},{"type":"Feature","properties":{"site_id":"DEQ-25045-21-096","role":"line","kv":115.0,"nearest":true,"intersects_site":false,"distance_km":null},"geometry":{"type":"LineString","coordinates":[[-77.986863,35.390492],[-77.987041,35.390541],[-77.986858,35.391077],[-77.986819,35.391761],[-77.975113,35.389467]]}},{"type":"Feature","properties":{"site_id":"DEQ-25045-21-096","role":"connector","kv":115.0,"nearest":true,"intersects_site":false,"distance_km":0.04159205018332227},"geometry":{"type":"LineString","coordinates":[[-77.987248,35.391892],[-77.986819,35.391761]]}},{"type":"Feature","properties":{"site_id":"DEQ-25062-21-092","role":"line","kv":230.0,"nearest":true,"intersects_site":false,"distance_km":null},"geometry":{"type":"LineString","coordinates":[[-78.5718,35.862726],[-78.57179,35.872327],[-78.565095,35.883289],[-78.563495,35.885581],[-78.563255,35.886723]]}},{"type":"Feature","properties":{"site_id":"DEQ-25062-21-092","role":"connector","kv":230.0,"nearest":true,"intersects_site":false,"distance_km":2.0912220674598063},"geometry":{"type":"LineString","coordinates":[[-78.547361,35.869979],[-78.568079,35.878401]]}},{"type":"Feature","properties":{"site_id":"DEQ-25066-21-060","role":"line","kv":100.0,"nearest":true,"intersects_site":false,"distance_km":null},"geometry":{"type":"LineString","coordinates":[[-80.783742,35.272798],[-80.782551,35.273999],[-80.774494,35.281583],[-80.771131,35.28385],[-80.759438,35.291582]]}},{"type":"Feature","properties":{"site_id":"DEQ-25066-21-060","role":"connector","kv":100.0,"nearest":true,"intersects_site":false,"distance_km":0.43362615505961083},"geometry":{"type":"LineString","coordinates":[[-80.775109,35.28623],[-80.772087,35.283207]]}},{"type":"Feature","properties":{"site_id":"DEQ-25074-21-034","role":"line","kv":100.0,"nearest":true,"intersects_site":true,"distance_km":null},"geometry":{"type":"LineString","coordinates":[[-80.254726,36.072489],[-80.257625,36.070724],[-80.258717,36.070265],[-80.26571,36.066293],[-80.275821,36.060363],[-80.27871,36.055128]]}},{"type":"Feature","properties":{"site_id":"DEQ-25074-21-034","role":"line","kv":100.0,"nearest":false,"intersects_site":true,"distance_km":null},"geometry":{"type":"LineString","coordinates":[[-80.254729,36.072681],[-80.257029,36.071271],[-80.258692,36.070457],[-80.265761,36.066442],[-80.272897,36.06228],[-80.281303,36.057275]]}},{"type":"Feature","properties":{"site_id":"DEQ-25074-21-034","role":"line","kv":100.0,"nearest":false,"intersects_site":true,"distance_km":null},"geometry":{"type":"LineString","coordinates":[[-80.254732,36.072888],[-80.256297,36.071916],[-80.259089,36.070653],[-80.263244,36.068221],[-80.264669,36.06758],[-80.26977,36.065051],[-80.281411,36.06406]]}},{"type":"Feature","properties":{"site_id":"DEQ-25077-21-092","role":"line","kv":115.0,"nearest":true,"intersects_site":false,"distance_km":null},"geometry":{"type":"LineString","coordinates":[[-78.6313,35.804513],[-78.631121,35.804579],[-78.631397,35.805167],[-78.631629,35.805624],[-78.632038,35.806091],[-78.632273,35.806459],[-78.632359,35.806712],[-78.631691,35.806765],[-78.630941,35.806892],[-78.631036,35.810789],[-78.627161,35.810973],[-78.626216,35.811094],[-78.626215,35.81206],[-78.62641,35.812722],[-78.626826,35.813779],[-78.626279,35.815619],[-78.625926,35.816323],[-78.625341,35.816116],[-78.620546,35.814603],[-78.619812,35.814477],[-78.619121,35.815734],[-78.618134,35.817422],[-78.61765,35.818157],[-78.617106,35.818683],[-78.616599,35.819041],[-78.615006,35.820033],[-78.614355,35.820478],[-78.612096,35.821754],[-78.610945,35.821415],[-78.609994,35.822274],[-78.609049,35.823242],[-78.608423,35.823949]]}},{"type":"Feature","properties":{"site_id":"DEQ-25077-21-092","role":"connector","kv":115.0,"nearest":true,"intersects_site":false,"distance_km":0.04378469633094658},"geometry":{"type":"LineString","coordinates":[[-78.624303,35.815371],[-78.624126,35.815739]]}},{"type":"Feature","properties":{"site_id":"DEQ-25079-21-060","role":"line","kv":230.0,"nearest":true,"intersects_site":false,"distance_km":null},"geometry":{"type":"LineString","coordinates":[[-80.978848,35.316672],[-80.990395,35.30792],[-80.991249,35.287439],[-81.001758,35.273321]]}},{"type":"Feature","properties":{"site_id":"DEQ-25079-21-060","role":"connector","kv":230.0,"nearest":true,"intersects_site":false,"distance_km":1.9481245665584974},"geometry":{"type":"LineString","coordinates":[[-80.969729,35.289195],[-80.991131,35.289889]]}},{"type":"Feature","properties":{"site_id":"DEQ-25081-21-011","role":"line","kv":115.0,"nearest":true,"intersects_site":false,"distance_km":null},"geometry":{"type":"LineString","coordinates":[[-82.431072,35.605629],[-82.431112,35.605304],[-82.430688,35.602015],[-82.429013,35.600689],[-82.428017,35.596399]]}},{"type":"Feature","properties":{"site_id":"DEQ-25081-21-011","role":"connector","kv":115.0,"nearest":true,"intersects_site":false,"distance_km":1.0009054861126276},"geometry":{"type":"LineString","coordinates":[[-82.430032,35.614611],[-82.431072,35.605629]]}},{"type":"Feature","properties":{"site_id":"DEQ-25087-21-092","role":"line","kv":230.0,"nearest":true,"intersects_site":false,"distance_km":null},"geometry":{"type":"LineString","coordinates":[[-78.631511,35.766606],[-78.63149,35.765832],[-78.631649,35.765509],[-78.631588,35.764405],[-78.631591,35.762792],[-78.631368,35.755259],[-78.623455,35.757524],[-78.617073,35.759386]]}},{"type":"Feature","properties":{"site_id":"DEQ-25087-21-092","role":"connector","kv":230.0,"nearest":true,"intersects_site":false,"distance_km":0.8204532099621217},"geometry":{"type":"LineString","coordinates":[[-78.637248,35.749627],[-78.631368,35.755259]]}},{"type":"Feature","properties":{"site_id":"DEQ-25089-21-036","role":"line","kv":100.0,"nearest":true,"intersects_site":false,"distance_km":null},"geometry":{"type":"LineString","coordinates":[[-81.120442,35.295192],[-81.120096,35.294996],[-81.101737,35.288728],[-81.095354,35.282275],[-81.090399,35.274367],[-81.089781,35.272929]]}},{"type":"Feature","properties":{"site_id":"DEQ-25089-21-036","role":"connector","kv":100.0,"nearest":true,"intersects_site":false,"distance_km":0.23855059350781194},"geometry":{"type":"LineString","coordinates":[[-81.104686,35.287405],[-81.103678,35.289391]]}},{"type":"Feature","properties":{"site_id":"DEQ-25090-21-036","role":"line","kv":100.0,"nearest":true,"intersects_site":false,"distance_km":null},"geometry":{"type":"LineString","coordinates":[[-81.21873,35.260474],[-81.219553,35.260446],[-81.220642,35.261069],[-81.231878,35.264242]]}},{"type":"Feature","properties":{"site_id":"DEQ-25090-21-036","role":"connector","kv":100.0,"nearest":true,"intersects_site":false,"distance_km":0.4179208600058021},"geometry":{"type":"LineString","coordinates":[[-81.216103,35.257385],[-81.21873,35.260474]]}},{"type":"Feature","properties":{"site_id":"DEQ-25097-21-032","role":"line","kv":100.0,"nearest":true,"intersects_site":false,"distance_km":null},"geometry":{"type":"LineString","coordinates":[[-78.840262,36.050339],[-78.841329,36.050483],[-78.848353,36.05157],[-78.850223,36.056334],[-78.851549,36.059217],[-78.851618,36.064126],[-78.851084,36.064911]]}},{"type":"Feature","properties":{"site_id":"DEQ-25097-21-032","role":"connector","kv":100.0,"nearest":true,"intersects_site":false,"distance_km":0.6129522871582292},"geometry":{"type":"LineString","coordinates":[[-78.858347,36.059003],[-78.851549,36.059217]]}},{"type":"Feature","properties":{"site_id":"DEQ-25034-21-060","role":"line","kv":100.0,"nearest":true,"intersects_site":false,"distance_km":null},"geometry":{"type":"LineString","coordinates":[[-80.813597,35.244778],[-80.813388,35.244936],[-80.81364,35.245515],[-80.814251,35.24644],[-80.813643,35.247399],[-80.812704,35.248508],[-80.810132,35.250107],[-80.807793,35.250679],[-80.805897,35.250883],[-80.803901,35.251284],[-80.803146,35.254225],[-80.802963,35.254602],[-80.799946,35.25745]]}},{"type":"Feature","properties":{"site_id":"DEQ-25034-21-060","role":"connector","kv":100.0,"nearest":true,"intersects_site":false,"distance_km":0.0022714003503009343},"geometry":{"type":"LineString","coordinates":[[-80.810791,35.249722],[-80.810776,35.249706]]}},{"type":"Feature","properties":{"site_id":"DEQ-26005-22-033","role":"line","kv":115.0,"nearest":true,"intersects_site":false,"distance_km":null},"geometry":{"type":"LineString","coordinates":[[-77.585805,35.899469],[-77.585768,35.900411],[-77.585612,35.902014],[-77.585189,35.905538],[-77.584975,35.90699],[-77.582263,35.906784]]}},{"type":"Feature","properties":{"site_id":"DEQ-26005-22-033","role":"connector","kv":115.0,"nearest":true,"intersects_site":false,"distance_km":0.5089774039528192},"geometry":{"type":"LineString","coordinates":[[-77.585585,35.911551],[-77.584975,35.90699]]}},{"type":"Feature","properties":{"site_id":"DEQ-26011-22-065","role":"line","kv":115.0,"nearest":true,"intersects_site":true,"distance_km":null},"geometry":{"type":"LineString","coordinates":[[-77.971069,34.282137],[-77.966231,34.281662],[-77.964963,34.277583],[-77.959918,34.276181],[-77.958943,34.275801],[-77.958133,34.273824],[-77.95907,34.266109]]}},{"type":"Feature","properties":{"site_id":"DEQ-26011-22-065","role":"line","kv":115.0,"nearest":false,"intersects_site":true,"distance_km":null},"geometry":{"type":"LineString","coordinates":[[-77.958937,34.276054],[-77.958943,34.275801]]}},{"type":"Feature","properties":{"site_id":"DEQ-26011-22-065","role":"line","kv":115.0,"nearest":false,"intersects_site":true,"distance_km":null},"geometry":{"type":"LineString","coordinates":[[-77.958943,34.275801],[-77.959069,34.276971],[-77.958444,34.277271],[-77.957415,34.277702]]}},{"type":"Feature","properties":{"site_id":"DEQ-26016-22-060","role":"line","kv":230.0,"nearest":true,"intersects_site":false,"distance_km":null},"geometry":{"type":"LineString","coordinates":[[-80.986773,35.310665],[-80.990395,35.30792],[-80.991249,35.287439],[-81.002257,35.272652]]}},{"type":"Feature","properties":{"site_id":"DEQ-26016-22-060","role":"connector","kv":230.0,"nearest":true,"intersects_site":false,"distance_km":1.6484704786312154},"geometry":{"type":"LineString","coordinates":[[-80.973132,35.287009],[-80.991241,35.287596]]}},{"type":"Feature","properties":{"site_id":"DEQ-26025-22-060","role":"line","kv":230.0,"nearest":true,"intersects_site":false,"distance_km":null},"geometry":{"type":"LineString","coordinates":[[-80.985505,35.311627],[-80.990395,35.30792],[-80.991249,35.287439],[-81.001704,35.273394]]}},{"type":"Feature","properties":{"site_id":"DEQ-26025-22-060","role":"connector","kv":230.0,"nearest":true,"intersects_site":false,"distance_km":1.1551892188488921},"geometry":{"type":"LineString","coordinates":[[-80.978404,35.290328],[-80.9911,35.290619]]}},{"type":"Feature","properties":{"site_id":"DEQ-26022-22-065","role":"line","kv":115.0,"nearest":true,"intersects_site":false,"distance_km":null},"geometry":{"type":"LineString","coordinates":[[-77.959213,34.264987],[-77.960164,34.257267],[-77.960395,34.255645],[-77.961316,34.247882],[-77.96174,34.243781],[-77.962442,34.238675],[-77.962641,34.236896]]}},{"type":"Feature","properties":{"site_id":"DEQ-26022-22-065","role":"connector","kv":115.0,"nearest":true,"intersects_site":false,"distance_km":0.3620511364855646},"geometry":{"type":"LineString","coordinates":[[-77.956869,34.251942],[-77.960782,34.252254]]}},{"type":"Feature","properties":{"site_id":"DEQ-26027-22-092","role":"line","kv":230.0,"nearest":true,"intersects_site":true,"distance_km":null},"geometry":{"type":"LineString","coordinates":[[-78.645664,35.75833],[-78.647827,35.758244],[-78.647886,35.760522],[-78.647894,35.762922],[-78.649557,35.762828],[-78.653894,35.762813],[-78.655455,35.764347],[-78.658899,35.763284]]}},{"type":"Feature","properties":{"site_id":"DEQ-26028-22-060","role":"line","kv":100.0,"nearest":true,"intersects_site":false,"distance_km":null},"geometry":{"type":"LineString","coordinates":[[-80.826177,35.255361],[-80.828189,35.257039],[-80.840782,35.256814],[-80.843234,35.256959],[-80.859222,35.258054]]}},{"type":"Feature","properties":{"site_id":"DEQ-26028-22-060","role":"connector","kv":100.0,"nearest":true,"intersects_site":false,"distance_km":0.52765073488214},"geometry":{"type":"LineString","coordinates":[[-80.839455,35.261596],[-80.839325,35.256841]]}},{"type":"Feature","properties":{"site_id":"DEQ-26041-22-041","role":"line","kv":100.0,"nearest":true,"intersects_site":false,"distance_km":null},"geometry":{"type":"LineString","coordinates":[[-79.988876,36.135314],[-80.014313,36.129328],[-80.032623,36.124943],[-80.04804,36.121284]]}},{"type":"Feature","properties":{"site_id":"DEQ-26041-22-041","role":"connector","kv":100.0,"nearest":true,"intersects_site":false,"distance_km":1.5398637463845548},"geometry":{"type":"LineString","coordinates":[[-80.01959,36.1136],[-80.024478,36.126899]]}},{"type":"Feature","properties":{"site_id":"DEQ-26044-22-023","role":"line","kv":100.0,"nearest":true,"intersects_site":false,"distance_km":null},"geometry":{"type":"LineString","coordinates":[[-81.566874,35.445006],[-81.550701,35.438483],[-81.547844,35.435618],[-81.546377,35.434086],[-81.543889,35.431649],[-81.537727,35.425467],[-81.536566,35.425038],[-81.535895,35.42442],[-81.535729,35.423607],[-81.534538,35.422579],[-81.531919,35.421915],[-81.526835,35.415771],[-81.5229,35.411706]]}},{"type":"Feature","properties":{"site_id":"DEQ-26044-22-023","role":"connector","kv":100.0,"nearest":true,"intersects_site":false,"distance_km":2.2983731203028714},"geometry":{"type":"LineString","coordinates":[[-81.560135,35.415175],[-81.540524,35.428273]]}},{"type":"Feature","properties":{"site_id":"DEQ-26056-22-092","role":"line","kv":230.0,"nearest":true,"intersects_site":false,"distance_km":null},"geometry":{"type":"LineString","coordinates":[[-78.729622,35.767799],[-78.731909,35.768654],[-78.733626,35.7689],[-78.736825,35.769731],[-78.738067,35.770772],[-78.739138,35.771951],[-78.741688,35.773481],[-78.742981,35.774427],[-78.744094,35.775468],[-78.74333,35.776073],[-78.741192,35.777972],[-78.741179,35.778455]]}},{"type":"Feature","properties":{"site_id":"DEQ-26056-22-092","role":"connector","kv":230.0,"nearest":true,"intersects_site":false,"distance_km":0.23176626822443022},"geometry":{"type":"LineString","coordinates":[[-78.738243,35.767991],[-78.736825,35.769731]]}},{"type":"Feature","properties":{"site_id":"DEQ-26062-22-060","role":"line","kv":100.0,"nearest":true,"intersects_site":false,"distance_km":null},"geometry":{"type":"LineString","coordinates":[[-80.884661,35.175046],[-80.88473,35.175985],[-80.884511,35.191923]]}},{"type":"Feature","properties":{"site_id":"DEQ-26062-22-060","role":"connector","kv":100.0,"nearest":true,"intersects_site":false,"distance_km":0.33296822383916874},"geometry":{"type":"LineString","coordinates":[[-80.888372,35.177284],[-80.884716,35.177258]]}},{"type":"Feature","properties":{"site_id":"DEQ-26063-22-060","role":"line","kv":100.0,"nearest":true,"intersects_site":false,"distance_km":null},"geometry":{"type":"LineString","coordinates":[[-80.985688,35.235158],[-80.985253,35.234863],[-80.984786,35.234616]]}},{"type":"Feature","properties":{"site_id":"DEQ-26063-22-060","role":"connector","kv":100.0,"nearest":true,"intersects_site":false,"distance_km":0.37395703719627327},"geometry":{"type":"LineString","coordinates":[[-80.985218,35.238507],[-80.985688,35.235158]]}},{"type":"Feature","properties":{"site_id":"DEQ-26071-22-031","role":"line","kv":115.0,"nearest":true,"intersects_site":false,"distance_km":null},"geometry":{"type":"LineString","coordinates":[[-77.966296,34.723662],[-77.978629,34.722358],[-77.98038,34.723193],[-77.98049,34.723089],[-77.980687,34.722809]]}},{"type":"Feature","properties":{"site_id":"DEQ-26071-22-031","role":"connector","kv":115.0,"nearest":true,"intersects_site":false,"distance_km":0.5376224650160272},"geometry":{"type":"LineString","coordinates":[[-77.983314,34.727392],[-77.98038,34.723193]]}},{"type":"Feature","properties":{"site_id":"DEQ-26072-22-013","role":"line","kv":100.0,"nearest":true,"intersects_site":false,"distance_km":null},"geometry":{"type":"LineString","coordinates":[[-80.616292,35.50589],[-80.616524,35.505557],[-80.616398,35.504926],[-80.615782,35.495356],[-80.617826,35.494225],[-80.621332,35.494055],[-80.62201,35.493113],[-80.622753,35.49191],[-80.62384,35.490338],[-80.624279,35.488892],[-80.625693,35.488415],[-80.626734,35.488122],[-80.628607,35.488189],[-80.628683,35.488036]]}},{"type":"Feature","properties":{"site_id":"DEQ-26072-22-013","role":"connector","kv":100.0,"nearest":true,"intersects_site":false,"distance_km":1.1002705170457},"geometry":{"type":"LineString","coordinates":[[-80.610543,35.486281],[-80.617339,35.494495]]}},{"type":"Feature","properties":{"site_id":"DEQ-26078-22-011","role":"line","kv":115.0,"nearest":true,"intersects_site":false,"distance_km":null},"geometry":{"type":"LineString","coordinates":[[-82.531503,35.571542],[-82.531456,35.572176],[-82.531477,35.573422],[-82.531202,35.573419]]}},{"type":"Feature","properties":{"site_id":"DEQ-26078-22-011","role":"connector","kv":115.0,"nearest":true,"intersects_site":false,"distance_km":0.028933523829114627},"geometry":{"type":"LineString","coordinates":[[-82.531796,35.573428],[-82.531477,35.573422]]}},{"type":"Feature","properties":{"site_id":"DEQ-26079-22-060","role":"line","kv":100.0,"nearest":true,"intersects_site":false,"distance_km":null},"geometry":{"type":"LineString","coordinates":[[-80.884633,35.184412],[-80.884515,35.191454],[-80.884459,35.197294],[-80.884693,35.213905]]}},{"type":"Feature","properties":{"site_id":"DEQ-26079-22-060","role":"connector","kv":100.0,"nearest":true,"intersects_site":false,"distance_km":0.27503581057450915},"geometry":{"type":"LineString","coordinates":[[-80.881442,35.197736],[-80.884463,35.197719]]}},{"type":"Feature","properties":{"site_id":"DEQ-26082-22-065","role":"line","kv":230.0,"nearest":true,"intersects_site":false,"distance_km":null},"geometry":{"type":"MultiLineString","coordinates":[[[-77.965561,34.281756],[-77.958658,34.281069],[-77.957366,34.280913],[-77.953376,34.282244]],[[-77.933672,34.28207],[-77.934234,34.28047],[-77.93628,34.275064],[-77.938472,34.269138],[-77.931916,34.263403],[-77.93196,34.261733],[-77.931124,34.260514],[-77.928556,34.259462],[-77.927369,34.259014],[-77.922778,34.254262],[-77.923217,34.252641],[-77.922421,34.252623]]]}},{"type":"Feature","properties":{"site_id":"DEQ-26082-22-065","role":"connector","kv":230.0,"nearest":true,"intersects_site":false,"distance_km":0.6769763330936275},"geometry":{"type":"LineString","coordinates":[[-77.945056,34.266423],[-77.938472,34.269138]]}},{"type":"Feature","properties":{"site_id":"DEQ-26085-22-092","role":"line","kv":230.0,"nearest":true,"intersects_site":false,"distance_km":null},"geometry":{"type":"LineString","coordinates":[[-78.733012,35.768812],[-78.733626,35.7689],[-78.736825,35.769731],[-78.738067,35.770772],[-78.739138,35.771951],[-78.741688,35.773481],[-78.742981,35.774427],[-78.744094,35.775468],[-78.74333,35.776073],[-78.741192,35.777972],[-78.741179,35.778455]]}},{"type":"Feature","properties":{"site_id":"DEQ-26085-22-092","role":"connector","kv":230.0,"nearest":true,"intersects_site":false,"distance_km":0.9483475449614078},"geometry":{"type":"LineString","coordinates":[[-78.754543,35.774715],[-78.744094,35.775468]]}},{"type":"Feature","properties":{"site_id":"DEQ-26086-22-011","role":"line","kv":115.0,"nearest":true,"intersects_site":false,"distance_km":null},"geometry":{"type":"LineString","coordinates":[[-82.550031,35.565195],[-82.549153,35.565751],[-82.548114,35.566338],[-82.546984,35.567039],[-82.545796,35.568322],[-82.545156,35.568692],[-82.544225,35.568961],[-82.543244,35.569086],[-82.542367,35.569068],[-82.541785,35.569216],[-82.54089,35.569286],[-82.539599,35.569546],[-82.539186,35.569684],[-82.537944,35.570269],[-82.536578,35.570824],[-82.535979,35.571155],[-82.535298,35.571381],[-82.53482,35.571595],[-82.534111,35.571726],[-82.533089,35.57169],[-82.531503,35.571542],[-82.530484,35.571608],[-82.52953,35.57224],[-82.52828,35.572937],[-82.527601,35.573306],[-82.52661,35.573725],[-82.524444,35.572072],[-82.524022,35.571544],[-82.522856,35.570379],[-82.521954,35.571317],[-82.521547,35.570894],[-82.521246,35.57033],[-82.519721,35.570298],[-82.51758,35.569589],[-82.5145,35.569232],[-82.513605,35.569097],[-82.511265,35.568839],[-82.505659,35.569992],[-82.504412,35.569399]]}},{"type":"Feature","properties":{"site_id":"DEQ-26086-22-011","role":"connector","kv":115.0,"nearest":true,"intersects_site":false,"distance_km":0.8942209959406529},"geometry":{"type":"LineString","coordinates":[[-82.528208,35.581679],[-82.52661,35.573725]]}},{"type":"Feature","properties":{"site_id":"DEQ-26087-22-092","role":"line","kv":115.0,"nearest":true,"intersects_site":false,"distance_km":null},"geometry":{"type":"LineString","coordinates":[[-78.657431,35.743435],[-78.638612,35.72559],[-78.637331,35.724968],[-78.637065,35.724128],[-78.634361,35.721572],[-78.633636,35.721552]]}},{"type":"Feature","properties":{"site_id":"DEQ-26087-22-092","role":"connector","kv":115.0,"nearest":true,"intersects_site":false,"distance_km":3.464088530760374},"geometry":{"type":"LineString","coordinates":[[-78.665452,35.703165],[-78.636493,35.723589]]}},{"type":"Feature","properties":{"site_id":"DEQ-26088-22-092","role":"line","kv":100.0,"nearest":true,"intersects_site":false,"distance_km":null},"geometry":{"type":"LineString","coordinates":[[-80.016204,35.922633],[-80.017424,35.921709],[-80.019101,35.920684],[-80.021003,35.918844],[-80.044761,35.90026]]}},{"type":"Feature","properties":{"site_id":"DEQ-26088-22-092","role":"connector","kv":100.0,"nearest":true,"intersects_site":false,"distance_km":0.6498679069098124},"geometry":{"type":"LineString","coordinates":[[-80.035195,35.915885],[-80.030192,35.911672]]}},{"type":"Feature","properties":{"site_id":"DEQ-26092-22-087","role":"line","kv":161.0,"nearest":true,"intersects_site":false,"distance_km":null},"geometry":{"type":"LineString","coordinates":[[-83.458839,35.412525],[-83.459806,35.412873],[-83.460899,35.412463],[-83.460781,35.412227]]}},{"type":"Feature","properties":{"site_id":"DEQ-26092-22-087","role":"connector","kv":161.0,"nearest":true,"intersects_site":false,"distance_km":0.9870047287356838},"geometry":{"type":"LineString","coordinates":[[-83.457971,35.421642],[-83.459806,35.412873]]}},{"type":"Feature","properties":{"site_id":"DEQ-27001-23-041","role":"line","kv":100.0,"nearest":true,"intersects_site":true,"distance_km":null},"geometry":{"type":"LineString","coordinates":[[-79.888588,36.022087],[-79.898578,36.014224],[-79.901147,36.011545],[-79.908591,36.006742],[-79.91416,36.003105]]}},{"type":"Feature","properties":{"site_id":"DEQ-27003-23-060","role":"line","kv":100.0,"nearest":true,"intersects_site":false,"distance_km":null},"geometry":{"type":"LineString","coordinates":[[-80.950856,35.233921],[-80.949401,35.233845],[-80.947941,35.234226],[-80.944905,35.234331],[-80.944905,35.235122],[-80.944651,35.235613],[-80.944522,35.237]]}},{"type":"Feature","properties":{"site_id":"DEQ-27003-23-060","role":"connector","kv":100.0,"nearest":true,"intersects_site":false,"distance_km":2.2993945666629094},"geometry":{"type":"LineString","coordinates":[[-80.926072,35.220516],[-80.944905,35.234331]]}},{"type":"Feature","properties":{"site_id":"DEQ-27013-23-034","role":"line","kv":100.0,"nearest":true,"intersects_site":false,"distance_km":null},"geometry":{"type":"LineString","coordinates":[[-80.218407,36.095951],[-80.218167,36.096788],[-80.217604,36.098071],[-80.217423,36.100215],[-80.215901,36.102435],[-80.214864,36.103295],[-80.21205,36.106659],[-80.210499,36.111961],[-80.210097,36.113471],[-80.21047,36.114774],[-80.210793,36.115708],[-80.211373,36.118071],[-80.211812,36.118402],[-80.213117,36.118398],[-80.213874,36.117406],[-80.215653,36.117063],[-80.218952,36.117358],[-80.221,36.118765],[-80.222849,36.121667],[-80.223057,36.122591],[-80.223579,36.124127],[-80.223596,36.124875],[-80.224488,36.124935]]}},{"type":"Feature","properties":{"site_id":"DEQ-27013-23-034","role":"connector","kv":100.0,"nearest":true,"intersects_site":false,"distance_km":0.9185549950723043},"geometry":{"type":"LineString","coordinates":[[-80.230731,36.116022],[-80.221709,36.119888]]}},{"type":"Feature","properties":{"site_id":"DEQ-27014-23-060","role":"line","kv":100.0,"nearest":true,"intersects_site":false,"distance_km":null},"geometry":{"type":"LineString","coordinates":[[-80.826177,35.255361],[-80.828189,35.257039],[-80.840782,35.256814],[-80.845814,35.257141]]}},{"type":"Feature","properties":{"site_id":"DEQ-27014-23-060","role":"connector","kv":100.0,"nearest":true,"intersects_site":false,"distance_km":1.1510371179629173},"geometry":{"type":"LineString","coordinates":[[-80.822374,35.266254],[-80.828189,35.257039]]}},{"type":"Feature","properties":{"site_id":"DEQ-27019-23-060","role":"line","kv":100.0,"nearest":true,"intersects_site":false,"distance_km":null},"geometry":{"type":"LineString","coordinates":[[-80.74053,35.20543],[-80.740161,35.20889],[-80.739684,35.210176],[-80.739276,35.21144],[-80.738518,35.214272],[-80.735512,35.224618],[-80.739988,35.231245],[-80.740439,35.232785]]}},{"type":"Feature","properties":{"site_id":"DEQ-27019-23-060","role":"connector","kv":100.0,"nearest":true,"intersects_site":false,"distance_km":1.1733457251838595},"geometry":{"type":"LineString","coordinates":[[-80.725801,35.212446],[-80.738345,35.214873]]}},{"type":"Feature","properties":{"site_id":"DEQ-27020-23-032","role":"line","kv":100.0,"nearest":true,"intersects_site":false,"distance_km":null},"geometry":{"type":"LineString","coordinates":[[-78.879883,36.00346],[-78.874184,35.99727],[-78.872159,35.994878],[-78.860979,35.981417],[-78.861145,35.981324],[-78.861624,35.981336]]}},{"type":"Feature","properties":{"site_id":"DEQ-27020-23-032","role":"connector","kv":100.0,"nearest":true,"intersects_site":false,"distance_km":1.5355394292800424},"geometry":{"type":"LineString","coordinates":[[-78.884027,35.984428],[-78.8699,35.992156]]}},{"type":"Feature","properties":{"site_id":"DEQ-27026-23-063","role":"line","kv":115.0,"nearest":true,"intersects_site":false,"distance_km":null},"geometry":{"type":"LineString","coordinates":[[-79.393253,35.185868],[-79.392427,35.187194],[-79.391533,35.188733],[-79.389328,35.18953],[-79.38595,35.190802],[-79.381882,35.193351],[-79.376406,35.197255],[-79.374981,35.19805],[-79.374296,35.198416],[-79.373309,35.198884],[-79.370911,35.199719],[-79.369163,35.200121],[-79.36549,35.200795]]}},{"type":"Feature","properties":{"site_id":"DEQ-27026-23-063","role":"connector","kv":115.0,"nearest":true,"intersects_site":false,"distance_km":0.08264986479318306},"geometry":{"type":"LineString","coordinates":[[-79.38129,35.192787],[-79.381882,35.193351]]}},{"type":"Feature","properties":{"site_id":"DEQ-27031-23-034","role":"line","kv":100.0,"nearest":true,"intersects_site":true,"distance_km":null},"geometry":{"type":"LineString","coordinates":[[-80.225233,36.076558],[-80.224554,36.076486]]}},{"type":"Feature","properties":{"site_id":"DEQ-27031-23-034","role":"line","kv":100.0,"nearest":false,"intersects_site":true,"distance_km":null},"geometry":{"type":"LineString","coordinates":[[-80.225196,36.076616],[-80.224554,36.076486]]}},{"type":"Feature","properties":{"site_id":"DEQ-27031-23-034","role":"line","kv":100.0,"nearest":false,"intersects_site":true,"distance_km":null},"geometry":{"type":"LineString","coordinates":[[-80.225369,36.076588],[-80.226218,36.07695]]}},{"type":"Feature","properties":{"site_id":"DEQ-27031-23-034","role":"line","kv":100.0,"nearest":false,"intersects_site":true,"distance_km":null},"geometry":{"type":"LineString","coordinates":[[-80.226218,36.07695],[-80.225344,36.076654]]}},{"type":"Feature","properties":{"site_id":"DEQ-27031-23-034","role":"line","kv":100.0,"nearest":false,"intersects_site":true,"distance_km":null},"geometry":{"type":"LineString","coordinates":[[-80.226218,36.07695],[-80.232542,36.078708],[-80.237669,36.078875],[-80.239622,36.078964]]}},{"type":"Feature","properties":{"site_id":"DEQ-27033-23-032","role":"line","kv":100.0,"nearest":true,"intersects_site":false,"distance_km":null},"geometry":{"type":"LineString","coordinates":[[-78.914287,36.039135],[-78.913627,36.039327],[-78.913497,36.039036],[-78.913634,36.038996]]}},{"type":"Feature","properties":{"site_id":"DEQ-27033-23-032","role":"connector","kv":100.0,"nearest":true,"intersects_site":false,"distance_km":0.9096632016722858},"geometry":{"type":"LineString","coordinates":[[-78.905709,36.044412],[-78.913627,36.039327]]}},{"type":"Feature","properties":{"site_id":"DEQ-25055-21-045","role":"line","kv":100.0,"nearest":true,"intersects_site":true,"distance_km":null},"geometry":{"type":"LineString","coordinates":[[-82.682088,35.258563],[-82.681381,35.258751],[-82.678626,35.257343],[-82.681197,35.252343],[-82.674602,35.243842]]}},{"type":"Feature","properties":{"site_id":"DEQ-25055-21-045","role":"line","kv":230.0,"nearest":false,"intersects_site":true,"distance_km":null},"geometry":{"type":"LineString","coordinates":[[-82.684138,35.256893],[-82.681748,35.253811],[-82.681662,35.252495],[-82.674906,35.243832]]}},{"type":"Feature","properties":{"site_id":"DEQ-25055-21-045","role":"line","kv":100.0,"nearest":false,"intersects_site":true,"distance_km":null},"geometry":{"type":"LineString","coordinates":[[-82.671626,35.243932],[-82.674597,35.248432],[-82.675861,35.250447],[-82.68073,35.252764],[-82.678401,35.257399],[-82.681573,35.259045],[-82.68213,35.258675]]}},{"type":"Feature","properties":{"site_id":"DEQ-25055-21-045","role":"line","kv":100.0,"nearest":false,"intersects_site":true,"distance_km":null},"geometry":{"type":"LineString","coordinates":[[-82.682961,35.258932],[-82.683429,35.25897],[-82.685514,35.257859],[-82.682596,35.2541],[-82.682424,35.253783]]}},{"type":"Feature","properties":{"site_id":"DEQ-27037-23-007","role":"line","kv":115.0,"nearest":true,"intersects_site":false,"distance_km":null},"geometry":{"type":"LineString","coordinates":[[-76.577197,35.572941],[-76.58456,35.573755],[-76.586165,35.573838],[-76.58735,35.573697],[-76.599512,35.574699],[-76.602763,35.574692],[-76.606624,35.575794],[-76.612304,35.576873],[-76.613215,35.577243],[-76.618586,35.579093],[-76.619505,35.579228],[-76.622327,35.580085],[-76.625816,35.581066],[-76.626681,35.581723],[-76.628664,35.58288],[-76.629546,35.583249],[-76.630472,35.583549],[-76.631426,35.583742],[-76.632582,35.583647],[-76.637603,35.583557],[-76.63856,35.583604],[-76.63973,35.583875],[-76.640741,35.584157],[-76.64156,35.584466],[-76.643294,35.585305],[-76.646169,35.58566],[-76.647084,35.585628],[-76.647316,35.585663],[-76.64765,35.585812],[-76.648273,35.586551],[-76.648091,35.586851],[-76.647577,35.586639],[-76.647717,35.586429],[-76.647492,35.586351]]}},{"type":"Feature","properties":{"site_id":"DEQ-27037-23-007","role":"connector","kv":115.0,"nearest":true,"intersects_site":false,"distance_km":3.7073780801803164},"geometry":{"type":"LineString","coordinates":[[-76.632289,35.547484],[-76.619505,35.579228]]}},{"type":"Feature","properties":{"site_id":"DEQ-27040-23-060","role":"line","kv":100.0,"nearest":true,"intersects_site":false,"distance_km":null},"geometry":{"type":"LineString","coordinates":[[-80.813597,35.244778],[-80.813388,35.244936],[-80.81364,35.245515],[-80.814251,35.24644],[-80.813643,35.247399],[-80.812704,35.248508],[-80.810132,35.250107],[-80.807793,35.250679],[-80.805897,35.250883],[-80.803901,35.251284],[-80.803146,35.254225],[-80.802963,35.254602],[-80.799591,35.257787],[-80.799706,35.258801],[-80.797936,35.259992],[-80.796957,35.260264],[-80.792717,35.264276]]}},{"type":"Feature","properties":{"site_id":"DEQ-27040-23-060","role":"connector","kv":100.0,"nearest":true,"intersects_site":false,"distance_km":0.4060628619488553},"geometry":{"type":"LineString","coordinates":[[-80.81139,35.25362],[-80.810116,35.250112]]}},{"type":"Feature","properties":{"site_id":"DEQ-27050-23-060","role":"line","kv":100.0,"nearest":true,"intersects_site":false,"distance_km":null},"geometry":{"type":"LineString","coordinates":[[-80.838432,35.30754],[-80.838575,35.307559]]}},{"type":"Feature","properties":{"site_id":"DEQ-27050-23-060","role":"connector","kv":100.0,"nearest":true,"intersects_site":false,"distance_km":2.6763366165325904},"geometry":{"type":"LineString","coordinates":[[-80.863073,35.320933],[-80.838575,35.307559]]}},{"type":"Feature","properties":{"site_id":"DEQ-27052-23-019","role":"line","kv":100.0,"nearest":true,"intersects_site":false,"distance_km":null},"geometry":{"type":"LineString","coordinates":[[-79.081875,35.884093],[-79.081811,35.884159],[-79.081782,35.883881],[-79.082073,35.883463],[-79.082633,35.883426],[-79.086899,35.879992],[-79.09155,35.877212],[-79.092663,35.876704],[-79.095495,35.876376],[-79.096576,35.876215],[-79.099446,35.875626],[-79.100986,35.875591],[-79.103657,35.873161],[-79.104384,35.872742],[-79.105052,35.873209],[-79.106388,35.87425],[-79.111355,35.878375],[-79.114212,35.88067],[-79.115201,35.883278],[-79.115356,35.884554]]}},{"type":"Feature","properties":{"site_id":"DEQ-27052-23-019","role":"connector","kv":100.0,"nearest":true,"intersects_site":false,"distance_km":2.3452713567660464},"geometry":{"type":"LineString","coordinates":[[-79.091666,35.854312],[-79.104384,35.872742]]}},{"type":"Feature","properties":{"site_id":"DEQ-27054-23-041","role":"line","kv":100.0,"nearest":true,"intersects_site":false,"distance_km":null},"geometry":{"type":"LineString","coordinates":[[-79.779543,36.010381],[-79.7796,36.010712],[-79.782255,36.010638],[-79.78606,36.01074],[-79.78932,36.017053],[-79.78801,36.020353],[-79.788402,36.021815],[-79.788822,36.023177],[-79.785688,36.026292],[-79.785489,36.028389],[-79.785287,36.03192],[-79.787988,36.032537],[-79.788741,36.03411],[-79.788774,36.038791],[-79.787608,36.039233],[-79.787755,36.042076],[-79.787901,36.043657],[-79.786468,36.045846],[-79.786181,36.046087]]}},{"type":"Feature","properties":{"site_id":"DEQ-27054-23-041","role":"connector","kv":100.0,"nearest":true,"intersects_site":false,"distance_km":0.9867879024727509},"geometry":{"type":"LineString","coordinates":[[-79.774533,36.028255],[-79.785466,36.028733]]}},{"type":"Feature","properties":{"site_id":"DEQ-27055-23-023","role":"line","kv":100.0,"nearest":true,"intersects_site":false,"distance_km":null},"geometry":{"type":"LineString","coordinates":[[-81.566874,35.445006],[-81.550701,35.438483],[-81.547844,35.435618],[-81.546377,35.434086],[-81.543889,35.431649],[-81.537727,35.425467],[-81.536566,35.425038],[-81.535895,35.42442],[-81.535729,35.423607],[-81.534538,35.422579],[-81.531919,35.421915],[-81.526835,35.415771],[-81.5229,35.411706]]}},{"type":"Feature","properties":{"site_id":"DEQ-27055-23-023","role":"connector","kv":100.0,"nearest":true,"intersects_site":false,"distance_km":2.2983731203028714},"geometry":{"type":"LineString","coordinates":[[-81.560135,35.415175],[-81.540524,35.428273]]}},{"type":"Feature","properties":{"site_id":"DEQ-27057-23-034","role":"line","kv":100.0,"nearest":true,"intersects_site":false,"distance_km":null},"geometry":{"type":"LineString","coordinates":[[-80.226702,36.125238],[-80.226423,36.125141],[-80.224969,36.125011],[-80.224488,36.124935]]}},{"type":"Feature","properties":{"site_id":"DEQ-27057-23-034","role":"connector","kv":100.0,"nearest":true,"intersects_site":false,"distance_km":0.9401534672818218},"geometry":{"type":"LineString","coordinates":[[-80.236282,36.128612],[-80.226702,36.125238]]}},{"type":"Feature","properties":{"site_id":"DEQ-28001-24-034","role":"line","kv":100.0,"nearest":true,"intersects_site":false,"distance_km":null},"geometry":{"type":"LineString","coordinates":[[-80.226702,36.125238],[-80.226423,36.125141],[-80.224969,36.125011],[-80.224488,36.124935]]}},{"type":"Feature","properties":{"site_id":"DEQ-28001-24-034","role":"connector","kv":100.0,"nearest":true,"intersects_site":false,"distance_km":0.7921086395098256},"geometry":{"type":"LineString","coordinates":[[-80.235248,36.12694],[-80.226702,36.125238]]}},{"type":"Feature","properties":{"site_id":"DEQ-28002-24-083","role":"line","kv":115.0,"nearest":true,"intersects_site":false,"distance_km":null},"geometry":{"type":"LineString","coordinates":[[-79.390809,34.741573],[-79.39022,34.743144],[-79.389869,34.744194],[-79.390065,34.745265],[-79.390725,34.748137],[-79.390172,34.749354],[-79.391162,34.750299],[-79.391543,34.752056],[-79.391749,34.753181],[-79.395478,34.754524]]}},{"type":"Feature","properties":{"site_id":"DEQ-28002-24-083","role":"connector","kv":115.0,"nearest":true,"intersects_site":false,"distance_km":1.9442556192911928},"geometry":{"type":"LineString","coordinates":[[-79.378599,34.766944],[-79.391749,34.753181]]}},{"type":"Feature","properties":{"site_id":"DEQ-28005-24-032","role":"line","kv":100.0,"nearest":true,"intersects_site":false,"distance_km":null},"geometry":{"type":"LineString","coordinates":[[-78.938976,36.012688],[-78.940886,36.012716],[-78.955979,36.013139],[-78.96214,36.015369]]}},{"type":"Feature","properties":{"site_id":"DEQ-28005-24-032","role":"connector","kv":100.0,"nearest":true,"intersects_site":false,"distance_km":0.5889539805854351},"geometry":{"type":"LineString","coordinates":[[-78.942553,36.018077],[-78.942794,36.012773]]}},{"type":"Feature","properties":{"site_id":"DEQ-28010-24-032","role":"line","kv":100.0,"nearest":true,"intersects_site":false,"distance_km":null},"geometry":{"type":"LineString","coordinates":[[-78.861048,35.963001],[-78.858908,35.969012],[-78.860276,35.971339],[-78.860399,35.972746],[-78.86085,35.976683],[-78.861147,35.981069],[-78.861621,35.981072]]}},{"type":"Feature","properties":{"site_id":"DEQ-28010-24-032","role":"connector","kv":100.0,"nearest":true,"intersects_site":false,"distance_km":0.35588502070305367},"geometry":{"type":"LineString","coordinates":[[-78.864859,35.977429],[-78.86092,35.977623]]}},{"type":"Feature","properties":{"site_id":"DEQ-28014-24-007","role":"line","kv":230.0,"nearest":true,"intersects_site":false,"distance_km":null},"geometry":{"type":"LineString","coordinates":[[-77.071035,35.552039],[-77.071192,35.552254]]}},{"type":"Feature","properties":{"site_id":"DEQ-28014-24-007","role":"connector","kv":230.0,"nearest":true,"intersects_site":false,"distance_km":1.4225395254171878},"geometry":{"type":"LineString","coordinates":[[-77.079467,35.563149],[-77.071192,35.552254]]}},{"type":"Feature","properties":{"site_id":"DEQ-28016-24-055","role":"line","kv":100.0,"nearest":true,"intersects_site":false,"distance_km":null},"geometry":{"type":"LineString","coordinates":[[-81.250661,35.510173],[-81.247065,35.496002],[-81.242577,35.493414],[-81.238991,35.483537],[-81.237215,35.475743],[-81.237111,35.474731]]}},{"type":"Feature","properties":{"site_id":"DEQ-28016-24-055","role":"connector","kv":100.0,"nearest":true,"intersects_site":false,"distance_km":1.243579542958974},"geometry":{"type":"LineString","coordinates":[[-81.256372,35.487772],[-81.247065,35.496002]]}},{"type":"Feature","properties":{"site_id":"DEQ-28017-24-036","role":"line","kv":100.0,"nearest":true,"intersects_site":false,"distance_km":null},"geometry":{"type":"LineString","coordinates":[[-81.410348,35.366463],[-81.408606,35.367618],[-81.398928,35.372268],[-81.395505,35.372653],[-81.391544,35.371802]]}},{"type":"Feature","properties":{"site_id":"DEQ-28017-24-036","role":"connector","kv":100.0,"nearest":true,"intersects_site":false,"distance_km":0.04346140085492268},"geometry":{"type":"LineString","coordinates":[[-81.395025,35.372145],[-81.394904,35.372524]]}},{"type":"Feature","properties":{"site_id":"DEQ-28019-24-060","role":"line","kv":100.0,"nearest":true,"intersects_site":true,"distance_km":null},"geometry":{"type":"LineString","coordinates":[[-80.884661,35.175046],[-80.88473,35.175985],[-80.884471,35.195192]]}},{"type":"Feature","properties":{"site_id":"DEQ-28024-24-063","role":"line","kv":115.0,"nearest":true,"intersects_site":false,"distance_km":null},"geometry":{"type":"LineString","coordinates":[[-79.462619,35.143363],[-79.459158,35.143107],[-79.455371,35.142877],[-79.45259,35.145825],[-79.445263,35.14413],[-79.442079,35.144684],[-79.437037,35.145627],[-79.437256,35.152771],[-79.435596,35.153184],[-79.429777,35.154489],[-79.429807,35.157849],[-79.427437,35.157847],[-79.425471,35.157893],[-79.422497,35.157892],[-79.420213,35.161232],[-79.421067,35.163185],[-79.422611,35.166514],[-79.419098,35.168687]]}},{"type":"Feature","properties":{"site_id":"DEQ-28024-24-063","role":"connector","kv":115.0,"nearest":true,"intersects_site":false,"distance_km":4.462828809882729},"geometry":{"type":"LineString","coordinates":[[-79.39979,35.119506],[-79.437037,35.145627]]}},{"type":"Feature","properties":{"site_id":"DEQ-28025-24-082","role":"line","kv":69.0,"nearest":true,"intersects_site":true,"distance_km":null},"geometry":{"type":"LineString","coordinates":[[-78.200986,34.979174],[-78.200509,34.991864],[-78.198775,34.994224],[-78.196817,34.996986],[-78.193977,35.00089],[-78.19013,35.006133]]}},{"type":"Feature","properties":{"site_id":"DEQ-28026-24-060","role":"line","kv":100.0,"nearest":true,"intersects_site":false,"distance_km":null},"geometry":{"type":"LineString","coordinates":[[-80.868685,35.239737],[-80.868602,35.239154],[-80.868139,35.238359],[-80.86677,35.236986],[-80.865163,35.235458],[-80.863993,35.233737],[-80.856256,35.228617],[-80.853906,35.228558],[-80.852943,35.228237],[-80.851835,35.227795],[-80.851597,35.227933]]}},{"type":"Feature","properties":{"site_id":"DEQ-28026-24-060","role":"connector","kv":100.0,"nearest":true,"intersects_site":false,"distance_km":0.9548733847592943},"geometry":{"type":"LineString","coordinates":[[-80.863207,35.222159],[-80.856603,35.228848]]}},{"type":"Feature","properties":{"site_id":"DEQ-28030-24-080","role":"line","kv":100.0,"nearest":true,"intersects_site":true,"distance_km":null},"geometry":{"type":"LineString","coordinates":[[-80.498883,35.629707],[-80.485443,35.640972],[-80.485357,35.641392]]}},{"type":"Feature","properties":{"site_id":"DEQ-28032-24-033","role":"line","kv":230.0,"nearest":true,"intersects_site":true,"distance_km":null},"geometry":{"type":"LineString","coordinates":[[-77.751541,36.036617],[-77.752152,36.036689]]}},{"type":"Feature","properties":{"site_id":"DEQ-28032-24-033","role":"line","kv":230.0,"nearest":false,"intersects_site":true,"distance_km":null},"geometry":{"type":"LineString","coordinates":[[-77.752,36.036949],[-77.751541,36.036617]]}},{"type":"Feature","properties":{"site_id":"DEQ-28032-24-033","role":"line","kv":230.0,"nearest":false,"intersects_site":true,"distance_km":null},"geometry":{"type":"LineString","coordinates":[[-77.748152,36.038951],[-77.751541,36.036617]]}},{"type":"Feature","properties":{"site_id":"DEQ-28033-24-001","role":"line","kv":100.0,"nearest":true,"intersects_site":false,"distance_km":null},"geometry":{"type":"LineString","coordinates":[[-79.373529,36.022157],[-79.367164,36.021656],[-79.366314,36.010176]]}},{"type":"Feature","properties":{"site_id":"DEQ-28033-24-001","role":"connector","kv":100.0,"nearest":true,"intersects_site":false,"distance_km":0.22752643546676646},"geometry":{"type":"LineString","coordinates":[[-79.364877,36.022524],[-79.367164,36.021656]]}},{"type":"Feature","properties":{"site_id":"DEQ-28035-24-080","role":"line","kv":100.0,"nearest":true,"intersects_site":false,"distance_km":null},"geometry":{"type":"LineString","coordinates":[[-80.572805,35.567782],[-80.569401,35.570651],[-80.568012,35.571535],[-80.565635,35.572813],[-80.563077,35.575903],[-80.552138,35.585052],[-80.545876,35.590349]]}},{"type":"Feature","properties":{"site_id":"DEQ-28035-24-080","role":"connector","kv":100.0,"nearest":true,"intersects_site":false,"distance_km":0.48790786327230357},"geometry":{"type":"LineString","coordinates":[[-80.555458,35.575977],[-80.55931,35.579049]]}},{"type":"Feature","properties":{"site_id":"DEQ-28037-24-078","role":"line","kv":115.0,"nearest":true,"intersects_site":true,"distance_km":null},"geometry":{"type":"LineString","coordinates":[[-78.9969,34.59029],[-78.998132,34.590441],[-78.998174,34.59269],[-78.991487,34.596079]]}},{"type":"Feature","properties":{"site_id":"DEQ-28041-24-060","role":"line","kv":100.0,"nearest":true,"intersects_site":false,"distance_km":null},"geometry":{"type":"LineString","coordinates":[[-80.70218,35.099007],[-80.701934,35.099838],[-80.707509,35.105437],[-80.705147,35.11028],[-80.705958,35.114778]]}},{"type":"Feature","properties":{"site_id":"DEQ-28041-24-060","role":"connector","kv":100.0,"nearest":true,"intersects_site":false,"distance_km":0.3659231849558853},"geometry":{"type":"LineString","coordinates":[[-80.698834,35.101933],[-80.701942,35.099846]]}},{"type":"Feature","properties":{"site_id":"DEQ-28046-24-044","role":"line","kv":115.0,"nearest":true,"intersects_site":true,"distance_km":null},"geometry":{"type":"LineString","coordinates":[[-82.843603,35.538311],[-82.843653,35.538443],[-82.843929,35.538412],[-82.843849,35.538252]]}},{"type":"Feature","properties":{"site_id":"DEQ-28046-24-044","role":"line","kv":115.0,"nearest":false,"intersects_site":true,"distance_km":null},"geometry":{"type":"LineString","coordinates":[[-82.842585,35.538113],[-82.842535,35.538396],[-82.843603,35.538311],[-82.846308,35.538027],[-82.848036,35.535711],[-82.85007,35.53452],[-82.850967,35.534264]]}},{"type":"Feature","properties":{"site_id":"DEQ-28047-24-092","role":"line","kv":230.0,"nearest":true,"intersects_site":false,"distance_km":null},"geometry":{"type":"LineString","coordinates":[[-78.842268,35.831544],[-78.846745,35.847363],[-78.84735,35.847095]]}},{"type":"Feature","properties":{"site_id":"DEQ-28047-24-092","role":"connector","kv":230.0,"nearest":true,"intersects_site":false,"distance_km":0.3283959417554254},"geometry":{"type":"LineString","coordinates":[[-78.842255,35.844677],[-78.845798,35.844014]]}},{"type":"Feature","properties":{"site_id":"DEQ-28049-24-090","role":"line","kv":100.0,"nearest":true,"intersects_site":false,"distance_km":null},"geometry":{"type":"LineString","coordinates":[[-80.525205,35.001363],[-80.52514,34.996723],[-80.530182,34.993815],[-80.535903,34.994775],[-80.538197,34.991833],[-80.540192,34.992824],[-80.54039,34.992664]]}},{"type":"Feature","properties":{"site_id":"DEQ-28049-24-090","role":"connector","kv":100.0,"nearest":true,"intersects_site":false,"distance_km":0.8113643617172961},"geometry":{"type":"LineString","coordinates":[[-80.538628,34.984527],[-80.538197,34.991833]]}},{"type":"Feature","properties":{"site_id":"DEQ-28061-24-055","role":"line","kv":100.0,"nearest":true,"intersects_site":false,"distance_km":null},"geometry":{"type":"LineString","coordinates":[[-81.247395,35.497329],[-81.247065,35.496002],[-81.242577,35.493414],[-81.238991,35.483537],[-81.237215,35.475743],[-81.237111,35.474731]]}},{"type":"Feature","properties":{"site_id":"DEQ-28061-24-055","role":"connector","kv":100.0,"nearest":true,"intersects_site":false,"distance_km":0.350425753899944},"geometry":{"type":"LineString","coordinates":[[-81.242699,35.482581],[-81.238906,35.483176]]}},{"type":"Feature","properties":{"site_id":"DEQ-28057-24-092","role":"line","kv":230.0,"nearest":true,"intersects_site":false,"distance_km":null},"geometry":{"type":"LineString","coordinates":[[-78.632217,35.7686],[-78.632244,35.768506],[-78.632761,35.768782],[-78.632761,35.768303],[-78.632968,35.764398],[-78.633141,35.763316],[-78.635166,35.763356],[-78.637243,35.763556],[-78.637407,35.760701],[-78.637395,35.75906],[-78.639584,35.759143],[-78.641247,35.758518],[-78.645161,35.758352]]}},{"type":"Feature","properties":{"site_id":"DEQ-28057-24-092","role":"connector","kv":230.0,"nearest":true,"intersects_site":false,"distance_km":0.00010724708106824296},"geometry":{"type":"LineString","coordinates":[[-78.639551,35.759143],[-78.639551,35.759142]]}},{"type":"Feature","properties":{"site_id":"DEQ-28063-24-041","role":"line","kv":100.0,"nearest":true,"intersects_site":true,"distance_km":null},"geometry":{"type":"LineString","coordinates":[[-79.888335,36.022286],[-79.898578,36.014224],[-79.901147,36.011545],[-79.908591,36.006742],[-79.914163,36.003104]]}},{"type":"Feature","properties":{"site_id":"DEQ-28051-24-092","role":"line","kv":500.0,"nearest":true,"intersects_site":false,"distance_km":null},"geometry":{"type":"LineString","coordinates":[[-78.514329,35.920041],[-78.521254,35.924796],[-78.523793,35.926623],[-78.52599,35.9281],[-78.529393,35.929487],[-78.532941,35.930887],[-78.53829,35.933079],[-78.544344,35.935509],[-78.547287,35.936659],[-78.55403,35.939405],[-78.556227,35.940336],[-78.557128,35.940689],[-78.557118,35.940792]]}},{"type":"Feature","properties":{"site_id":"DEQ-28051-24-092","role":"connector","kv":500.0,"nearest":true,"intersects_site":false,"distance_km":0.7076927153522671},"geometry":{"type":"LineString","coordinates":[[-78.533228,35.923911],[-78.529806,35.92965]]}},{"type":"Feature","properties":{"site_id":"DEQ-29004-25-036","role":"line","kv":100.0,"nearest":true,"intersects_site":false,"distance_km":null},"geometry":{"type":"LineString","coordinates":[[-81.415615,35.362973],[-81.408606,35.367618],[-81.398928,35.372268],[-81.395505,35.372653],[-81.391544,35.371802]]}},{"type":"Feature","properties":{"site_id":"DEQ-29004-25-036","role":"connector","kv":100.0,"nearest":true,"intersects_site":false,"distance_km":0.05512017167759956},"geometry":{"type":"LineString","coordinates":[[-81.404184,35.369166],[-81.404491,35.369595]]}},{"type":"Feature","properties":{"site_id":"DEQ-29009-25-051","role":"line","kv":230.0,"nearest":true,"intersects_site":false,"distance_km":null},"geometry":{"type":"LineString","coordinates":[[-78.294923,35.523158],[-78.295491,35.522862],[-78.296959,35.522739],[-78.298869,35.521767],[-78.299332,35.520985],[-78.299549,35.51902],[-78.299805,35.517274],[-78.300789,35.509716],[-78.301753,35.508375],[-78.310798,35.496491]]}},{"type":"Feature","properties":{"site_id":"DEQ-29009-25-051","role":"connector","kv":230.0,"nearest":true,"intersects_site":false,"distance_km":0.8523219152954814},"geometry":{"type":"LineString","coordinates":[[-78.309779,35.513183],[-78.300433,35.512382]]}},{"type":"Feature","properties":{"site_id":"DEQ-29010-25-036","role":"line","kv":100.0,"nearest":true,"intersects_site":false,"distance_km":null},"geometry":{"type":"LineString","coordinates":[[-81.139589,35.29615],[-81.139661,35.294996],[-81.139854,35.293095],[-81.140162,35.289357],[-81.138365,35.286578],[-81.139149,35.28556],[-81.140822,35.283536],[-81.141604,35.28025],[-81.141664,35.279228],[-81.141819,35.278009],[-81.141647,35.277997]]}},{"type":"Feature","properties":{"site_id":"DEQ-29010-25-036","role":"connector","kv":100.0,"nearest":true,"intersects_site":false,"distance_km":1.4095881380085058},"geometry":{"type":"LineString","coordinates":[[-81.126996,35.273861],[-81.141647,35.277997]]}},{"type":"Feature","properties":{"site_id":"DEQ-29011-25-041","role":"line","kv":100.0,"nearest":true,"intersects_site":false,"distance_km":null},"geometry":{"type":"LineString","coordinates":[[-79.860745,36.060492],[-79.867447,36.046719],[-79.872955,36.03525]]}},{"type":"Feature","properties":{"site_id":"DEQ-29011-25-041","role":"connector","kv":100.0,"nearest":true,"intersects_site":false,"distance_km":0.4513871397859338},"geometry":{"type":"LineString","coordinates":[[-79.873576,36.045144],[-79.868909,36.043667]]}},{"type":"Feature","properties":{"site_id":"DEQ-29016-25-041","role":"line","kv":100.0,"nearest":true,"intersects_site":false,"distance_km":null},"geometry":{"type":"LineString","coordinates":[[-79.781863,36.002661],[-79.784101,36.006973],[-79.785027,36.009191],[-79.781748,36.010452],[-79.772856,36.01018],[-79.756644,36.010425],[-79.756799,36.012822],[-79.749212,36.013134],[-79.746993,36.012743],[-79.736577,36.015614]]}},{"type":"Feature","properties":{"site_id":"DEQ-29016-25-041","role":"connector","kv":100.0,"nearest":true,"intersects_site":false,"distance_km":1.1599234513679026},"geometry":{"type":"LineString","coordinates":[[-79.760607,36.022808],[-79.756799,36.012822]]}},{"type":"Feature","properties":{"site_id":"DEQ-29019-25-054","role":"line","kv":115.0,"nearest":true,"intersects_site":true,"distance_km":null},"geometry":{"type":"MultiLineString","coordinates":[[[-77.593532,35.265187],[-77.593537,35.265058],[-77.592661,35.264629],[-77.591877,35.264193],[-77.589751,35.264041],[-77.588096,35.263165],[-77.586674,35.262455],[-77.586647,35.261251],[-77.586726,35.258704],[-77.58642,35.257584],[-77.584123,35.25756],[-77.583077,35.257365],[-77.583044,35.257265],[-77.583195,35.254054],[-77.583496,35.252456],[-77.583458,35.250392],[-77.583404,35.249813],[-77.582696,35.249556],[-77.581782,35.249802],[-77.5811,35.249773],[-77.58029,35.248577],[-77.579274,35.248154],[-77.578482,35.247751],[-77.577503,35.247335],[-77.572249,35.246615]],[[-77.600733,35.266745],[-77.598947,35.266634],[-77.598015,35.26638],[-77.596402,35.266104],[-77.594407,35.265352],[-77.593671,35.265103],[-77.59364,35.265196]]]}},{"type":"Feature","properties":{"site_id":"DEQ-29020-25-045","role":"line","kv":115.0,"nearest":true,"intersects_site":false,"distance_km":null},"geometry":{"type":"LineString","coordinates":[[-82.538874,35.376225],[-82.533868,35.385185],[-82.533084,35.386531],[-82.532803,35.387923],[-82.532671,35.388801],[-82.533159,35.392385],[-82.533662,35.39697],[-82.533753,35.398316],[-82.534421,35.399345],[-82.537425,35.404512],[-82.537475,35.405066],[-82.538019,35.407469],[-82.538754,35.411121],[-82.53946,35.412068],[-82.54061,35.41382],[-82.541086,35.415233],[-82.541558,35.41686],[-82.542817,35.420654],[-82.543246,35.422106],[-82.550656,35.426768],[-82.550908,35.426562]]}},{"type":"Feature","properties":{"site_id":"DEQ-29020-25-045","role":"connector","kv":115.0,"nearest":true,"intersects_site":false,"distance_km":3.1312483784525402},"geometry":{"type":"LineString","coordinates":[[-82.504957,35.416707],[-82.538754,35.411121]]}},{"type":"Feature","properties":{"site_id":"DEQ-29024-25-060","role":"line","kv":100.0,"nearest":true,"intersects_site":false,"distance_km":null},"geometry":{"type":"LineString","coordinates":[[-80.980946,35.135133],[-80.980765,35.135129]]}},{"type":"Feature","properties":{"site_id":"DEQ-29024-25-060","role":"connector","kv":100.0,"nearest":true,"intersects_site":false,"distance_km":1.4900408346300527},"geometry":{"type":"LineString","coordinates":[[-80.964414,35.134989],[-80.980765,35.135129]]}},{"type":"Feature","properties":{"site_id":"DEQ-29026-25-095","role":"line","kv":115.0,"nearest":true,"intersects_site":false,"distance_km":null},"geometry":{"type":"LineString","coordinates":[[-81.65861,36.204709],[-81.65853,36.204681],[-81.659073,36.203467],[-81.660348,36.202889],[-81.660989,36.202815],[-81.662472,36.202745],[-81.664635,36.202108],[-81.66572,36.202665],[-81.668421,36.20365]]}},{"type":"Feature","properties":{"site_id":"DEQ-29026-25-095","role":"connector","kv":115.0,"nearest":true,"intersects_site":false,"distance_km":0.4736898694476529},"geometry":{"type":"LineString","coordinates":[[-81.665806,36.197946],[-81.664635,36.202108]]}},{"type":"Feature","properties":{"site_id":"DEQ-29028-25-050","role":"line","kv":161.0,"nearest":true,"intersects_site":false,"distance_km":null},"geometry":{"type":"LineString","coordinates":[[-83.245794,35.342014],[-83.246121,35.341594],[-83.24825,35.33992],[-83.250977,35.338375],[-83.252076,35.337688],[-83.254108,35.336545],[-83.256848,35.334779],[-83.258606,35.331428],[-83.260594,35.328771],[-83.26083,35.327383],[-83.261256,35.320645],[-83.261341,35.320086],[-83.260669,35.316694],[-83.259848,35.311908],[-83.259437,35.311238],[-83.258996,35.309324],[-83.259548,35.307953],[-83.259473,35.306904],[-83.259596,35.30621],[-83.259722,35.305844],[-83.260204,35.304757],[-83.26044,35.304483]]}},{"type":"Feature","properties":{"site_id":"DEQ-29028-25-050","role":"connector","kv":161.0,"nearest":true,"intersects_site":false,"distance_km":9.359891868466608},"geometry":{"type":"LineString","coordinates":[[-83.173481,35.402104],[-83.245794,35.342014]]}},{"type":"Feature","properties":{"site_id":"DEQ-29029-25-065","role":"line","kv":115.0,"nearest":true,"intersects_site":false,"distance_km":null},"geometry":{"type":"LineString","coordinates":[[-77.957088,34.321667],[-77.956886,34.321996],[-77.939536,34.334267],[-77.938121,34.335344],[-77.935276,34.332355],[-77.937375,34.325689]]}},{"type":"Feature","properties":{"site_id":"DEQ-29029-25-065","role":"connector","kv":115.0,"nearest":true,"intersects_site":false,"distance_km":1.164620804581065},"geometry":{"type":"LineString","coordinates":[[-77.94909,34.341307],[-77.940885,34.333314]]}},{"type":"Feature","properties":{"site_id":"DEQ-29030-25-041","role":"line","kv":100.0,"nearest":true,"intersects_site":true,"distance_km":null},"geometry":{"type":"LineString","coordinates":[[-79.974133,35.956167],[-79.964548,35.963661],[-79.963814,35.965006],[-79.963067,35.966285],[-79.961656,35.967403]]}},{"type":"Feature","properties":{"site_id":"DEQ-29031-25-057","role":"line","kv":115.0,"nearest":true,"intersects_site":false,"distance_km":null},"geometry":{"type":"LineString","coordinates":[[-82.733903,35.849437],[-82.733584,35.849429],[-82.732768,35.848919],[-82.731375,35.848415],[-82.729242,35.845495],[-82.727687,35.843655],[-82.726993,35.843225],[-82.723771,35.84208],[-82.723165,35.8418],[-82.722414,35.841172],[-82.720767,35.840315],[-82.716122,35.838223],[-82.715376,35.83773],[-82.713015,35.836017],[-82.712341,35.835484],[-82.710959,35.833958]]}},{"type":"Feature","properties":{"site_id":"DEQ-29031-25-057","role":"connector","kv":115.0,"nearest":true,"intersects_site":false,"distance_km":8.694104945887378},"geometry":{"type":"LineString","coordinates":[[-82.820674,35.883379],[-82.733903,35.849437]]}},{"type":"Feature","properties":{"site_id":"DEQ-29032-25-041","role":"line","kv":100.0,"nearest":true,"intersects_site":false,"distance_km":null},"geometry":{"type":"LineString","coordinates":[[-79.782202,36.095888],[-79.782616,36.095563],[-79.783932,36.09498],[-79.789239,36.09284],[-79.790899,36.091877],[-79.793029,36.090555],[-79.795562,36.088047],[-79.798511,36.084702],[-79.799281,36.084121],[-79.800734,36.083957],[-79.801254,36.083528]]}},{"type":"Feature","properties":{"site_id":"DEQ-29032-25-041","role":"connector","kv":100.0,"nearest":true,"intersects_site":false,"distance_km":1.6114515285744901},"geometry":{"type":"LineString","coordinates":[[-79.788872,36.072309],[-79.799281,36.084121]]}},{"type":"Feature","properties":{"site_id":"DEQ-29034-25-060","role":"line","kv":100.0,"nearest":true,"intersects_site":false,"distance_km":null},"geometry":{"type":"LineString","coordinates":[[-80.684033,35.235357],[-80.673207,35.234829],[-80.656632,35.231304],[-80.637084,35.233091],[-80.635663,35.23276],[-80.635496,35.233267]]}},{"type":"Feature","properties":{"site_id":"DEQ-29034-25-060","role":"connector","kv":100.0,"nearest":true,"intersects_site":false,"distance_km":1.6568869668458666},"geometry":{"type":"LineString","coordinates":[[-80.650432,35.246894],[-80.648398,35.232052]]}},{"type":"Feature","properties":{"site_id":"DEQ-29035-25-092","role":"line","kv":230.0,"nearest":true,"intersects_site":false,"distance_km":null},"geometry":{"type":"LineString","coordinates":[[-78.841779,35.668906],[-78.851184,35.668641],[-78.8565,35.666908],[-78.859533,35.665844],[-78.861338,35.665274],[-78.864642,35.664143],[-78.868136,35.662989]]}},{"type":"Feature","properties":{"site_id":"DEQ-29035-25-092","role":"connector","kv":230.0,"nearest":true,"intersects_site":false,"distance_km":0.09352479488603006},"geometry":{"type":"LineString","coordinates":[[-78.855619,35.666289],[-78.856005,35.667071]]}},{"type":"Feature","properties":{"site_id":"DEQ-29038-25-080","role":"line","kv":100.0,"nearest":true,"intersects_site":false,"distance_km":null},"geometry":{"type":"LineString","coordinates":[[-80.6325,35.492134],[-80.630872,35.496399],[-80.631406,35.497316],[-80.63179,35.497884],[-80.632144,35.498602],[-80.632822,35.49979],[-80.632267,35.500838],[-80.63146,35.501948],[-80.631433,35.503063],[-80.630263,35.50359],[-80.629791,35.503983],[-80.625186,35.505817],[-80.622973,35.505976],[-80.621737,35.505428],[-80.620876,35.505715],[-80.620359,35.50655],[-80.618971,35.505952],[-80.616675,35.505581],[-80.614221,35.509207],[-80.614032,35.509376]]}},{"type":"Feature","properties":{"site_id":"DEQ-29038-25-080","role":"connector","kv":100.0,"nearest":true,"intersects_site":false,"distance_km":0.8838816193877045},"geometry":{"type":"LineString","coordinates":[[-80.63682,35.509702],[-80.631433,35.503063]]}},{"type":"Feature","properties":{"site_id":"DEQ-28009-24-086","role":"line","kv":100.0,"nearest":true,"intersects_site":false,"distance_km":null},"geometry":{"type":"LineString","coordinates":[[-80.887499,36.208854],[-80.884451,36.209769],[-80.84974,36.218225],[-80.830473,36.217499],[-80.819072,36.220915],[-80.800513,36.220462]]}},{"type":"Feature","properties":{"site_id":"DEQ-28009-24-086","role":"connector","kv":100.0,"nearest":true,"intersects_site":false,"distance_km":2.6729141979400226},"geometry":{"type":"LineString","coordinates":[[-80.84696,36.242227],[-80.848523,36.218173]]}},{"type":"Feature","properties":{"site_id":"DEQ-28065-24-060","role":"line","kv":100.0,"nearest":true,"intersects_site":false,"distance_km":null},"geometry":{"type":"LineString","coordinates":[[-80.881622,35.076507],[-80.881623,35.076535],[-80.88101,35.076572],[-80.881017,35.076625]]}},{"type":"Feature","properties":{"site_id":"DEQ-28065-24-060","role":"connector","kv":100.0,"nearest":true,"intersects_site":false,"distance_km":1.3417122990594055},"geometry":{"type":"LineString","coordinates":[[-80.892158,35.084978],[-80.881623,35.076535]]}},{"type":"Feature","properties":{"site_id":"DEQ-29040-25-032","role":"line","kv":100.0,"nearest":true,"intersects_site":false,"distance_km":null},"geometry":{"type":"LineString","coordinates":[[-78.902484,36.008276],[-78.902832,36.008454],[-78.903873,36.008324]]}},{"type":"Feature","properties":{"site_id":"DEQ-29040-25-032","role":"connector","kv":100.0,"nearest":true,"intersects_site":false,"distance_km":2.000322014098547},"geometry":{"type":"LineString","coordinates":[[-78.905943,35.990374],[-78.903873,36.008324]]}},{"type":"Feature","properties":{"site_id":"DEQ-29042-25-023","role":"line","kv":500.0,"nearest":true,"intersects_site":false,"distance_km":null},"geometry":{"type":"LineString","coordinates":[[-81.568923,35.326868],[-81.53086,35.345049],[-81.500911,35.345238],[-81.489715,35.345358],[-81.480145,35.345376],[-81.47433,35.345455],[-81.468376,35.345463],[-81.458148,35.345593]]}},{"type":"Feature","properties":{"site_id":"DEQ-29042-25-023","role":"connector","kv":500.0,"nearest":true,"intersects_site":false,"distance_km":3.796114134195889},"geometry":{"type":"LineString","coordinates":[[-81.514986,35.310928],[-81.515307,35.345147]]}},{"type":"Feature","properties":{"site_id":"DEQ-29043-25-032","role":"line","kv":100.0,"nearest":true,"intersects_site":false,"distance_km":null},"geometry":{"type":"LineString","coordinates":[[-78.938976,36.012688],[-78.940886,36.012716],[-78.955979,36.013139],[-78.968532,36.017691]]}},{"type":"Feature","properties":{"site_id":"DEQ-29043-25-032","role":"connector","kv":100.0,"nearest":true,"intersects_site":false,"distance_km":0.8123730605076778},"geometry":{"type":"LineString","coordinates":[[-78.948097,36.020247],[-78.948477,36.012932]]}},{"type":"Feature","properties":{"site_id":"DEQ-29044-25-092","role":"line","kv":115.0,"nearest":true,"intersects_site":false,"distance_km":null},"geometry":{"type":"LineString","coordinates":[[-78.542677,35.961972],[-78.539949,35.964603],[-78.536881,35.9647],[-78.537143,35.967366],[-78.530897,35.973535],[-78.524609,35.979684],[-78.513857,35.990324]]}},{"type":"Feature","properties":{"site_id":"DEQ-29044-25-092","role":"connector","kv":115.0,"nearest":true,"intersects_site":false,"distance_km":1.286883829183269},"geometry":{"type":"LineString","coordinates":[[-78.539258,35.983507],[-78.528245,35.976131]]}},{"type":"Feature","properties":{"site_id":"DEQ-29046-25-065","role":"line","kv":115.0,"nearest":true,"intersects_site":false,"distance_km":null},"geometry":{"type":"LineString","coordinates":[[-77.969055,34.28194],[-77.966231,34.281662],[-77.964963,34.277583],[-77.959918,34.276181],[-77.958943,34.275801],[-77.958133,34.273824],[-77.959709,34.260971]]}},{"type":"Feature","properties":{"site_id":"DEQ-29046-25-065","role":"connector","kv":115.0,"nearest":true,"intersects_site":false,"distance_km":0.21557757777508965},"geometry":{"type":"LineString","coordinates":[[-77.955975,34.272289],[-77.958303,34.272494]]}},{"type":"Feature","properties":{"site_id":"DEQ-29047-25-092","role":"line","kv":115.0,"nearest":true,"intersects_site":false,"distance_km":null},"geometry":{"type":"LineString","coordinates":[[-78.536989,35.9634],[-78.534324,35.962719],[-78.534335,35.960299],[-78.534559,35.960248],[-78.534557,35.959695],[-78.534356,35.959644],[-78.53433,35.958544],[-78.527327,35.954376],[-78.525335,35.953889],[-78.524841,35.95457],[-78.519637,35.954656],[-78.519185,35.95338],[-78.517056,35.95264],[-78.517171,35.952436]]}},{"type":"Feature","properties":{"site_id":"DEQ-29047-25-092","role":"connector","kv":115.0,"nearest":true,"intersects_site":false,"distance_km":0.19195547385939762},"geometry":{"type":"LineString","coordinates":[[-78.526115,35.952273],[-78.525505,35.95393]]}},{"type":"Feature","properties":{"site_id":"DEQ-29048-25-060","role":"line","kv":100.0,"nearest":true,"intersects_site":true,"distance_km":null},"geometry":{"type":"LineString","coordinates":[[-80.879618,35.179678],[-80.878778,35.180852],[-80.877452,35.182568],[-80.87319,35.188572],[-80.866185,35.193211],[-80.863003,35.195273],[-80.861931,35.195864],[-80.860417,35.196632]]}},{"type":"Feature","properties":{"site_id":"DEQ-29050-25-092","role":"line","kv":115.0,"nearest":true,"intersects_site":false,"distance_km":null},"geometry":{"type":"LineString","coordinates":[[-78.317309,35.814137],[-78.317248,35.815294],[-78.317105,35.816702],[-78.316691,35.816885]]}},{"type":"Feature","properties":{"site_id":"DEQ-29050-25-092","role":"connector","kv":115.0,"nearest":true,"intersects_site":false,"distance_km":3.7472450182055774},"geometry":{"type":"LineString","coordinates":[[-78.332202,35.84821],[-78.316691,35.816885]]}},{"type":"Feature","properties":{"site_id":"DEQ-29055-25-092","role":"line","kv":115.0,"nearest":true,"intersects_site":false,"distance_km":null},"geometry":{"type":"LineString","coordinates":[[-78.627881,35.804258],[-78.623997,35.804744],[-78.621295,35.805384],[-78.618855,35.806596],[-78.618233,35.807077],[-78.617213,35.807628],[-78.616409,35.808016],[-78.615378,35.808214],[-78.61337,35.809149],[-78.612524,35.809518],[-78.611525,35.809902],[-78.608589,35.810755],[-78.607803,35.810645],[-78.606654,35.810196],[-78.606004,35.809873],[-78.60107,35.807159],[-78.601026,35.807044]]}},{"type":"Feature","properties":{"site_id":"DEQ-29055-25-092","role":"connector","kv":115.0,"nearest":true,"intersects_site":false,"distance_km":0.014829269557639734},"geometry":{"type":"LineString","coordinates":[[-78.61648,35.808136],[-78.616409,35.808016]]}},{"type":"Feature","properties":{"site_id":"DEQ-29060-25-092","role":"line","kv":115.0,"nearest":true,"intersects_site":false,"distance_km":null},"geometry":{"type":"LineString","coordinates":[[-78.617801,35.817927],[-78.61765,35.818157],[-78.617106,35.818683],[-78.616599,35.819041],[-78.615006,35.820033],[-78.614355,35.820478],[-78.612096,35.821754],[-78.610945,35.821415],[-78.609994,35.822274],[-78.609049,35.823242],[-78.608357,35.824024],[-78.607516,35.825884],[-78.607099,35.826989],[-78.608222,35.82712]]}},{"type":"Feature","properties":{"site_id":"DEQ-29060-25-092","role":"connector","kv":115.0,"nearest":true,"intersects_site":false,"distance_km":1.486122622878989},"geometry":{"type":"LineString","coordinates":[[-78.605208,35.840295],[-78.607186,35.826998]]}},{"type":"Feature","properties":{"site_id":"DEQ-29063-25-060","role":"line","kv":100.0,"nearest":true,"intersects_site":false,"distance_km":null},"geometry":{"type":"LineString","coordinates":[[-80.86864,35.23942],[-80.868602,35.239154],[-80.868139,35.238359],[-80.86677,35.236986],[-80.865163,35.235458],[-80.863993,35.233737],[-80.856256,35.228617],[-80.853906,35.228558],[-80.852943,35.228237],[-80.851835,35.227795],[-80.851597,35.227933]]}},{"type":"Feature","properties":{"site_id":"DEQ-29063-25-060","role":"connector","kv":100.0,"nearest":true,"intersects_site":false,"distance_km":0.3632466397583321},"geometry":{"type":"LineString","coordinates":[[-80.860544,35.227253],[-80.858032,35.229797]]}},{"type":"Feature","properties":{"site_id":"DEQ-29064-25-046","role":"line","kv":230.0,"nearest":true,"intersects_site":true,"distance_km":null},"geometry":{"type":"LineString","coordinates":[[-76.850985,36.352973],[-76.858119,36.355153],[-76.861074,36.356098],[-76.862631,36.356547],[-76.868302,36.358296],[-76.872615,36.361479],[-76.875798,36.363753],[-76.878113,36.365456],[-76.879342,36.366309],[-76.880397,36.367099],[-76.882759,36.367096],[-76.885389,36.36703],[-76.887449,36.367798],[-76.890021,36.36945],[-76.890916,36.370057],[-76.892525,36.371062]]}},{"type":"Feature","properties":{"site_id":"DEQ-29064-25-046","role":"line","kv":230.0,"nearest":false,"intersects_site":true,"distance_km":null},"geometry":{"type":"LineString","coordinates":[[-76.899998,36.366812],[-76.888236,36.373361],[-76.887457,36.37468],[-76.884741,36.378838],[-76.883622,36.380839],[-76.881204,36.384562],[-76.879627,36.387192],[-76.876507,36.389102],[-76.87296,36.391351]]}},{"type":"Feature","properties":{"site_id":"DEQ-29069-25-092","role":"line","kv":115.0,"nearest":true,"intersects_site":false,"distance_km":null},"geometry":{"type":"LineString","coordinates":[[-78.56695,35.786116],[-78.569472,35.786885],[-78.576686,35.788859],[-78.578042,35.792018],[-78.577899,35.800456],[-78.577869,35.801204],[-78.577573,35.805095],[-78.577402,35.809144]]}},{"type":"Feature","properties":{"site_id":"DEQ-29069-25-092","role":"connector","kv":115.0,"nearest":true,"intersects_site":false,"distance_km":0.14573519791997352},"geometry":{"type":"LineString","coordinates":[[-78.579566,35.797223],[-78.577954,35.797225]]}},{"type":"Feature","properties":{"site_id":"DEQ-29071-25-032","role":"line","kv":100.0,"nearest":true,"intersects_site":false,"distance_km":null},"geometry":{"type":"LineString","coordinates":[[-78.962356,35.925692],[-78.974433,35.925824],[-78.974667,35.932057],[-78.974713,35.935146],[-78.974929,35.943077]]}},{"type":"Feature","properties":{"site_id":"DEQ-29071-25-032","role":"connector","kv":100.0,"nearest":true,"intersects_site":false,"distance_km":1.1681125457735955},"geometry":{"type":"LineString","coordinates":[[-78.98646,35.921934],[-78.974433,35.925824]]}},{"type":"Feature","properties":{"site_id":"DEQ-29076-25-025","role":"line","kv":230.0,"nearest":true,"intersects_site":false,"distance_km":null},"geometry":{"type":"LineString","coordinates":[[-77.141395,35.140809],[-77.149836,35.142977],[-77.155871,35.141908],[-77.157476,35.142292],[-77.177929,35.146898]]}},{"type":"Feature","properties":{"site_id":"DEQ-29076-25-025","role":"connector","kv":230.0,"nearest":true,"intersects_site":false,"distance_km":0.5032607297443857},"geometry":{"type":"LineString","coordinates":[[-77.160399,35.138244],[-77.158945,35.142621]]}},{"type":"Feature","properties":{"site_id":"DEQ-29078-25-080","role":"line","kv":100.0,"nearest":true,"intersects_site":true,"distance_km":null},"geometry":{"type":"LineString","coordinates":[[-80.420193,35.718491],[-80.419895,35.718374],[-80.411568,35.716197],[-80.408857,35.715427],[-80.407083,35.71488],[-80.406193,35.713482],[-80.404158,35.712279],[-80.402796,35.7129],[-80.388258,35.710832],[-80.382399,35.710576]]}},{"type":"Feature","properties":{"site_id":"DEQ-29080-25-033","role":"line","kv":230.0,"nearest":true,"intersects_site":true,"distance_km":null},"geometry":{"type":"LineString","coordinates":[[-77.751541,36.036617],[-77.752152,36.036689]]}},{"type":"Feature","properties":{"site_id":"DEQ-29080-25-033","role":"line","kv":230.0,"nearest":false,"intersects_site":true,"distance_km":null},"geometry":{"type":"LineString","coordinates":[[-77.752,36.036949],[-77.751541,36.036617]]}},{"type":"Feature","properties":{"site_id":"DEQ-29080-25-033","role":"line","kv":230.0,"nearest":false,"intersects_site":true,"distance_km":null},"geometry":{"type":"LineString","coordinates":[[-77.748152,36.038951],[-77.751541,36.036617]]}},{"type":"Feature","properties":{"site_id":"DEQ-30001-26-092","role":"line","kv":115.0,"nearest":true,"intersects_site":false,"distance_km":null},"geometry":{"type":"LineString","coordinates":[[-78.653407,35.739622],[-78.638612,35.72559],[-78.637331,35.724968],[-78.637065,35.724128],[-78.634361,35.721572],[-78.633636,35.721552]]}},{"type":"Feature","properties":{"site_id":"DEQ-30001-26-092","role":"connector","kv":115.0,"nearest":true,"intersects_site":false,"distance_km":1.3184428256255702},"geometry":{"type":"LineString","coordinates":[[-78.627771,35.733938],[-78.637331,35.724968]]}},{"type":"Feature","properties":{"site_id":"DEQ-30006-26-086","role":"line","kv":100.0,"nearest":true,"intersects_site":false,"distance_km":null},"geometry":{"type":"LineString","coordinates":[[-80.482038,36.385398],[-80.471721,36.377901],[-80.45923,36.359772]]}},{"type":"Feature","properties":{"site_id":"DEQ-30006-26-086","role":"connector","kv":100.0,"nearest":true,"intersects_site":false,"distance_km":1.1472009078309755},"geometry":{"type":"LineString","coordinates":[[-80.457994,36.379226],[-80.469167,36.374203]]}},{"type":"Feature","properties":{"site_id":"DEQ-30007-26-041","role":"line","kv":100.0,"nearest":true,"intersects_site":false,"distance_km":null},"geometry":{"type":"LineString","coordinates":[[-79.98413,36.105303],[-79.984137,36.105172]]}},{"type":"Feature","properties":{"site_id":"DEQ-30007-26-041","role":"connector","kv":100.0,"nearest":true,"intersects_site":false,"distance_km":2.312453790090343},"geometry":{"type":"LineString","coordinates":[[-79.967346,36.089404],[-79.984137,36.105172]]}},{"type":"Feature","properties":{"site_id":"DEQ-30011-26-060","role":"line","kv":100.0,"nearest":true,"intersects_site":false,"distance_km":null},"geometry":{"type":"LineString","coordinates":[[-80.875514,35.265218],[-80.878689,35.269066],[-80.888871,35.276038],[-80.898724,35.281452],[-80.898387,35.281874],[-80.898593,35.28199]]}},{"type":"Feature","properties":{"site_id":"DEQ-30011-26-060","role":"connector","kv":100.0,"nearest":true,"intersects_site":false,"distance_km":0.327537299456799},"geometry":{"type":"LineString","coordinates":[[-80.892417,35.274438],[-80.890403,35.276885]]}},{"type":"Feature","properties":{"site_id":"DEQ-30014-26-100","role":"line","kv":115.0,"nearest":true,"intersects_site":false,"distance_km":null},"geometry":{"type":"LineString","coordinates":[[-82.30855,35.908284],[-82.309416,35.909325],[-82.309357,35.909796],[-82.309586,35.910465],[-82.310107,35.911401],[-82.310482,35.91168],[-82.311106,35.912351],[-82.311624,35.913126],[-82.3055,35.914813],[-82.300817,35.915889],[-82.300258,35.915934]]}},{"type":"Feature","properties":{"site_id":"DEQ-30014-26-100","role":"connector","kv":115.0,"nearest":true,"intersects_site":false,"distance_km":0.07903082757388336},"geometry":{"type":"LineString","coordinates":[[-82.312128,35.913709],[-82.311624,35.913126]]}},{"type":"Feature","properties":{"site_id":"DEQ-30017-26-049","role":"line","kv":100.0,"nearest":true,"intersects_site":true,"distance_km":null},"geometry":{"type":"LineString","coordinates":[[-80.837072,35.777214],[-80.837367,35.776771],[-80.839136,35.774378],[-80.840544,35.772725],[-80.841448,35.772727],[-80.843318,35.771919],[-80.84322,35.769431],[-80.845185,35.767032],[-80.846124,35.765682],[-80.849776,35.761241],[-80.850493,35.759446],[-80.852378,35.754965]]}},{"type":"Feature","properties":{"site_id":"DEQ-30015-26-049","role":"line","kv":100.0,"nearest":true,"intersects_site":false,"distance_km":null},"geometry":{"type":"LineString","coordinates":[[-80.902536,35.770844],[-80.903142,35.771215],[-80.923131,35.76939],[-80.951507,35.770287]]}},{"type":"Feature","properties":{"site_id":"DEQ-30015-26-049","role":"connector","kv":100.0,"nearest":true,"intersects_site":false,"distance_km":1.0354307733792634},"geometry":{"type":"LineString","coordinates":[[-80.927721,35.778868],[-80.928157,35.769542]]}},{"type":"Feature","properties":{"site_id":"DEQ-30022-26-026","role":"line","kv":230.0,"nearest":true,"intersects_site":false,"distance_km":null},"geometry":{"type":"LineString","coordinates":[[-78.86908,35.117183],[-78.873192,35.118967],[-78.881046,35.119273],[-78.884725,35.119451],[-78.885255,35.120238],[-78.886429,35.122418],[-78.888693,35.12546],[-78.895312,35.135525],[-78.904423,35.138541],[-78.906373,35.136526],[-78.908145,35.136907],[-78.90952,35.139682],[-78.912414,35.13996],[-78.913738,35.140151]]}},{"type":"Feature","properties":{"site_id":"DEQ-30022-26-026","role":"connector","kv":230.0,"nearest":true,"intersects_site":false,"distance_km":2.6103403584891485},"geometry":{"type":"LineString","coordinates":[[-78.918039,35.114824],[-78.908145,35.136907]]}},{"type":"Feature","properties":{"site_id":"DEQ-30025-26-034","role":"line","kv":100.0,"nearest":true,"intersects_site":false,"distance_km":null},"geometry":{"type":"LineString","coordinates":[[-80.296321,36.047944],[-80.311251,36.038671],[-80.319486,36.029111],[-80.325107,36.026603]]}},{"type":"Feature","properties":{"site_id":"DEQ-30025-26-034","role":"connector","kv":100.0,"nearest":true,"intersects_site":false,"distance_km":1.122716953862944},"geometry":{"type":"LineString","coordinates":[[-80.320105,36.04579],[-80.311251,36.038671]]}},{"type":"Feature","properties":{"site_id":"OSM-r14687435","role":"line","kv":230.0,"nearest":true,"intersects_site":false,"distance_km":null},"geometry":{"type":"LineString","coordinates":[[-76.852005,35.297481],[-76.85306,35.297308],[-76.853024,35.29663],[-76.867421,35.294263],[-76.871604,35.298077],[-76.873088,35.299394],[-76.875657,35.301766],[-76.877087,35.302926],[-76.897068,35.319626]]}},{"type":"Feature","properties":{"site_id":"OSM-r14687435","role":"connector","kv":230.0,"nearest":true,"intersects_site":false,"distance_km":1.8848595024298365},"geometry":{"type":"LineString","coordinates":[[-76.864257,35.316472],[-76.879075,35.304591]]}},{"type":"Feature","properties":{"site_id":"OSM-w377856257","role":"line","kv":230.0,"nearest":true,"intersects_site":false,"distance_km":null},"geometry":{"type":"LineString","coordinates":[[-79.106191,35.650506],[-79.10803,35.652895],[-79.1104,35.655344],[-79.118085,35.663486],[-79.118884,35.664278],[-79.121734,35.667347],[-79.124705,35.670412],[-79.127093,35.673003],[-79.129012,35.674986],[-79.130745,35.676847],[-79.137903,35.684375],[-79.139706,35.686234],[-79.141125,35.687763],[-79.141822,35.688461],[-79.151471,35.698636]]}},{"type":"Feature","properties":{"site_id":"OSM-w377856257","role":"connector","kv":230.0,"nearest":true,"intersects_site":false,"distance_km":1.0571781133719547},"geometry":{"type":"LineString","coordinates":[[-79.143727,35.674956],[-79.13441,35.680702]]}},{"type":"Feature","properties":{"site_id":"OSM-w1513958850","role":"line","kv":115.0,"nearest":true,"intersects_site":false,"distance_km":null},"geometry":{"type":"LineString","coordinates":[[-77.954862,34.229359],[-77.957955,34.230388],[-77.962405,34.230282],[-77.966653,34.232241],[-77.970805,34.233256],[-77.979056,34.232694],[-77.989262,34.232077],[-77.989665,34.230938],[-77.990178,34.228919],[-77.991701,34.229127],[-77.992871,34.22932]]}},{"type":"Feature","properties":{"site_id":"OSM-w1513958850","role":"connector","kv":115.0,"nearest":true,"intersects_site":false,"distance_km":0.6965552748310813},"geometry":{"type":"LineString","coordinates":[[-77.964403,34.224227],[-77.962405,34.230282]]}},{"type":"Feature","properties":{"site_id":"OSM-w371742221","role":"line","kv":230.0,"nearest":true,"intersects_site":false,"distance_km":null},"geometry":{"type":"LineString","coordinates":[[-78.827359,35.669287],[-78.851184,35.668641],[-78.8565,35.666908],[-78.859533,35.665844],[-78.861338,35.665274],[-78.864642,35.664143],[-78.877043,35.660002]]}},{"type":"Feature","properties":{"site_id":"OSM-w371742221","role":"connector","kv":230.0,"nearest":true,"intersects_site":false,"distance_km":0.07835553486988821},"geometry":{"type":"LineString","coordinates":[[-78.839957,35.669661],[-78.839931,35.668955]]}},{"type":"Feature","properties":{"site_id":"OSM-w341636913","role":"line","kv":230.0,"nearest":true,"intersects_site":false,"distance_km":null},"geometry":{"type":"LineString","coordinates":[[-81.319161,35.229507],[-81.320176,35.22884],[-81.321578,35.227857],[-81.331779,35.220904],[-81.340361,35.2151],[-81.343081,35.213212],[-81.355893,35.201318],[-81.356709,35.201622]]}},{"type":"Feature","properties":{"site_id":"OSM-w341636913","role":"connector","kv":230.0,"nearest":true,"intersects_site":false,"distance_km":0.5055711102422813},"geometry":{"type":"LineString","coordinates":[[-81.341949,35.219923],[-81.338431,35.216396]]}},{"type":"Feature","properties":{"site_id":"OSM-w901805738","role":"line","kv":115.0,"nearest":true,"intersects_site":false,"distance_km":null},"geometry":{"type":"LineString","coordinates":[[-77.848498,34.377271],[-77.848291,34.377281]]}},{"type":"Feature","properties":{"site_id":"OSM-w901805738","role":"connector","kv":115.0,"nearest":true,"intersects_site":false,"distance_km":0.32757838404107126},"geometry":{"type":"LineString","coordinates":[[-77.846248,34.374862],[-77.848291,34.377281]]}},{"type":"Feature","properties":{"site_id":"OSM-w265627699","role":"line","kv":230.0,"nearest":true,"intersects_site":false,"distance_km":null},"geometry":{"type":"LineString","coordinates":[[-78.525733,35.778594],[-78.525249,35.77888],[-78.526141,35.780586],[-78.525291,35.780637],[-78.524001,35.779609],[-78.513931,35.781477],[-78.511947,35.782514],[-78.510608,35.783282],[-78.507497,35.78496],[-78.493282,35.789153],[-78.492027,35.789873],[-78.477006,35.798095],[-78.472281,35.797261],[-78.471321,35.796719],[-78.46554,35.793615]]}},{"type":"Feature","properties":{"site_id":"OSM-w265627699","role":"connector","kv":230.0,"nearest":true,"intersects_site":false,"distance_km":1.16289931440556},"geometry":{"type":"LineString","coordinates":[[-78.500219,35.798272],[-78.495856,35.788411]]}},{"type":"Feature","properties":{"site_id":"OSM-w733134749","role":"line","kv":115.0,"nearest":true,"intersects_site":false,"distance_km":null},"geometry":{"type":"LineString","coordinates":[[-79.794695,34.915527],[-79.79497,34.915757],[-79.79775,34.917076],[-79.799211,34.917834],[-79.805655,34.920916],[-79.818404,34.927085],[-79.820689,34.928225],[-79.839979,34.937585]]}},{"type":"Feature","properties":{"site_id":"OSM-w733134749","role":"connector","kv":115.0,"nearest":true,"intersects_site":false,"distance_km":0.017116259023122183},"geometry":{"type":"LineString","coordinates":[[-79.820594,34.928358],[-79.820689,34.928225]]}},{"type":"Feature","properties":{"site_id":"OSM-w1097018213","role":"line","kv":230.0,"nearest":true,"intersects_site":false,"distance_km":null},"geometry":{"type":"LineString","coordinates":[[-78.338647,35.476978],[-78.339457,35.476422],[-78.341077,35.475558],[-78.345316,35.473039],[-78.349458,35.470628],[-78.357475,35.465831],[-78.359505,35.464648],[-78.361109,35.463659],[-78.379648,35.452668],[-78.39108,35.447081],[-78.396242,35.44462],[-78.399708,35.442891],[-78.407611,35.439048],[-78.411886,35.436797],[-78.413048,35.436219],[-78.413811,35.435793]]}},{"type":"Feature","properties":{"site_id":"OSM-w1097018213","role":"connector","kv":230.0,"nearest":true,"intersects_site":false,"distance_km":7.288839984963706},"geometry":{"type":"LineString","coordinates":[[-78.425419,35.506842],[-78.384131,35.450483]]}},{"type":"Feature","properties":{"site_id":"OSM-w1547939881","role":"line","kv":100.0,"nearest":true,"intersects_site":true,"distance_km":null},"geometry":{"type":"LineString","coordinates":[[-80.661233,35.356533],[-80.661158,35.356866]]}},{"type":"Feature","properties":{"site_id":"OSM-w1547939881","role":"line","kv":100.0,"nearest":false,"intersects_site":true,"distance_km":null},"geometry":{"type":"LineString","coordinates":[[-80.661233,35.356533],[-80.661299,35.356872]]}},{"type":"Feature","properties":{"site_id":"OSM-w1547939881","role":"line","kv":100.0,"nearest":false,"intersects_site":true,"distance_km":null},"geometry":{"type":"LineString","coordinates":[[-80.65986,35.357456],[-80.659714,35.357218],[-80.659991,35.357053]]}},{"type":"Feature","properties":{"site_id":"OSM-w1547939881","role":"line","kv":100.0,"nearest":false,"intersects_site":true,"distance_km":null},"geometry":{"type":"LineString","coordinates":[[-80.660608,35.357271],[-80.661079,35.357314]]}},{"type":"Feature","properties":{"site_id":"OSM-w1547939881","role":"line","kv":100.0,"nearest":false,"intersects_site":true,"distance_km":null},"geometry":{"type":"LineString","coordinates":[[-80.660608,35.357271],[-80.661039,35.357425]]}},{"type":"Feature","properties":{"site_id":"OSM-w1547939881","role":"line","kv":100.0,"nearest":false,"intersects_site":true,"distance_km":null},"geometry":{"type":"LineString","coordinates":[[-80.661234,35.35735],[-80.661686,35.35764]]}},{"type":"Feature","properties":{"site_id":"OSM-w1547939881","role":"line","kv":100.0,"nearest":false,"intersects_site":true,"distance_km":null},"geometry":{"type":"LineString","coordinates":[[-80.661686,35.35764],[-80.661189,35.35747]]}},{"type":"Feature","properties":{"site_id":"OSM-w1547939881","role":"line","kv":100.0,"nearest":false,"intersects_site":true,"distance_km":null},"geometry":{"type":"LineString","coordinates":[[-80.683389,35.341857],[-80.67981,35.344224],[-80.679289,35.344601],[-80.673868,35.348153],[-80.668721,35.351574],[-80.669933,35.352794],[-80.669644,35.356405],[-80.668554,35.358344],[-80.665035,35.359566],[-80.664089,35.358535],[-80.661233,35.356533],[-80.643771,35.368127]]}},{"type":"Feature","properties":{"site_id":"OSM-w1547939881","role":"line","kv":100.0,"nearest":false,"intersects_site":true,"distance_km":null},"geometry":{"type":"LineString","coordinates":[[-80.683883,35.365714],[-80.683128,35.366241],[-80.678557,35.366162],[-80.667345,35.358881],[-80.664996,35.359742],[-80.66396,35.358642],[-80.661686,35.35764]]}},{"type":"Feature","properties":{"site_id":"OSM-w1547939881","role":"line","kv":100.0,"nearest":false,"intersects_site":true,"distance_km":null},"geometry":{"type":"LineString","coordinates":[[-80.660608,35.357271],[-80.659554,35.357852],[-80.659412,35.359191],[-80.65903,35.361858],[-80.660104,35.365087],[-80.660687,35.366146],[-80.664435,35.369023]]}},{"type":"Feature","properties":{"site_id":"OSM-r14901431","role":"line","kv":500.0,"nearest":true,"intersects_site":true,"distance_km":null},"geometry":{"type":"LineString","coordinates":[[-78.532539,35.930728],[-78.53829,35.933079],[-78.544344,35.935509],[-78.547287,35.936659],[-78.557128,35.940689],[-78.556389,35.947369]]}},{"type":"Feature","properties":{"site_id":"OSM-r14901431","role":"line","kv":230.0,"nearest":false,"intersects_site":true,"distance_km":null},"geometry":{"type":"LineString","coordinates":[[-78.563334,35.90112],[-78.561046,35.908565],[-78.558281,35.934364]]}},{"type":"Feature","properties":{"site_id":"OSM-w377472192","role":"line","kv":230.0,"nearest":true,"intersects_site":true,"distance_km":null},"geometry":{"type":"LineString","coordinates":[[-79.171618,35.550271],[-79.168643,35.55257],[-79.134028,35.534778]]}},{"type":"Feature","properties":{"site_id":"OSM-w371383767","role":"line","kv":230.0,"nearest":true,"intersects_site":true,"distance_km":null},"geometry":{"type":"LineString","coordinates":[[-78.854081,35.582488],[-78.857584,35.583833],[-78.864059,35.586378],[-78.880019,35.590354],[-78.894576,35.598617]]}},{"type":"Feature","properties":{"site_id":"OSM-w1143746712","role":"line","kv":100.0,"nearest":true,"intersects_site":false,"distance_km":null},"geometry":{"type":"LineString","coordinates":[[-80.647207,35.232162],[-80.637084,35.233091],[-80.635663,35.23276],[-80.635496,35.233267]]}},{"type":"Feature","properties":{"site_id":"OSM-w1143746712","role":"connector","kv":100.0,"nearest":true,"intersects_site":false,"distance_km":0.5394386406622548},"geometry":{"type":"LineString","coordinates":[[-80.630362,35.235697],[-80.635496,35.233267]]}},{"type":"Feature","properties":{"site_id":"OSM-w1121003104","role":"line","kv":115.0,"nearest":true,"intersects_site":false,"distance_km":null},"geometry":{"type":"LineString","coordinates":[[-77.110166,35.133761],[-77.106399,35.132804],[-77.105467,35.132507],[-77.100622,35.131251],[-77.100171,35.131518],[-77.096579,35.133912],[-77.095896,35.134154],[-77.090552,35.12881],[-77.089476,35.127699],[-77.086645,35.125129],[-77.086012,35.125041],[-77.084015,35.126914],[-77.084673,35.127369],[-77.084355,35.127676]]}},{"type":"Feature","properties":{"site_id":"OSM-w1121003104","role":"connector","kv":115.0,"nearest":true,"intersects_site":false,"distance_km":0.0893249083449214},"geometry":{"type":"LineString","coordinates":[[-77.084032,35.128436],[-77.084355,35.127676]]}},{"type":"Feature","properties":{"site_id":"OSM-w440484519","role":"line","kv":100.0,"nearest":true,"intersects_site":false,"distance_km":null},"geometry":{"type":"LineString","coordinates":[[-80.31201,35.492814],[-80.333459,35.517965]]}},{"type":"Feature","properties":{"site_id":"OSM-w440484519","role":"connector","kv":100.0,"nearest":true,"intersects_site":false,"distance_km":0.15659859981496493},"geometry":{"type":"LineString","coordinates":[[-80.324966,35.505528],[-80.323549,35.506334]]}},{"type":"Feature","properties":{"site_id":"OSM-w246229420","role":"line","kv":100.0,"nearest":true,"intersects_site":false,"distance_km":null},"geometry":{"type":"LineString","coordinates":[[-80.916411,35.121261],[-80.918628,35.117928],[-80.925223,35.107577],[-80.926052,35.10633]]}},{"type":"Feature","properties":{"site_id":"OSM-w246229420","role":"connector","kv":100.0,"nearest":true,"intersects_site":false,"distance_km":0.03222087619620931},"geometry":{"type":"LineString","coordinates":[[-80.922407,35.111386],[-80.92272,35.11152]]}},{"type":"Feature","properties":{"site_id":"OSM-w353559203","role":"line","kv":115.0,"nearest":true,"intersects_site":false,"distance_km":null},"geometry":{"type":"LineString","coordinates":[[-78.5642,35.690651],[-78.565347,35.721325]]}},{"type":"Feature","properties":{"site_id":"OSM-w353559203","role":"connector","kv":115.0,"nearest":true,"intersects_site":false,"distance_km":0.021514666780532758},"geometry":{"type":"LineString","coordinates":[[-78.56513,35.70909],[-78.564892,35.709096]]}},{"type":"Feature","properties":{"site_id":"OSM-w490411362","role":"line","kv":115.0,"nearest":true,"intersects_site":false,"distance_km":null},"geometry":{"type":"LineString","coordinates":[[-78.064802,34.318847],[-78.062444,34.319377],[-78.05492,34.333254],[-78.045758,34.329763],[-78.03861,34.327219],[-78.035692,34.32536],[-78.032385,34.326622],[-78.030495,34.327308],[-78.019033,34.331606]]}},{"type":"Feature","properties":{"site_id":"OSM-w490411362","role":"connector","kv":115.0,"nearest":true,"intersects_site":false,"distance_km":0.14008583492590648},"geometry":{"type":"LineString","coordinates":[[-78.037595,34.324977],[-78.03667,34.32598]]}},{"type":"Feature","properties":{"site_id":"OSM-w377466486","role":"line","kv":230.0,"nearest":true,"intersects_site":true,"distance_km":null},"geometry":{"type":"LineString","coordinates":[[-79.041618,35.59333],[-79.039067,35.592633],[-79.03697,35.592102],[-79.032804,35.593791],[-79.028568,35.595459],[-79.026864,35.596199],[-79.020705,35.598718],[-79.018649,35.599627],[-79.016242,35.60054],[-79.004389,35.605425],[-78.999248,35.607487]]}},{"type":"Feature","properties":{"site_id":"OSM-w823560754","role":"line","kv":230.0,"nearest":true,"intersects_site":false,"distance_km":null},"geometry":{"type":"LineString","coordinates":[[-80.151203,35.080403],[-80.143259,35.074996],[-80.093904,35.046271],[-80.073698,35.03868]]}},{"type":"Feature","properties":{"site_id":"OSM-w823560754","role":"connector","kv":230.0,"nearest":true,"intersects_site":false,"distance_km":6.151451822453736},"geometry":{"type":"LineString","coordinates":[[-80.157891,35.015587],[-80.118834,35.06079]]}},{"type":"Feature","properties":{"site_id":"OSM-w1072097562","role":"line","kv":100.0,"nearest":true,"intersects_site":true,"distance_km":null},"geometry":{"type":"LineString","coordinates":[[-80.70605,35.115323],[-80.706612,35.118453],[-80.706154,35.120925],[-80.708561,35.122004],[-80.712292,35.126247],[-80.714413,35.128799],[-80.71853,35.126488],[-80.722583,35.125646],[-80.725414,35.125401],[-80.726403,35.132748],[-80.727179,35.134545],[-80.729967,35.138162],[-80.730724,35.139786],[-80.731697,35.141158],[-80.734756,35.144389],[-80.736089,35.145754],[-80.739872,35.147669],[-80.741905,35.147822]]}},{"type":"Feature","properties":{"site_id":"OSM-w190480604","role":"line","kv":230.0,"nearest":true,"intersects_site":false,"distance_km":null},"geometry":{"type":"LineString","coordinates":[[-78.770433,35.910999],[-78.765181,35.909165],[-78.763388,35.90708],[-78.76131,35.904772],[-78.75962,35.90279],[-78.759148,35.902303],[-78.758658,35.900656],[-78.758366,35.8998],[-78.761405,35.896825],[-78.76737,35.895441],[-78.767533,35.89412],[-78.767696,35.891538],[-78.7669,35.890123],[-78.766849,35.887706],[-78.766582,35.881724]]}},{"type":"Feature","properties":{"site_id":"OSM-w190480604","role":"connector","kv":230.0,"nearest":true,"intersects_site":false,"distance_km":0.33504441310580657},"geometry":{"type":"LineString","coordinates":[[-78.755643,35.897742],[-78.758498,35.899672]]}},{"type":"Feature","properties":{"site_id":"OSM-w355151997","role":"line","kv":115.0,"nearest":true,"intersects_site":false,"distance_km":null},"geometry":{"type":"LineString","coordinates":[[-78.865622,35.608035],[-78.867392,35.606682],[-78.872379,35.603462],[-78.875033,35.601813],[-78.88436,35.595819],[-78.88683,35.594009],[-78.88778,35.593353],[-78.896517,35.587031]]}},{"type":"Feature","properties":{"site_id":"OSM-w355151997","role":"connector","kv":115.0,"nearest":true,"intersects_site":false,"distance_km":0.05574241995585697},"geometry":{"type":"LineString","coordinates":[[-78.883251,35.597167],[-78.882871,35.596772]]}},{"type":"Feature","properties":{"site_id":"OSM-w735339148","role":"line","kv":100.0,"nearest":true,"intersects_site":false,"distance_km":null},"geometry":{"type":"LineString","coordinates":[[-80.703482,35.390821],[-80.70298,35.392259],[-80.70242,35.393199],[-80.702095,35.394114],[-80.702762,35.394305],[-80.701196,35.398221],[-80.700929,35.399198],[-80.701465,35.399748],[-80.701638,35.399875]]}},{"type":"Feature","properties":{"site_id":"OSM-w735339148","role":"connector","kv":100.0,"nearest":true,"intersects_site":false,"distance_km":0.32990690723703525},"geometry":{"type":"LineString","coordinates":[[-80.701372,35.402841],[-80.701638,35.399875]]}},{"type":"Feature","properties":{"site_id":"OSM-w246229422","role":"line","kv":100.0,"nearest":true,"intersects_site":true,"distance_km":null},"geometry":{"type":"LineString","coordinates":[[-80.913317,35.12534],[-80.913144,35.125197],[-80.911017,35.125305],[-80.905783,35.121937],[-80.901854,35.121742],[-80.898623,35.124524],[-80.895743,35.12685],[-80.893581,35.127127],[-80.891879,35.126495],[-80.891328,35.123813],[-80.88897,35.123728],[-80.884886,35.125817]]}},{"type":"Feature","properties":{"site_id":"OSM-w216184662","role":"line","kv":115.0,"nearest":true,"intersects_site":false,"distance_km":null},"geometry":{"type":"LineString","coordinates":[[-77.762816,35.990906],[-77.76441,35.978741],[-77.764642,35.978763],[-77.764705,35.978477]]}},{"type":"Feature","properties":{"site_id":"OSM-w216184662","role":"connector","kv":115.0,"nearest":true,"intersects_site":false,"distance_km":0.5079838076152186},"geometry":{"type":"LineString","coordinates":[[-77.760784,35.975191],[-77.764705,35.978477]]}},{"type":"Feature","properties":{"site_id":"OSM-w1192425761","role":"line","kv":115.0,"nearest":true,"intersects_site":true,"distance_km":null},"geometry":{"type":"LineString","coordinates":[[-78.47749,34.96721],[-78.474584,34.970432],[-78.47375,34.97141],[-78.472923,34.972471],[-78.468316,34.980826],[-78.470016,34.983329],[-78.457826,34.985595],[-78.440818,34.988842]]}},{"type":"Feature","properties":{"site_id":"OSM-w1332923081","role":"line","kv":115.0,"nearest":true,"intersects_site":false,"distance_km":null},"geometry":{"type":"LineString","coordinates":[[-78.844666,35.331882],[-78.844644,35.331765],[-78.844126,35.331822],[-78.843878,35.329025],[-78.843583,35.327607],[-78.843387,35.325983],[-78.844183,35.325856],[-78.849138,35.326073],[-78.850298,35.326357],[-78.870046,35.327326],[-78.873999,35.328434],[-78.877627,35.327278]]}},{"type":"Feature","properties":{"site_id":"OSM-w1332923081","role":"connector","kv":115.0,"nearest":true,"intersects_site":false,"distance_km":2.018781702689166},"geometry":{"type":"LineString","coordinates":[[-78.834128,35.348072],[-78.844126,35.331822]]}},{"type":"Feature","properties":{"site_id":"OSM-w465438481","role":"line","kv":100.0,"nearest":true,"intersects_site":false,"distance_km":null},"geometry":{"type":"LineString","coordinates":[[-78.868045,36.014246],[-78.852294,36.021977],[-78.848068,36.027095],[-78.8463,36.027024]]}},{"type":"Feature","properties":{"site_id":"OSM-w465438481","role":"connector","kv":100.0,"nearest":true,"intersects_site":false,"distance_km":0.4598939052730301},"geometry":{"type":"LineString","coordinates":[[-78.852821,36.028773],[-78.848569,36.026482]]}},{"type":"Feature","properties":{"site_id":"OSM-w1149460121","role":"line","kv":230.0,"nearest":true,"intersects_site":false,"distance_km":null},"geometry":{"type":"LineString","coordinates":[[-78.468188,35.40828],[-78.483695,35.400459],[-78.495008,35.398877],[-78.497114,35.398545],[-78.501143,35.397978],[-78.503552,35.397369],[-78.505935,35.397311],[-78.512341,35.396361],[-78.5224,35.394927],[-78.524866,35.394539],[-78.53015,35.395491],[-78.535961,35.396489],[-78.539065,35.397059],[-78.53956,35.396974]]}},{"type":"Feature","properties":{"site_id":"OSM-w1149460121","role":"connector","kv":230.0,"nearest":true,"intersects_site":false,"distance_km":2.2608297257597583},"geometry":{"type":"LineString","coordinates":[[-78.502218,35.418507],[-78.498074,35.398412]]}},{"type":"Feature","properties":{"site_id":"OSM-w81049157","role":"line","kv":100.0,"nearest":true,"intersects_site":true,"distance_km":null},"geometry":{"type":"LineString","coordinates":[[-78.778485,36.125652],[-78.777859,36.125019],[-78.778362,36.124752],[-78.774973,36.121279],[-78.774255,36.120727],[-78.773191,36.1214],[-78.77088,36.119018],[-78.775216,36.116281],[-78.776184,36.115464],[-78.776919,36.114549],[-78.777368,36.113592],[-78.777224,36.1127],[-78.777442,36.111739],[-78.777429,36.1108],[-78.777939,36.108941],[-78.768581,36.108786],[-78.769428,36.107417],[-78.768973,36.10424],[-78.770106,36.102022],[-78.767189,36.100012]]}},{"type":"Feature","properties":{"site_id":"OSM-w371382220","role":"line","kv":230.0,"nearest":true,"intersects_site":true,"distance_km":null},"geometry":{"type":"LineString","coordinates":[[-78.883504,35.59233],[-78.894414,35.598523],[-78.898611,35.600945],[-78.903727,35.603974],[-78.906312,35.605547],[-78.917922,35.612808]]}},{"type":"Feature","properties":{"site_id":"OSM-w433293752","role":"line","kv":115.0,"nearest":true,"intersects_site":true,"distance_km":null},"geometry":{"type":"LineString","coordinates":[[-78.160001,35.482332],[-78.13528,35.470138],[-78.133299,35.469125],[-78.123764,35.464409]]}},{"type":"Feature","properties":{"site_id":"OSM-w633046144","role":"line","kv":115.0,"nearest":true,"intersects_site":false,"distance_km":null},"geometry":{"type":"LineString","coordinates":[[-82.090405,35.910988],[-82.090674,35.910821],[-82.092312,35.910639],[-82.092707,35.910002],[-82.092964,35.909511],[-82.093503,35.909229],[-82.09964,35.905735],[-82.127826,35.900032]]}},{"type":"Feature","properties":{"site_id":"OSM-w633046144","role":"connector","kv":115.0,"nearest":true,"intersects_site":false,"distance_km":3.084210396488379},"geometry":{"type":"LineString","coordinates":[[-82.085906,35.938544],[-82.090405,35.910988]]}},{"type":"Feature","properties":{"site_id":"OSM-w199288448","role":"line","kv":115.0,"nearest":true,"intersects_site":true,"distance_km":null},"geometry":{"type":"LineString","coordinates":[[-78.584863,35.790941],[-78.582456,35.790294],[-78.579202,35.790152],[-78.578667,35.789873],[-78.576765,35.788732],[-78.5736,35.787846],[-78.570965,35.787161],[-78.568748,35.78652],[-78.560413,35.783899],[-78.558377,35.781805],[-78.557514,35.781271],[-78.556662,35.780775],[-78.555982,35.780814],[-78.55522,35.781164],[-78.555214,35.780696]]}},{"type":"Feature","properties":{"site_id":"OSM-w199288448","role":"line","kv":115.0,"nearest":false,"intersects_site":true,"distance_km":null},"geometry":{"type":"LineString","coordinates":[[-78.554841,35.780628],[-78.554857,35.781282],[-78.555795,35.781289],[-78.556001,35.780942],[-78.556608,35.78092],[-78.557428,35.781408],[-78.558243,35.781919],[-78.560311,35.78404],[-78.565106,35.785509],[-78.568709,35.786661],[-78.576686,35.788859],[-78.578042,35.792018],[-78.577899,35.800456],[-78.577869,35.801204],[-78.577573,35.805095],[-78.577467,35.807731]]}},{"type":"Feature","properties":{"site_id":"OSM-w1531154048","role":"line","kv":115.0,"nearest":true,"intersects_site":false,"distance_km":null},"geometry":{"type":"LineString","coordinates":[[-79.815158,35.755028],[-79.815104,35.755149],[-79.814615,35.755123],[-79.814979,35.755955],[-79.816315,35.75812],[-79.816897,35.759333],[-79.817332,35.760499],[-79.817951,35.761934],[-79.818233,35.762733],[-79.81841,35.763551],[-79.818493,35.764931],[-79.818508,35.7667],[-79.818381,35.767511],[-79.818424,35.76814],[-79.81929,35.768127],[-79.819285,35.768305]]}},{"type":"Feature","properties":{"site_id":"OSM-w1531154048","role":"connector","kv":115.0,"nearest":true,"intersects_site":false,"distance_km":0.03522281975320491},"geometry":{"type":"LineString","coordinates":[[-79.818615,35.762671],[-79.818233,35.762733]]}},{"type":"Feature","properties":{"site_id":"OSM-w1082605679","role":"line","kv":230.0,"nearest":true,"intersects_site":false,"distance_km":null},"geometry":{"type":"LineString","coordinates":[[-79.661965,34.992618],[-79.662187,34.980041],[-79.673199,34.968919],[-79.671612,34.965893],[-79.671055,34.964933],[-79.67057,34.962822],[-79.669968,34.958324],[-79.668843,34.954337],[-79.668241,34.95235],[-79.668123,34.950968],[-79.66915,34.944593],[-79.675631,34.944721],[-79.682655,34.942693],[-79.683091,34.942507]]}},{"type":"Feature","properties":{"site_id":"OSM-w1082605679","role":"connector","kv":230.0,"nearest":true,"intersects_site":false,"distance_km":5.833481119829253},"geometry":{"type":"LineString","coordinates":[[-79.6077,34.93028],[-79.66915,34.944593]]}},{"type":"Feature","properties":{"site_id":"OSM-w532076674","role":"line","kv":230.0,"nearest":true,"intersects_site":false,"distance_km":null},"geometry":{"type":"LineString","coordinates":[[-77.124127,35.141104],[-77.123994,35.140433],[-77.13789,35.124622]]}},{"type":"Feature","properties":{"site_id":"OSM-w532076674","role":"connector","kv":230.0,"nearest":true,"intersects_site":false,"distance_km":0.04661288470781456},"geometry":{"type":"LineString","coordinates":[[-77.128208,35.136361],[-77.127793,35.136115]]}},{"type":"Feature","properties":{"site_id":"OSM-w1472980719","role":"line","kv":230.0,"nearest":true,"intersects_site":false,"distance_km":null},"geometry":{"type":"LineString","coordinates":[[-77.187445,34.856309],[-77.187057,34.855926],[-77.186744,34.85528],[-77.184032,34.853416],[-77.183143,34.852731],[-77.182182,34.852229],[-77.18191,34.851812]]}},{"type":"Feature","properties":{"site_id":"OSM-w1472980719","role":"connector","kv":230.0,"nearest":true,"intersects_site":false,"distance_km":3.5696837671720165},"geometry":{"type":"LineString","coordinates":[[-77.216492,34.877813],[-77.187445,34.856309]]}},{"type":"Feature","properties":{"site_id":"OSM-w254881753","role":"line","kv":230.0,"nearest":true,"intersects_site":false,"distance_km":null},"geometry":{"type":"LineString","coordinates":[[-80.902897,35.296507],[-80.899474,35.294435],[-80.897148,35.294473],[-80.89562,35.291504],[-80.886371,35.285917],[-80.878899,35.276259],[-80.877853,35.274853],[-80.876402,35.273707],[-80.875152,35.272485],[-80.874366,35.27145],[-80.873239,35.270664],[-80.870185,35.267727]]}},{"type":"Feature","properties":{"site_id":"OSM-w254881753","role":"connector","kv":230.0,"nearest":true,"intersects_site":false,"distance_km":1.84706237073981},"geometry":{"type":"LineString","coordinates":[[-80.870253,35.296045],[-80.886371,35.285917]]}},{"type":"Feature","properties":{"site_id":"OSM-w923884519","role":"line","kv":100.0,"nearest":true,"intersects_site":false,"distance_km":null},"geometry":{"type":"LineString","coordinates":[[-80.828423,35.783872],[-80.833932,35.779156],[-80.834801,35.778697],[-80.836706,35.777763],[-80.837367,35.776771],[-80.839136,35.774378],[-80.840544,35.772725],[-80.841448,35.772727],[-80.843318,35.771919],[-80.84322,35.769431],[-80.845185,35.767032],[-80.846124,35.765682],[-80.849776,35.761241],[-80.850493,35.759446],[-80.851698,35.75659]]}},{"type":"Feature","properties":{"site_id":"OSM-w923884519","role":"connector","kv":100.0,"nearest":true,"intersects_site":false,"distance_km":0.3012979203780919},"geometry":{"type":"LineString","coordinates":[[-80.837501,35.771543],[-80.840259,35.773067]]}},{"type":"Feature","properties":{"site_id":"OSM-w440956656","role":"line","kv":100.0,"nearest":true,"intersects_site":true,"distance_km":null},"geometry":{"type":"LineString","coordinates":[[-80.091892,36.035488],[-80.102758,36.033633],[-80.125186,36.026577]]}},{"type":"Feature","properties":{"site_id":"OSM-w961447257","role":"line","kv":230.0,"nearest":true,"intersects_site":false,"distance_km":null},"geometry":{"type":"LineString","coordinates":[[-79.072915,35.609807],[-79.076618,35.612707],[-79.080438,35.617632],[-79.082365,35.62005],[-79.085815,35.624547],[-79.089209,35.628865],[-79.091211,35.631469],[-79.092074,35.632511],[-79.099087,35.641465]]}},{"type":"Feature","properties":{"site_id":"OSM-w961447257","role":"connector","kv":230.0,"nearest":true,"intersects_site":false,"distance_km":1.0829612825575177},"geometry":{"type":"LineString","coordinates":[[-79.096856,35.620508],[-79.086825,35.625819]]}},{"type":"Feature","properties":{"site_id":"OSM-w909469931","role":"line","kv":100.0,"nearest":true,"intersects_site":false,"distance_km":null},"geometry":{"type":"LineString","coordinates":[[-80.522965,35.909037],[-80.513903,35.914392],[-80.511226,35.91604],[-80.504656,35.920186],[-80.497724,35.924432],[-80.496485,35.925235],[-80.493461,35.9271],[-80.487879,35.930608],[-80.486437,35.931478],[-80.469071,35.942249],[-80.461536,35.947083],[-80.458266,35.949143]]}},{"type":"Feature","properties":{"site_id":"OSM-w909469931","role":"connector","kv":100.0,"nearest":true,"intersects_site":false,"distance_km":4.792479428895479},"geometry":{"type":"LineString","coordinates":[[-80.523149,35.963044],[-80.490815,35.928774]]}},{"type":"Feature","properties":{"site_id":"OSM-w825415945","role":"line","kv":230.0,"nearest":true,"intersects_site":false,"distance_km":null},"geometry":{"type":"LineString","coordinates":[[-78.827566,35.098867],[-78.828345,35.097586],[-78.828417,35.096575],[-78.829394,35.086614],[-78.829616,35.083986],[-78.831279,35.076362],[-78.834165,35.062611],[-78.836191,35.055346],[-78.835503,35.051479],[-78.833195,35.037582],[-78.838423,35.033474]]}},{"type":"Feature","properties":{"site_id":"OSM-w825415945","role":"connector","kv":230.0,"nearest":true,"intersects_site":false,"distance_km":2.1717960259685203},"geometry":{"type":"LineString","coordinates":[[-78.857916,35.065091],[-78.83468,35.060812]]}},{"type":"Feature","properties":{"site_id":"OSM-w495237162","role":"line","kv":100.0,"nearest":true,"intersects_site":false,"distance_km":null},"geometry":{"type":"LineString","coordinates":[[-81.990379,35.694513],[-81.988671,35.698254],[-81.986888,35.69882]]}},{"type":"Feature","properties":{"site_id":"OSM-w495237162","role":"connector","kv":100.0,"nearest":true,"intersects_site":false,"distance_km":6.108909131317768},"geometry":{"type":"LineString","coordinates":[[-82.010249,35.750483],[-81.986888,35.69882]]}},{"type":"Feature","properties":{"site_id":"OSM-w325933951","role":"line","kv":69.0,"nearest":true,"intersects_site":false,"distance_km":null},"geometry":{"type":"LineString","coordinates":[[-79.459658,36.547384],[-79.459919,36.54741],[-79.459909,36.54752],[-79.462092,36.547891],[-79.465658,36.54667],[-79.466318,36.546997],[-79.467234,36.54738],[-79.469177,36.547013],[-79.47062,36.548584],[-79.474998,36.547836],[-79.481347,36.548852],[-79.482493,36.549059],[-79.486044,36.551621],[-79.49246,36.551494]]}},{"type":"Feature","properties":{"site_id":"OSM-w325933951","role":"connector","kv":69.0,"nearest":true,"intersects_site":false,"distance_km":0.867072711899297},"geometry":{"type":"LineString","coordinates":[[-79.463596,36.539037],[-79.465658,36.54667]]}},{"type":"Feature","properties":{"site_id":"OSM-w577613352","role":"line","kv":100.0,"nearest":true,"intersects_site":true,"distance_km":null},"geometry":{"type":"LineString","coordinates":[[-80.720006,35.317752],[-80.728045,35.312398],[-80.728854,35.313051],[-80.729337,35.313286]]}},{"type":"Feature","properties":{"site_id":"OSM-w577613352","role":"line","kv":100.0,"nearest":false,"intersects_site":true,"distance_km":null},"geometry":{"type":"LineString","coordinates":[[-80.702048,35.324108],[-80.706773,35.326485],[-80.715356,35.320841],[-80.713809,35.317539],[-80.717167,35.315965],[-80.71836,35.317621],[-80.720006,35.317752],[-80.720843,35.3186],[-80.723052,35.325274],[-80.727067,35.324844],[-80.729949,35.32457],[-80.731024,35.325515],[-80.733645,35.327474],[-80.736677,35.327951]]}},{"type":"Feature","properties":{"site_id":"OSM-w454302117","role":"line","kv":100.0,"nearest":true,"intersects_site":false,"distance_km":null},"geometry":{"type":"LineString","coordinates":[[-80.712723,35.364084],[-80.709186,35.367725],[-80.708596,35.369602],[-80.705256,35.373459],[-80.702391,35.374234],[-80.702,35.373929],[-80.70124,35.372991],[-80.697955,35.37129],[-80.695019,35.368692],[-80.688343,35.368132],[-80.686239,35.364115],[-80.683128,35.366241],[-80.679764,35.366186]]}},{"type":"Feature","properties":{"site_id":"OSM-w454302117","role":"connector","kv":100.0,"nearest":true,"intersects_site":false,"distance_km":0.002806518716314939},"geometry":{"type":"LineString","coordinates":[[-80.701457,35.373305],[-80.701483,35.37329]]}},{"type":"Feature","properties":{"site_id":"OSM-w732702835","role":"line","kv":100.0,"nearest":true,"intersects_site":false,"distance_km":null},"geometry":{"type":"LineString","coordinates":[[-79.767845,36.01026],[-79.756644,36.010425],[-79.756799,36.012822],[-79.749212,36.013134],[-79.746993,36.012743],[-79.730458,36.017288]]}},{"type":"Feature","properties":{"site_id":"OSM-w732702835","role":"connector","kv":100.0,"nearest":true,"intersects_site":false,"distance_km":0.00453799659664242},"geometry":{"type":"LineString","coordinates":[[-79.746997,36.012702],[-79.746993,36.012743]]}},{"type":"Feature","properties":{"site_id":"OSM-w1320833014","role":"line","kv":115.0,"nearest":true,"intersects_site":false,"distance_km":null},"geometry":{"type":"LineString","coordinates":[[-77.855975,34.803266],[-77.85451,34.80501],[-77.849523,34.812298],[-77.831839,34.839258]]}},{"type":"Feature","properties":{"site_id":"OSM-w1320833014","role":"connector","kv":115.0,"nearest":true,"intersects_site":false,"distance_km":1.208872800741346},"geometry":{"type":"LineString","coordinates":[[-77.830996,34.817658],[-77.842618,34.822845]]}},{"type":"Feature","properties":{"site_id":"OSM-w873277787","role":"line","kv":500.0,"nearest":true,"intersects_site":false,"distance_km":null},"geometry":{"type":"LineString","coordinates":[[-81.195876,35.373787],[-81.180662,35.375912],[-81.176874,35.376411],[-81.170072,35.377391],[-81.16298,35.378362],[-81.154099,35.37962]]}},{"type":"Feature","properties":{"site_id":"OSM-w873277787","role":"connector","kv":500.0,"nearest":true,"intersects_site":false,"distance_km":0.3787080050561958},"geometry":{"type":"LineString","coordinates":[[-81.170635,35.380775],[-81.169936,35.37741]]}},{"type":"Feature","properties":{"site_id":"OSM-w1062142282","role":"line","kv":100.0,"nearest":true,"intersects_site":false,"distance_km":null},"geometry":{"type":"LineString","coordinates":[[-81.551076,35.894661],[-81.550562,35.895735],[-81.550278,35.895694]]}},{"type":"Feature","properties":{"site_id":"OSM-w1062142282","role":"connector","kv":100.0,"nearest":true,"intersects_site":false,"distance_km":4.354884951397771},"geometry":{"type":"LineString","coordinates":[[-81.591822,35.916078],[-81.550562,35.895735]]}},{"type":"Feature","properties":{"site_id":"OSM-w33068837","role":"line","kv":100.0,"nearest":true,"intersects_site":false,"distance_km":null},"geometry":{"type":"LineString","coordinates":[[-79.117455,35.896921],[-79.117374,35.897965],[-79.11732,35.899482],[-79.117409,35.900414],[-79.117591,35.901743],[-79.117355,35.903538],[-79.117599,35.905039],[-79.11758,35.905621],[-79.119308,35.908396],[-79.119053,35.912104],[-79.118809,35.912434],[-79.118825,35.917189],[-79.118916,35.918762],[-79.115392,35.924277],[-79.114258,35.928137],[-79.11572,35.930658],[-79.119475,35.935412],[-79.119087,35.938975],[-79.119447,35.939142],[-79.119264,35.943977],[-79.117055,35.945874],[-79.117901,35.946378],[-79.121232,35.947074],[-79.121936,35.947399],[-79.125473,35.948271],[-79.127631,35.949727],[-79.127984,35.952505],[-79.128024,35.957485],[-79.127559,35.959563],[-79.127294,35.964234],[-79.112985,35.964062],[-79.111785,35.963851],[-79.107939,35.963814]]}},{"type":"Feature","properties":{"site_id":"OSM-w33068837","role":"connector","kv":100.0,"nearest":true,"intersects_site":false,"distance_km":2.2826944137844074},"geometry":{"type":"LineString","coordinates":[[-79.144623,35.933175],[-79.119475,35.935412]]}},{"type":"Feature","properties":{"site_id":"OSM-w842866775","role":"line","kv":115.0,"nearest":true,"intersects_site":false,"distance_km":null},"geometry":{"type":"LineString","coordinates":[[-82.698809,35.515119],[-82.691674,35.515891],[-82.672872,35.522393],[-82.669676,35.52346],[-82.65926,35.52568],[-82.656868,35.526164],[-82.647542,35.53149],[-82.641724,35.534886]]}},{"type":"Feature","properties":{"site_id":"OSM-w842866775","role":"connector","kv":115.0,"nearest":true,"intersects_site":false,"distance_km":1.035071661773686},"geometry":{"type":"LineString","coordinates":[[-82.666615,35.533763],[-82.663758,35.52473]]}},{"type":"Feature","properties":{"site_id":"OSM-w1410467650","role":"line","kv":100.0,"nearest":true,"intersects_site":false,"distance_km":null},"geometry":{"type":"LineString","coordinates":[[-80.904531,35.803915],[-80.905096,35.803863],[-80.907224,35.802877],[-80.90868,35.802263],[-80.914721,35.8017],[-80.919749,35.799685],[-80.922099,35.799332],[-80.925765,35.798707],[-80.92822,35.798757],[-80.929811,35.798762],[-80.931013,35.798731],[-80.935574,35.800906],[-80.936499,35.802123],[-80.938804,35.80201],[-80.93968,35.801815]]}},{"type":"Feature","properties":{"site_id":"OSM-w1410467650","role":"connector","kv":100.0,"nearest":true,"intersects_site":false,"distance_km":0.058235641598389155},"geometry":{"type":"LineString","coordinates":[[-80.920125,35.800162],[-80.920009,35.799646]]}},{"type":"Feature","properties":{"site_id":"OSM-w310743095","role":"line","kv":115.0,"nearest":true,"intersects_site":false,"distance_km":null},"geometry":{"type":"LineString","coordinates":[[-78.384887,36.350309],[-78.384578,36.350444],[-78.396756,36.353845],[-78.402445,36.355121]]}},{"type":"Feature","properties":{"site_id":"OSM-w310743095","role":"connector","kv":115.0,"nearest":true,"intersects_site":false,"distance_km":2.8996646772102017},"geometry":{"type":"LineString","coordinates":[[-78.358286,36.365626],[-78.384578,36.350444]]}},{"type":"Feature","properties":{"site_id":"OSM-w563389979","role":"line","kv":69.0,"nearest":true,"intersects_site":false,"distance_km":null},"geometry":{"type":"LineString","coordinates":[[-77.817614,36.049393],[-77.817961,36.049478],[-77.818316,36.04825],[-77.818586,36.044738],[-77.818792,36.043991],[-77.817536,36.03975],[-77.816948,36.037634],[-77.816396,36.036635],[-77.814727,36.034478]]}},{"type":"Feature","properties":{"site_id":"OSM-w563389979","role":"connector","kv":69.0,"nearest":true,"intersects_site":false,"distance_km":1.6422886852561007},"geometry":{"type":"LineString","coordinates":[[-77.830748,36.060026],[-77.817961,36.049478]]}},{"type":"Feature","properties":{"site_id":"OSM-w897546409","role":"line","kv":100.0,"nearest":true,"intersects_site":false,"distance_km":null},"geometry":{"type":"LineString","coordinates":[[-80.633027,35.040483],[-80.632646,35.040865],[-80.632759,35.040935]]}},{"type":"Feature","properties":{"site_id":"OSM-w897546409","role":"connector","kv":100.0,"nearest":true,"intersects_site":false,"distance_km":1.7661302262420882},"geometry":{"type":"LineString","coordinates":[[-80.614296,35.035795],[-80.632646,35.040865]]}},{"type":"Feature","properties":{"site_id":"OSM-w1470377630","role":"line","kv":230.0,"nearest":true,"intersects_site":false,"distance_km":null},"geometry":{"type":"LineString","coordinates":[[-77.124023,35.141332],[-77.12424,35.141839],[-77.135548,35.139303],[-77.149836,35.142977],[-77.155871,35.141908],[-77.15666,35.142097]]}},{"type":"Feature","properties":{"site_id":"OSM-w1470377630","role":"connector","kv":230.0,"nearest":true,"intersects_site":false,"distance_km":0.07742792389654346},"geometry":{"type":"LineString","coordinates":[[-77.144827,35.142415],[-77.145077,35.141748]]}},{"type":"Feature","properties":{"site_id":"OSM-w842835292","role":"line","kv":115.0,"nearest":true,"intersects_site":false,"distance_km":null},"geometry":{"type":"LineString","coordinates":[[-82.656306,35.69012],[-82.656958,35.691382],[-82.657673,35.692878],[-82.658495,35.694347],[-82.660517,35.69837],[-82.662156,35.701373],[-82.665462,35.707577],[-82.669016,35.714387],[-82.670205,35.716564],[-82.678226,35.731781],[-82.682877,35.740516]]}},{"type":"Feature","properties":{"site_id":"OSM-w842835292","role":"connector","kv":115.0,"nearest":true,"intersects_site":false,"distance_km":2.3553041573612927},"geometry":{"type":"LineString","coordinates":[[-82.644943,35.722471],[-82.668926,35.714215]]}},{"type":"Feature","properties":{"site_id":"OSM-w216250284","role":"line","kv":115.0,"nearest":true,"intersects_site":false,"distance_km":null},"geometry":{"type":"LineString","coordinates":[[-77.759489,35.997362],[-77.759585,35.99611],[-77.762108,35.996317],[-77.76441,35.978741],[-77.764642,35.978763],[-77.764705,35.978477]]}},{"type":"Feature","properties":{"site_id":"OSM-w216250284","role":"connector","kv":115.0,"nearest":true,"intersects_site":false,"distance_km":1.2857783888693188},"geometry":{"type":"LineString","coordinates":[[-77.750709,35.975537],[-77.76441,35.978741]]}},{"type":"Feature","properties":{"site_id":"OSM-w1470377629","role":"line","kv":230.0,"nearest":true,"intersects_site":false,"distance_km":null},"geometry":{"type":"LineString","coordinates":[[-77.132231,35.140061],[-77.135548,35.139303],[-77.149836,35.142977],[-77.155871,35.141908],[-77.157476,35.142292],[-77.169108,35.144914]]}},{"type":"Feature","properties":{"site_id":"OSM-w1470377629","role":"connector","kv":230.0,"nearest":true,"intersects_site":false,"distance_km":0.07313473875243245},"geometry":{"type":"LineString","coordinates":[[-77.149598,35.143607],[-77.149836,35.142977]]}},{"type":"Feature","properties":{"site_id":"OSM-r17080386","role":"line","kv":230.0,"nearest":true,"intersects_site":false,"distance_km":null},"geometry":{"type":"LineString","coordinates":[[-78.745912,35.854517],[-78.741276,35.850083],[-78.734394,35.843322],[-78.733501,35.842559],[-78.728239,35.837348],[-78.722532,35.831851],[-78.716584,35.825664],[-78.712321,35.821817]]}},{"type":"Feature","properties":{"site_id":"OSM-r17080386","role":"connector","kv":230.0,"nearest":true,"intersects_site":false,"distance_km":1.131227428350254},"geometry":{"type":"LineString","coordinates":[[-78.716762,35.842112],[-78.726352,35.835556]]}},{"type":"Feature","properties":{"site_id":"OSM-w842866760","role":"line","kv":115.0,"nearest":true,"intersects_site":false,"distance_km":null},"geometry":{"type":"LineString","coordinates":[[-82.854839,35.541086],[-82.857884,35.543857],[-82.859484,35.546147],[-82.873933,35.558237],[-82.879343,35.563578]]}},{"type":"Feature","properties":{"site_id":"OSM-w842866760","role":"connector","kv":115.0,"nearest":true,"intersects_site":false,"distance_km":0.39842261996270933},"geometry":{"type":"LineString","coordinates":[[-82.871134,35.550751],[-82.868002,35.553271]]}},{"type":"Feature","properties":{"site_id":"OSM-r13241582","role":"line","kv":230.0,"nearest":true,"intersects_site":false,"distance_km":null},"geometry":{"type":"LineString","coordinates":[[-79.071064,36.480934],[-79.07094,36.481308],[-79.069994,36.481126],[-79.064794,36.48166],[-79.056381,36.485629],[-79.053064,36.483148],[-79.053266,36.4823],[-79.053338,36.481852]]}},{"type":"Feature","properties":{"site_id":"OSM-r13241582","role":"connector","kv":230.0,"nearest":true,"intersects_site":false,"distance_km":0.03551290625504318},"geometry":{"type":"LineString","coordinates":[[-79.060893,36.48314],[-79.061092,36.483416]]}},{"type":"Feature","properties":{"site_id":"OSM-w352387309","role":"line","kv":100.0,"nearest":true,"intersects_site":false,"distance_km":null},"geometry":{"type":"LineString","coordinates":[[-80.795592,36.264108],[-80.795827,36.264125],[-80.797076,36.264481],[-80.798964,36.265049],[-80.824562,36.272407],[-80.828117,36.274942],[-80.82971,36.276122],[-80.831614,36.277437],[-80.833457,36.278769]]}},{"type":"Feature","properties":{"site_id":"OSM-w352387309","role":"connector","kv":100.0,"nearest":true,"intersects_site":false,"distance_km":0.3116007657042875},"geometry":{"type":"LineString","coordinates":[[-80.816799,36.267196],[-80.815648,36.269844]]}},{"type":"Feature","properties":{"site_id":"OSM-w631661952","role":"line","kv":100.0,"nearest":true,"intersects_site":false,"distance_km":null},"geometry":{"type":"LineString","coordinates":[[-80.823796,35.045319],[-80.824202,35.045096],[-80.82428,35.045193]]}},{"type":"Feature","properties":{"site_id":"OSM-w631661952","role":"connector","kv":100.0,"nearest":true,"intersects_site":false,"distance_km":3.6148629999662454},"geometry":{"type":"LineString","coordinates":[[-80.843507,35.016639],[-80.824202,35.045096]]}},{"type":"Feature","properties":{"site_id":"OSM-w768586032","role":"line","kv":100.0,"nearest":true,"intersects_site":false,"distance_km":null},"geometry":{"type":"LineString","coordinates":[[-79.696987,36.11067],[-79.704345,36.110034],[-79.705993,36.10986],[-79.709332,36.109425],[-79.71258,36.109149],[-79.715805,36.109017],[-79.7334,36.107559],[-79.733664,36.107467]]}},{"type":"Feature","properties":{"site_id":"OSM-w768586032","role":"connector","kv":100.0,"nearest":true,"intersects_site":false,"distance_km":0.4310290283072816},"geometry":{"type":"LineString","coordinates":[[-79.719543,36.112613],[-79.71906,36.108749]]}},{"type":"Feature","properties":{"site_id":"OSM-w1467297965","role":"line","kv":161.0,"nearest":true,"intersects_site":false,"distance_km":null},"geometry":{"type":"LineString","coordinates":[[-83.676105,35.272468],[-83.673767,35.274175],[-83.660867,35.27592],[-83.655237,35.27432],[-83.612141,35.267962]]}},{"type":"Feature","properties":{"site_id":"OSM-w1467297965","role":"connector","kv":161.0,"nearest":true,"intersects_site":false,"distance_km":3.2038111241603553},"geometry":{"type":"LineString","coordinates":[[-83.654245,35.304286],[-83.660867,35.27592]]}},{"type":"Feature","properties":{"site_id":"OSM-w170237612","role":"line","kv":230.0,"nearest":true,"intersects_site":false,"distance_km":null},"geometry":{"type":"LineString","coordinates":[[-78.763647,35.871841],[-78.760218,35.868446],[-78.759491,35.867812],[-78.751173,35.859719],[-78.749304,35.857941],[-78.748124,35.856659],[-78.741276,35.850083],[-78.734394,35.843322],[-78.733501,35.842559],[-78.728239,35.837348],[-78.726617,35.835809]]}},{"type":"Feature","properties":{"site_id":"OSM-w170237612","role":"connector","kv":230.0,"nearest":true,"intersects_site":false,"distance_km":2.2611834122861456},"geometry":{"type":"LineString","coordinates":[[-78.764267,35.840626],[-78.745149,35.853782]]}},{"type":"Feature","properties":{"site_id":"OSM-w340025051","role":"line","kv":100.0,"nearest":true,"intersects_site":false,"distance_km":null},"geometry":{"type":"LineString","coordinates":[[-80.295567,36.206963],[-80.293182,36.204166],[-80.292827,36.199766],[-80.296887,36.199351],[-80.299106,36.181337]]}},{"type":"Feature","properties":{"site_id":"OSM-w340025051","role":"connector","kv":100.0,"nearest":true,"intersects_site":false,"distance_km":0.5123402166886762},"geometry":{"type":"LineString","coordinates":[[-80.292141,36.191427],[-80.297807,36.191901]]}},{"type":"Feature","properties":{"site_id":"OSM-w1121003105","role":"line","kv":115.0,"nearest":true,"intersects_site":false,"distance_km":null},"geometry":{"type":"LineString","coordinates":[[-77.115554,35.135155],[-77.106399,35.132804],[-77.105467,35.132507],[-77.100622,35.131251],[-77.100171,35.131518],[-77.096579,35.133912],[-77.095896,35.134154],[-77.090552,35.12881],[-77.089476,35.127699],[-77.086645,35.125129],[-77.086012,35.125041],[-77.084015,35.126914],[-77.084673,35.127369],[-77.084355,35.127676]]}},{"type":"Feature","properties":{"site_id":"OSM-w1121003105","role":"connector","kv":115.0,"nearest":true,"intersects_site":false,"distance_km":1.2183983391619777},"geometry":{"type":"LineString","coordinates":[[-77.086901,35.142281],[-77.095896,35.134154]]}},{"type":"Feature","properties":{"site_id":"OSM-w438715258","role":"line","kv":230.0,"nearest":true,"intersects_site":false,"distance_km":null},"geometry":{"type":"LineString","coordinates":[[-78.434912,35.752162],[-78.421199,35.736601],[-78.417547,35.732495],[-78.410685,35.724662],[-78.40723,35.722268],[-78.402847,35.71916]]}},{"type":"Feature","properties":{"site_id":"OSM-w438715258","role":"connector","kv":230.0,"nearest":true,"intersects_site":false,"distance_km":1.735223489040895},"geometry":{"type":"LineString","coordinates":[[-78.433664,35.723973],[-78.418143,35.733164]]}},{"type":"Feature","properties":{"site_id":"OSM-w795842055","role":"line","kv":500.0,"nearest":true,"intersects_site":false,"distance_km":null},"geometry":{"type":"LineString","coordinates":[[-81.513908,35.345156],[-81.497923,35.345262],[-81.489715,35.345358],[-81.480145,35.345376],[-81.47433,35.345455],[-81.468376,35.345463],[-81.45711,35.345603],[-81.45077,35.345802]]}},{"type":"Feature","properties":{"site_id":"OSM-w795842055","role":"connector","kv":500.0,"nearest":true,"intersects_site":false,"distance_km":1.1573177027813364},"geometry":{"type":"LineString","coordinates":[[-81.485338,35.334926],[-81.485338,35.345358]]}},{"type":"Feature","properties":{"site_id":"OSM-w262434458","role":"line","kv":115.0,"nearest":true,"intersects_site":true,"distance_km":null},"geometry":{"type":"LineString","coordinates":[[-78.572122,35.787454],[-78.570965,35.787161],[-78.568748,35.78652],[-78.560413,35.783899],[-78.558377,35.781805],[-78.557514,35.781271],[-78.556662,35.780775],[-78.555982,35.780814],[-78.55522,35.781164],[-78.555214,35.780696]]}},{"type":"Feature","properties":{"site_id":"OSM-w262434458","role":"line","kv":115.0,"nearest":false,"intersects_site":true,"distance_km":null},"geometry":{"type":"LineString","coordinates":[[-78.554841,35.780628],[-78.554857,35.781282],[-78.555795,35.781289],[-78.556001,35.780942],[-78.556608,35.78092],[-78.557428,35.781408],[-78.558243,35.781919],[-78.560311,35.78404],[-78.565106,35.785509],[-78.568709,35.786661],[-78.572121,35.787601]]}},{"type":"Feature","properties":{"site_id":"OSM-w262434458","role":"line","kv":230.0,"nearest":false,"intersects_site":true,"distance_km":null},"geometry":{"type":"LineString","coordinates":[[-78.553926,35.781148],[-78.55477,35.78282],[-78.554856,35.800523]]}},{"type":"Feature","properties":{"site_id":"OSM-w262434458","role":"line","kv":115.0,"nearest":false,"intersects_site":true,"distance_km":null},"geometry":{"type":"LineString","coordinates":[[-78.554746,35.780631],[-78.554754,35.78136],[-78.555027,35.782669],[-78.555092,35.800523]]}},{"type":"Feature","properties":{"site_id":"OSM-w432240685","role":"line","kv":115.0,"nearest":true,"intersects_site":false,"distance_km":null},"geometry":{"type":"LineString","coordinates":[[-78.48808,36.057619],[-78.478788,36.086406]]}},{"type":"Feature","properties":{"site_id":"OSM-w432240685","role":"connector","kv":115.0,"nearest":true,"intersects_site":false,"distance_km":0.2846538994245943},"geometry":{"type":"LineString","coordinates":[[-78.486979,36.071188],[-78.483926,36.070527]]}},{"type":"Feature","properties":{"site_id":"OSM-r14275078","role":"line","kv":100.0,"nearest":true,"intersects_site":false,"distance_km":null},"geometry":{"type":"LineString","coordinates":[[-78.986115,36.174164],[-78.985806,36.177246],[-78.992359,36.187864],[-78.992962,36.188783],[-78.997624,36.20314],[-78.999284,36.211163],[-79.000797,36.211992],[-79.000666,36.212171]]}},{"type":"Feature","properties":{"site_id":"OSM-r14275078","role":"connector","kv":100.0,"nearest":true,"intersects_site":false,"distance_km":3.873901055559681},"geometry":{"type":"LineString","coordinates":[[-78.957295,36.218978],[-78.999284,36.211163]]}},{"type":"Feature","properties":{"site_id":"OSM-w839950694","role":"line","kv":500.0,"nearest":true,"intersects_site":false,"distance_km":null},"geometry":{"type":"LineString","coordinates":[[-80.572912,35.732014],[-80.559612,35.741147],[-80.536952,35.741856]]}},{"type":"Feature","properties":{"site_id":"OSM-w839950694","role":"connector","kv":500.0,"nearest":true,"intersects_site":false,"distance_km":0.6200495405248764},"geometry":{"type":"LineString","coordinates":[[-80.556822,35.746826],[-80.556562,35.741241]]}},{"type":"Feature","properties":{"site_id":"OSM-w192955385","role":"line","kv":100.0,"nearest":true,"intersects_site":false,"distance_km":null},"geometry":{"type":"LineString","coordinates":[[-78.878869,36.091895],[-78.877169,36.092762],[-78.869036,36.096711],[-78.860233,36.092377],[-78.85422,36.089351],[-78.851788,36.08816]]}},{"type":"Feature","properties":{"site_id":"OSM-w192955385","role":"connector","kv":100.0,"nearest":true,"intersects_site":false,"distance_km":2.011058612852979},"geometry":{"type":"LineString","coordinates":[[-78.887386,36.075141],[-78.878869,36.091895]]}},{"type":"Feature","properties":{"site_id":"OSM-w841503472","role":"line","kv":100.0,"nearest":true,"intersects_site":false,"distance_km":null},"geometry":{"type":"LineString","coordinates":[[-79.935527,35.948896],[-79.936484,35.948976],[-79.9367,35.946697],[-79.942416,35.948081],[-79.944059,35.94681],[-79.950812,35.948422],[-79.95244,35.948009]]}},{"type":"Feature","properties":{"site_id":"OSM-w841503472","role":"connector","kv":100.0,"nearest":true,"intersects_site":false,"distance_km":0.3439830400479527},"geometry":{"type":"LineString","coordinates":[[-79.933299,35.951412],[-79.935527,35.948896]]}},{"type":"Feature","properties":{"site_id":"OSM-w1272071500","role":"line","kv":100.0,"nearest":true,"intersects_site":true,"distance_km":null},"geometry":{"type":"LineString","coordinates":[[-82.464023,35.352546],[-82.463311,35.353333],[-82.460163,35.356208],[-82.455505,35.356034],[-82.444998,35.355575],[-82.437051,35.352935],[-82.435593,35.353342]]}},{"type":"Feature","properties":{"site_id":"OSM-w931425868","role":"line","kv":230.0,"nearest":true,"intersects_site":false,"distance_km":null},"geometry":{"type":"LineString","coordinates":[[-78.085201,35.817155],[-78.089133,35.814881],[-78.091222,35.813622],[-78.112103,35.80142],[-78.11389,35.801567],[-78.118762,35.80189],[-78.12537,35.802207],[-78.146084,35.801495]]}},{"type":"Feature","properties":{"site_id":"OSM-w931425868","role":"connector","kv":230.0,"nearest":true,"intersects_site":false,"distance_km":4.5553730471723695},"geometry":{"type":"LineString","coordinates":[[-78.084489,35.767075],[-78.112103,35.80142]]}},{"type":"Feature","properties":{"site_id":"OSM-w1448499121","role":"line","kv":100.0,"nearest":true,"intersects_site":true,"distance_km":null},"geometry":{"type":"LineString","coordinates":[[-81.307602,35.714297],[-81.306331,35.714731],[-81.303966,35.713404],[-81.302723,35.712588],[-81.300856,35.711499],[-81.295684,35.712692],[-81.295206,35.718738],[-81.292581,35.719651],[-81.285509,35.72203]]}},{"type":"Feature","properties":{"site_id":"OSM-w344039944","role":"line","kv":100.0,"nearest":true,"intersects_site":true,"distance_km":null},"geometry":{"type":"LineString","coordinates":[[-80.177419,35.842315],[-80.167881,35.846009],[-80.156774,35.845614],[-80.150691,35.851166],[-80.15002,35.852936],[-80.144007,35.855264]]}},{"type":"Feature","properties":{"site_id":"OSM-w877661333","role":"line","kv":230.0,"nearest":true,"intersects_site":true,"distance_km":null},"geometry":{"type":"LineString","coordinates":[[-81.031927,35.433304],[-81.028998,35.426031],[-81.012196,35.430638],[-81.008849,35.430909],[-81.00406,35.42973]]}},{"type":"Feature","properties":{"site_id":"OSM-w37503139","role":"line","kv":115.0,"nearest":true,"intersects_site":false,"distance_km":null},"geometry":{"type":"LineString","coordinates":[[-78.093243,35.379625],[-78.092734,35.380283],[-78.089143,35.380273],[-78.089164,35.381604],[-78.085091,35.382769],[-78.08291,35.383588],[-78.072192,35.387469],[-78.070047,35.387255],[-78.06781,35.386177],[-78.057393,35.381333]]}},{"type":"Feature","properties":{"site_id":"OSM-w37503139","role":"connector","kv":115.0,"nearest":true,"intersects_site":false,"distance_km":0.03851677778521565},"geometry":{"type":"LineString","coordinates":[[-78.081698,35.383645],[-78.081869,35.383963]]}},{"type":"Feature","properties":{"site_id":"OSM-w377180168","role":"line","kv":100.0,"nearest":true,"intersects_site":false,"distance_km":null},"geometry":{"type":"LineString","coordinates":[[-79.896724,35.96177],[-79.918804,35.947676],[-79.933588,35.945855],[-79.934289,35.94605]]}},{"type":"Feature","properties":{"site_id":"OSM-w377180168","role":"connector","kv":100.0,"nearest":true,"intersects_site":false,"distance_km":0.5840107949534892},"geometry":{"type":"LineString","coordinates":[[-79.915295,35.956608],[-79.911323,35.952452]]}},{"type":"Feature","properties":{"site_id":"OSM-w830182886","role":"line","kv":230.0,"nearest":true,"intersects_site":false,"distance_km":null},"geometry":{"type":"LineString","coordinates":[[-82.599587,35.703802],[-82.606571,35.688403],[-82.610225,35.677069]]}},{"type":"Feature","properties":{"site_id":"OSM-w830182886","role":"connector","kv":230.0,"nearest":true,"intersects_site":false,"distance_km":0.054798914436145284},"geometry":{"type":"LineString","coordinates":[[-82.607175,35.68847],[-82.606589,35.688346]]}},{"type":"Feature","properties":{"site_id":"OSM-w140876654","role":"line","kv":100.0,"nearest":true,"intersects_site":false,"distance_km":null},"geometry":{"type":"LineString","coordinates":[[-80.597967,36.486854],[-80.597579,36.492554],[-80.597359,36.494646],[-80.597403,36.495441],[-80.603116,36.506763],[-80.603092,36.50717]]}},{"type":"Feature","properties":{"site_id":"OSM-w140876654","role":"connector","kv":100.0,"nearest":true,"intersects_site":false,"distance_km":1.048637455368126},"geometry":{"type":"LineString","coordinates":[[-80.59134,36.508473],[-80.602185,36.504919]]}},{"type":"Feature","properties":{"site_id":"OSM-w683818580","role":"line","kv":230.0,"nearest":true,"intersects_site":true,"distance_km":null},"geometry":{"type":"LineString","coordinates":[[-81.029214,35.426569],[-81.028998,35.426031],[-81.012196,35.430638],[-81.008849,35.430909],[-80.999085,35.428505]]}},{"type":"Feature","properties":{"site_id":"OSM-w744106319","role":"line","kv":230.0,"nearest":true,"intersects_site":true,"distance_km":null},"geometry":{"type":"LineString","coordinates":[[-78.844653,35.668818],[-78.851184,35.668641],[-78.8565,35.666908],[-78.859533,35.665844],[-78.861338,35.665274],[-78.864642,35.664143],[-78.876569,35.660161]]}},{"type":"Feature","properties":{"site_id":"OSM-w1104973983","role":"line","kv":100.0,"nearest":true,"intersects_site":false,"distance_km":null},"geometry":{"type":"LineString","coordinates":[[-80.292964,36.201462],[-80.292827,36.199766],[-80.296887,36.199351],[-80.299106,36.181337]]}},{"type":"Feature","properties":{"site_id":"OSM-w1104973983","role":"connector","kv":100.0,"nearest":true,"intersects_site":false,"distance_km":0.009742179298566446},"geometry":{"type":"LineString","coordinates":[[-80.2986,36.184513],[-80.298707,36.184522]]}},{"type":"Feature","properties":{"site_id":"OSM-w952623318","role":"line","kv":100.0,"nearest":true,"intersects_site":false,"distance_km":null},"geometry":{"type":"LineString","coordinates":[[-80.253275,36.157436],[-80.262204,36.166677],[-80.274031,36.168349],[-80.285623,36.164411],[-80.28841,36.165223]]}},{"type":"Feature","properties":{"site_id":"OSM-w952623318","role":"connector","kv":100.0,"nearest":true,"intersects_site":false,"distance_km":0.8050947275651672},"geometry":{"type":"LineString","coordinates":[[-80.259687,36.17364],[-80.262204,36.166677]]}},{"type":"Feature","properties":{"site_id":"OSM-w617707939","role":"line","kv":230.0,"nearest":true,"intersects_site":false,"distance_km":null},"geometry":{"type":"LineString","coordinates":[[-79.949145,36.254474],[-79.918248,36.242093]]}},{"type":"Feature","properties":{"site_id":"OSM-w617707939","role":"connector","kv":230.0,"nearest":true,"intersects_site":false,"distance_km":0.02176253098395639},"geometry":{"type":"LineString","coordinates":[[-79.932579,36.247619],[-79.932471,36.247795]]}},{"type":"Feature","properties":{"site_id":"OSM-w939355570","role":"line","kv":115.0,"nearest":true,"intersects_site":true,"distance_km":null},"geometry":{"type":"LineString","coordinates":[[-81.703786,36.207141],[-81.703933,36.207066],[-81.705391,36.206904],[-81.705437,36.20658],[-81.70689,36.206792],[-81.70872,36.206634],[-81.709612,36.206665],[-81.714566,36.207329],[-81.715555,36.207346],[-81.716731,36.207014],[-81.717625,36.206061],[-81.718336,36.205522],[-81.719316,36.205015],[-81.720226,36.204648],[-81.721107,36.204352],[-81.722308,36.204381],[-81.723743,36.203927],[-81.725122,36.204202],[-81.725993,36.204292],[-81.727084,36.204214],[-81.72887,36.204617],[-81.730026,36.205091],[-81.73038,36.205086]]}},{"type":"Feature","properties":{"site_id":"OSM-w371742363","role":"line","kv":230.0,"nearest":true,"intersects_site":false,"distance_km":null},"geometry":{"type":"LineString","coordinates":[[-78.843331,35.710466],[-78.845931,35.709136],[-78.862007,35.701205],[-78.872132,35.696248],[-78.881078,35.691732],[-78.884961,35.689804]]}},{"type":"Feature","properties":{"site_id":"OSM-w371742363","role":"connector","kv":230.0,"nearest":true,"intersects_site":false,"distance_km":1.4942226173331767},"geometry":{"type":"LineString","coordinates":[[-78.857406,35.687749],[-78.865902,35.699298]]}},{"type":"Feature","properties":{"site_id":"OSM-w495243272","role":"line","kv":100.0,"nearest":true,"intersects_site":false,"distance_km":null},"geometry":{"type":"LineString","coordinates":[[-81.990379,35.694513],[-81.988671,35.698254],[-81.986888,35.69882]]}},{"type":"Feature","properties":{"site_id":"OSM-w495243272","role":"connector","kv":100.0,"nearest":true,"intersects_site":false,"distance_km":9.626787149113492},"geometry":{"type":"LineString","coordinates":[[-82.035005,35.776371],[-81.988671,35.698254]]}},{"type":"Feature","properties":{"site_id":"OSM-w1466485060","role":"line","kv":115.0,"nearest":true,"intersects_site":false,"distance_km":null},"geometry":{"type":"LineString","coordinates":[[-82.361213,35.606038],[-82.361185,35.606385],[-82.36128,35.60635]]}},{"type":"Feature","properties":{"site_id":"OSM-w1466485060","role":"connector","kv":115.0,"nearest":true,"intersects_site":false,"distance_km":3.8214304852427348},"geometry":{"type":"LineString","coordinates":[[-82.357704,35.640714],[-82.361185,35.606385]]}},{"type":"Feature","properties":{"site_id":"OSM-w861203254","role":"line","kv":230.0,"nearest":true,"intersects_site":false,"distance_km":null},"geometry":{"type":"LineString","coordinates":[[-80.971306,35.599873],[-80.975795,35.607015],[-80.980616,35.628007]]}},{"type":"Feature","properties":{"site_id":"OSM-w861203254","role":"connector","kv":230.0,"nearest":true,"intersects_site":false,"distance_km":0.041988432386098146},"geometry":{"type":"LineString","coordinates":[[-80.978889,35.61842],[-80.978434,35.618491]]}},{"type":"Feature","properties":{"site_id":"OSM-w957353452","role":"line","kv":115.0,"nearest":true,"intersects_site":false,"distance_km":null},"geometry":{"type":"LineString","coordinates":[[-78.459275,36.555686],[-78.459464,36.553521],[-78.46084,36.551565],[-78.461927,36.550119],[-78.462486,36.549464],[-78.464104,36.549331],[-78.46787,36.549172],[-78.468552,36.548545],[-78.468843,36.547644],[-78.469256,36.546634],[-78.474566,36.546518],[-78.482131,36.551032],[-78.48299,36.555788]]}},{"type":"Feature","properties":{"site_id":"OSM-w957353452","role":"connector","kv":115.0,"nearest":true,"intersects_site":false,"distance_km":2.8433627795150955},"geometry":{"type":"LineString","coordinates":[[-78.466833,36.521088],[-78.469256,36.546634]]}},{"type":"Feature","properties":{"site_id":"OSM-w1544822445","role":"line","kv":230.0,"nearest":true,"intersects_site":false,"distance_km":null},"geometry":{"type":"LineString","coordinates":[[-78.294071,34.030606],[-78.257734,34.022337],[-78.253502,34.021402],[-78.248474,34.01994],[-78.230328,34.014772]]}},{"type":"Feature","properties":{"site_id":"OSM-w1544822445","role":"connector","kv":230.0,"nearest":true,"intersects_site":false,"distance_km":1.6972623228451855},"geometry":{"type":"LineString","coordinates":[[-78.262505,34.039291],[-78.267356,34.024533]]}},{"type":"Feature","properties":{"site_id":"OSM-w1472980706","role":"line","kv":230.0,"nearest":true,"intersects_site":false,"distance_km":null},"geometry":{"type":"LineString","coordinates":[[-77.187445,34.856309],[-77.187057,34.855926],[-77.186744,34.85528],[-77.184032,34.853416],[-77.183143,34.852731],[-77.182182,34.852229],[-77.18191,34.851812]]}},{"type":"Feature","properties":{"site_id":"OSM-w1472980706","role":"connector","kv":230.0,"nearest":true,"intersects_site":false,"distance_km":2.737835224227869},"geometry":{"type":"LineString","coordinates":[[-77.212585,34.869718],[-77.187445,34.856309]]}},{"type":"Feature","properties":{"site_id":"OSM-w842826385","role":"line","kv":100.0,"nearest":true,"intersects_site":false,"distance_km":null},"geometry":{"type":"LineString","coordinates":[[-82.624727,35.189917],[-82.633744,35.191474],[-82.638337,35.197412]]}},{"type":"Feature","properties":{"site_id":"OSM-w842826385","role":"connector","kv":100.0,"nearest":true,"intersects_site":false,"distance_km":0.5279942668265909},"geometry":{"type":"LineString","coordinates":[[-82.620878,35.186357],[-82.624727,35.189917]]}},{"type":"Feature","properties":{"site_id":"OSM-w1022658177","role":"line","kv":230.0,"nearest":true,"intersects_site":true,"distance_km":null},"geometry":{"type":"LineString","coordinates":[[-76.206324,36.543646],[-76.1951,36.522687],[-76.186823,36.516555]]}},{"type":"Feature","properties":{"site_id":"OSM-w1022658177","role":"line","kv":230.0,"nearest":false,"intersects_site":true,"distance_km":null},"geometry":{"type":"LineString","coordinates":[[-76.206516,36.543651],[-76.19526,36.522579],[-76.18711,36.516561]]}},{"type":"Feature","properties":{"site_id":"OSM-w351881117","role":"line","kv":230.0,"nearest":true,"intersects_site":false,"distance_km":null},"geometry":{"type":"LineString","coordinates":[[-80.587465,35.817042],[-80.598647,35.812239],[-80.606909,35.807474],[-80.615437,35.80252],[-80.617793,35.801117],[-80.635943,35.790602],[-80.640649,35.78784],[-80.648427,35.784789]]}},{"type":"Feature","properties":{"site_id":"OSM-w351881117","role":"connector","kv":230.0,"nearest":true,"intersects_site":false,"distance_km":3.378551246744774},"geometry":{"type":"LineString","coordinates":[[-80.594684,35.77716],[-80.616737,35.801747]]}},{"type":"Feature","properties":{"site_id":"OSM-w323856034","role":"line","kv":100.0,"nearest":true,"intersects_site":false,"distance_km":null},"geometry":{"type":"LineString","coordinates":[[-80.041889,36.146072],[-80.041967,36.146177]]}},{"type":"Feature","properties":{"site_id":"OSM-w323856034","role":"connector","kv":100.0,"nearest":true,"intersects_site":false,"distance_km":5.275586360677641},"geometry":{"type":"LineString","coordinates":[[-80.039758,36.193687],[-80.041967,36.146177]]}},{"type":"Feature","properties":{"site_id":"OSM-w623833920","role":"line","kv":230.0,"nearest":true,"intersects_site":false,"distance_km":null},"geometry":{"type":"LineString","coordinates":[[-77.480634,34.799843],[-77.542813,34.800213],[-77.545392,34.800262],[-77.547452,34.799734],[-77.581383,34.791427]]}},{"type":"Feature","properties":{"site_id":"OSM-w623833920","role":"connector","kv":230.0,"nearest":true,"intersects_site":false,"distance_km":4.375241462389186},"geometry":{"type":"LineString","coordinates":[[-77.549607,34.839552],[-77.545392,34.800262]]}},{"type":"Feature","properties":{"site_id":"OSM-w1429373609","role":"line","kv":100.0,"nearest":true,"intersects_site":false,"distance_km":null},"geometry":{"type":"LineString","coordinates":[[-80.03515,36.325926],[-80.036494,36.324939],[-80.04866,36.314081],[-80.054317,36.311912],[-80.056037,36.311596],[-80.071259,36.306463],[-80.084322,36.300084],[-80.096646,36.296609]]}},{"type":"Feature","properties":{"site_id":"OSM-w1429373609","role":"connector","kv":100.0,"nearest":true,"intersects_site":false,"distance_km":0.6930326734615314},"geometry":{"type":"LineString","coordinates":[[-80.067336,36.314554],[-80.064367,36.30879]]}},{"type":"Feature","properties":{"site_id":"OSM-w877661311","role":"line","kv":500.0,"nearest":true,"intersects_site":false,"distance_km":null},"geometry":{"type":"LineString","coordinates":[[-81.032088,35.589885],[-81.029201,35.561717],[-81.014741,35.534365]]}},{"type":"Feature","properties":{"site_id":"OSM-w877661311","role":"connector","kv":500.0,"nearest":true,"intersects_site":false,"distance_km":3.146369833892058},"geometry":{"type":"LineString","coordinates":[[-81.060922,35.550206],[-81.029064,35.561458]]}},{"type":"Feature","properties":{"site_id":"OSM-w1219084018","role":"line","kv":230.0,"nearest":true,"intersects_site":false,"distance_km":null},"geometry":{"type":"LineString","coordinates":[[-76.370565,36.23976],[-76.34776,36.24551],[-76.34594,36.245938],[-76.342219,36.248035],[-76.337601,36.248969]]}},{"type":"Feature","properties":{"site_id":"OSM-w1219084018","role":"connector","kv":230.0,"nearest":true,"intersects_site":false,"distance_km":0.019924642184263222},"geometry":{"type":"LineString","coordinates":[[-76.356799,36.243414],[-76.356733,36.243243]]}},{"type":"Feature","properties":{"site_id":"OSM-w1222554248","role":"line","kv":115.0,"nearest":true,"intersects_site":false,"distance_km":null},"geometry":{"type":"LineString","coordinates":[[-82.090405,35.910988],[-82.090674,35.910821],[-82.092312,35.910639],[-82.092707,35.910002],[-82.092964,35.909511],[-82.093503,35.909229],[-82.09964,35.905735],[-82.103387,35.904994],[-82.10689,35.904264]]}},{"type":"Feature","properties":{"site_id":"OSM-w1222554248","role":"connector","kv":115.0,"nearest":true,"intersects_site":false,"distance_km":9.536113017326505},"geometry":{"type":"LineString","coordinates":[[-81.991394,35.941021],[-82.090405,35.910988]]}},{"type":"Feature","properties":{"site_id":"OSM-w1346437379","role":"line","kv":100.0,"nearest":true,"intersects_site":false,"distance_km":null},"geometry":{"type":"LineString","coordinates":[[-79.320381,35.952891],[-79.32153,35.952611],[-79.321568,35.952689]]}},{"type":"Feature","properties":{"site_id":"OSM-w1346437379","role":"connector","kv":100.0,"nearest":true,"intersects_site":false,"distance_km":3.118476345540476},"geometry":{"type":"LineString","coordinates":[[-79.297039,35.932162],[-79.320381,35.952891]]}},{"type":"Feature","properties":{"site_id":"OSM-w1230337520","role":"line","kv":100.0,"nearest":true,"intersects_site":false,"distance_km":null},"geometry":{"type":"LineString","coordinates":[[-82.034079,35.365956],[-82.033917,35.365882],[-82.034974,35.364703],[-82.042156,35.367315],[-82.046474,35.368457],[-82.047138,35.36848]]}},{"type":"Feature","properties":{"site_id":"OSM-w1230337520","role":"connector","kv":100.0,"nearest":true,"intersects_site":false,"distance_km":1.747537057252424},"geometry":{"type":"LineString","coordinates":[[-82.016461,35.359272],[-82.033917,35.365882]]}},{"type":"Feature","properties":{"site_id":"OSM-w447853986","role":"line","kv":230.0,"nearest":true,"intersects_site":false,"distance_km":null},"geometry":{"type":"LineString","coordinates":[[-78.100113,35.375248],[-78.096875,35.377516],[-78.095577,35.377679],[-78.095566,35.377196]]}},{"type":"Feature","properties":{"site_id":"OSM-w447853986","role":"connector","kv":230.0,"nearest":true,"intersects_site":false,"distance_km":0.34096763006318304},"geometry":{"type":"LineString","coordinates":[[-78.103819,35.375731],[-78.100113,35.375248]]}},{"type":"Feature","properties":{"site_id":"OSM-w841495554","role":"line","kv":100.0,"nearest":true,"intersects_site":false,"distance_km":null},"geometry":{"type":"LineString","coordinates":[[-80.202793,35.832542],[-80.174062,35.843603],[-80.167881,35.846009],[-80.162547,35.845829]]}},{"type":"Feature","properties":{"site_id":"OSM-w841495554","role":"connector","kv":100.0,"nearest":true,"intersects_site":false,"distance_km":0.46294790317699624},"geometry":{"type":"LineString","coordinates":[[-80.179961,35.845952],[-80.177774,35.842178]]}},{"type":"Feature","properties":{"site_id":"OSM-w1322709457","role":"line","kv":100.0,"nearest":true,"intersects_site":false,"distance_km":null},"geometry":{"type":"LineString","coordinates":[[-81.551076,35.894661],[-81.550562,35.895735],[-81.550278,35.895694]]}},{"type":"Feature","properties":{"site_id":"OSM-w1322709457","role":"connector","kv":100.0,"nearest":true,"intersects_site":false,"distance_km":7.035013095769136},"geometry":{"type":"LineString","coordinates":[[-81.486039,35.931605],[-81.550278,35.895694]]}},{"type":"Feature","properties":{"site_id":"OSM-w1480169965","role":"line","kv":230.0,"nearest":true,"intersects_site":false,"distance_km":null},"geometry":{"type":"LineString","coordinates":[[-78.766356,35.87655],[-78.766293,35.874419],[-78.762079,35.87031],[-78.760218,35.868446],[-78.759491,35.867812],[-78.751173,35.859719],[-78.749304,35.857941],[-78.748124,35.856659],[-78.741276,35.850083],[-78.734394,35.843322],[-78.733501,35.842559],[-78.731216,35.840302]]}},{"type":"Feature","properties":{"site_id":"OSM-w1480169965","role":"connector","kv":230.0,"nearest":true,"intersects_site":false,"distance_km":2.621409639685383},"geometry":{"type":"LineString","coordinates":[[-78.77261,35.843764],[-78.750517,35.859085]]}},{"type":"Feature","properties":{"site_id":"OSM-w1016911797","role":"line","kv":115.0,"nearest":true,"intersects_site":false,"distance_km":null},"geometry":{"type":"LineString","coordinates":[[-75.6402,35.976716],[-75.639278,35.974788],[-75.638433,35.973386],[-75.637903,35.972682],[-75.636717,35.971328],[-75.63595,35.970591],[-75.628331,35.96393],[-75.627571,35.96314],[-75.627146,35.962445],[-75.626275,35.960863],[-75.626071,35.960149],[-75.625607,35.957826],[-75.625393,35.957034],[-75.625127,35.956207],[-75.624513,35.954802],[-75.605516,35.920935],[-75.607877,35.920009],[-75.608319,35.920397]]}},{"type":"Feature","properties":{"site_id":"OSM-w1016911797","role":"connector","kv":115.0,"nearest":true,"intersects_site":false,"distance_km":20.878738325474508},"geometry":{"type":"LineString","coordinates":[[-75.816994,35.839332],[-75.608319,35.920397]]}},{"type":"Feature","properties":{"site_id":"OSM-w1220966419","role":"line","kv":230.0,"nearest":true,"intersects_site":false,"distance_km":null},"geometry":{"type":"LineString","coordinates":[[-81.764642,35.19216],[-81.763704,35.210229],[-81.767991,35.214105],[-81.76815,35.218124],[-81.765517,35.219173],[-81.765951,35.219999]]}},{"type":"Feature","properties":{"site_id":"OSM-w1220966419","role":"connector","kv":230.0,"nearest":true,"intersects_site":false,"distance_km":0.27196477873418884},"geometry":{"type":"LineString","coordinates":[[-81.766983,35.204653],[-81.763999,35.204548]]}},{"type":"Feature","properties":{"site_id":"OSM-w1424830287","role":"line","kv":115.0,"nearest":true,"intersects_site":false,"distance_km":null},"geometry":{"type":"LineString","coordinates":[[-82.090405,35.910988],[-82.090674,35.910821],[-82.092312,35.910639],[-82.092707,35.910002],[-82.092964,35.909511],[-82.093503,35.909229],[-82.09964,35.905735],[-82.103387,35.904994],[-82.109733,35.903678],[-82.111246,35.903402],[-82.118862,35.901853]]}},{"type":"Feature","properties":{"site_id":"OSM-w1424830287","role":"connector","kv":115.0,"nearest":true,"intersects_site":false,"distance_km":0.27337153933594377},"geometry":{"type":"LineString","coordinates":[[-82.098429,35.903477],[-82.09964,35.905735]]}},{"type":"Feature","properties":{"site_id":"OSM-w1392844413","role":"line","kv":115.0,"nearest":true,"intersects_site":false,"distance_km":null},"geometry":{"type":"LineString","coordinates":[[-81.491949,36.419957],[-81.494111,36.422768],[-81.494874,36.427296],[-81.499812,36.434956],[-81.503912,36.442117],[-81.50428,36.448589],[-81.505387,36.459491]]}},{"type":"Feature","properties":{"site_id":"OSM-w1392844413","role":"connector","kv":115.0,"nearest":true,"intersects_site":false,"distance_km":0.8864876453841336},"geometry":{"type":"LineString","coordinates":[[-81.49104,36.438666],[-81.500039,36.43536]]}},{"type":"Feature","properties":{"site_id":"OSM-w371764424","role":"line","kv":230.0,"nearest":true,"intersects_site":false,"distance_km":null},"geometry":{"type":"LineString","coordinates":[[-78.792244,35.65944],[-78.796949,35.661281],[-78.801461,35.66299],[-78.812141,35.667117],[-78.818525,35.669536],[-78.848654,35.668712]]}},{"type":"Feature","properties":{"site_id":"OSM-w371764424","role":"connector","kv":230.0,"nearest":true,"intersects_site":false,"distance_km":1.2822172055177992},"geometry":{"type":"LineString","coordinates":[[-78.812737,35.680085],[-78.818525,35.669536]]}},{"type":"Feature","properties":{"site_id":"OSM-w1220963819","role":"line","kv":230.0,"nearest":true,"intersects_site":false,"distance_km":null},"geometry":{"type":"LineString","coordinates":[[-80.976069,35.608197],[-80.981923,35.633707]]}},{"type":"Feature","properties":{"site_id":"OSM-w1220963819","role":"connector","kv":230.0,"nearest":true,"intersects_site":false,"distance_km":0.1482261848735403},"geometry":{"type":"LineString","coordinates":[[-80.97767,35.62243],[-80.979279,35.622187]]}},{"type":"Feature","properties":{"site_id":"OSM-w841503471","role":"line","kv":100.0,"nearest":true,"intersects_site":false,"distance_km":null},"geometry":{"type":"LineString","coordinates":[[-79.908066,35.954525],[-79.918804,35.947676],[-79.933588,35.945855],[-79.934289,35.94605]]}},{"type":"Feature","properties":{"site_id":"OSM-w841503471","role":"connector","kv":100.0,"nearest":true,"intersects_site":false,"distance_km":0.02258188205392548},"geometry":{"type":"LineString","coordinates":[[-79.922541,35.947428],[-79.922504,35.947227]]}},{"type":"Feature","properties":{"site_id":"OSM-w1222554249","role":"line","kv":115.0,"nearest":true,"intersects_site":false,"distance_km":null},"geometry":{"type":"LineString","coordinates":[[-82.090405,35.910988],[-82.090674,35.910821],[-82.092312,35.910639],[-82.092707,35.910002],[-82.092964,35.909511],[-82.093503,35.909229],[-82.09964,35.905735],[-82.103387,35.904994],[-82.109733,35.903678],[-82.110839,35.903476]]}},{"type":"Feature","properties":{"site_id":"OSM-w1222554249","role":"connector","kv":115.0,"nearest":true,"intersects_site":false,"distance_km":9.752245955219522},"geometry":{"type":"LineString","coordinates":[[-81.993382,35.949706],[-82.090405,35.910988]]}},{"type":"Feature","properties":{"site_id":"OSM-w842826369","role":"line","kv":100.0,"nearest":true,"intersects_site":false,"distance_km":null},"geometry":{"type":"LineString","coordinates":[[-82.80741,35.152718],[-82.80712,35.152767],[-82.798845,35.157919],[-82.789459,35.157217],[-82.788161,35.158335],[-82.784612,35.161541],[-82.782898,35.162958]]}},{"type":"Feature","properties":{"site_id":"OSM-w842826369","role":"connector","kv":100.0,"nearest":true,"intersects_site":false,"distance_km":4.478795722194299},"geometry":{"type":"LineString","coordinates":[[-82.844869,35.126578],[-82.80741,35.152718]]}},{"type":"Feature","properties":{"site_id":"OSM-w768586031","role":"line","kv":100.0,"nearest":true,"intersects_site":false,"distance_km":null},"geometry":{"type":"LineString","coordinates":[[-79.715495,36.109028],[-79.722332,36.108487],[-79.7334,36.107559],[-79.733664,36.107467]]}},{"type":"Feature","properties":{"site_id":"OSM-w768586031","role":"connector","kv":100.0,"nearest":true,"intersects_site":false,"distance_km":0.018764943108829226},"geometry":{"type":"LineString","coordinates":[[-79.727011,36.107916],[-79.727033,36.108084]]}},{"type":"Feature","properties":{"site_id":"OSM-w1101838979","role":"line","kv":230.0,"nearest":true,"intersects_site":false,"distance_km":null},"geometry":{"type":"LineString","coordinates":[[-77.188202,36.332651],[-77.197986,36.338934],[-77.215007,36.338162],[-77.216231,36.33818],[-77.253686,36.341229],[-77.267184,36.347289],[-77.269562,36.348436],[-77.285969,36.358557],[-77.302609,36.367634]]}},{"type":"Feature","properties":{"site_id":"OSM-w1101838979","role":"connector","kv":230.0,"nearest":true,"intersects_site":false,"distance_km":11.085397561691318},"geometry":{"type":"LineString","coordinates":[[-77.324992,36.259019],[-77.265712,36.346636]]}},{"type":"Feature","properties":{"site_id":"OSM-w804747881","role":"line","kv":230.0,"nearest":true,"intersects_site":false,"distance_km":null},"geometry":{"type":"LineString","coordinates":[[-77.614463,36.466866],[-77.626297,36.463803],[-77.627707,36.463415]]}},{"type":"Feature","properties":{"site_id":"OSM-w804747881","role":"connector","kv":230.0,"nearest":true,"intersects_site":false,"distance_km":0.288059526021089},"geometry":{"type":"LineString","coordinates":[[-77.62285,36.467413],[-77.62186,36.464944]]}},{"type":"Feature","properties":{"site_id":"OSM-w1190086646","role":"line","kv":161.0,"nearest":true,"intersects_site":false,"distance_km":null},"geometry":{"type":"LineString","coordinates":[[-83.245794,35.342014],[-83.246121,35.341594],[-83.24825,35.33992],[-83.250977,35.338375],[-83.252076,35.337688],[-83.254108,35.336545],[-83.256848,35.334779],[-83.258606,35.331428],[-83.260594,35.328771],[-83.260713,35.328072]]}},{"type":"Feature","properties":{"site_id":"OSM-w1190086646","role":"connector","kv":161.0,"nearest":true,"intersects_site":false,"distance_km":2.418700246825675},"geometry":{"type":"LineString","coordinates":[[-83.260822,35.360008],[-83.245794,35.342014]]}},{"type":"Feature","properties":{"site_id":"OSM-w1290073979","role":"line","kv":230.0,"nearest":true,"intersects_site":false,"distance_km":null},"geometry":{"type":"LineString","coordinates":[[-77.530913,34.800144],[-77.542813,34.800213],[-77.545392,34.800262],[-77.547452,34.799734],[-77.561368,34.796337]]}},{"type":"Feature","properties":{"site_id":"OSM-w1290073979","role":"connector","kv":230.0,"nearest":true,"intersects_site":false,"distance_km":0.05752215512173463},"geometry":{"type":"LineString","coordinates":[[-77.546279,34.800578],[-77.546092,34.800083]]}},{"type":"Feature","properties":{"site_id":"OSM-w943521124","role":"line","kv":115.0,"nearest":true,"intersects_site":false,"distance_km":null},"geometry":{"type":"LineString","coordinates":[[-82.382771,35.602869],[-82.373082,35.605382],[-82.366663,35.605315],[-82.36593,35.606302],[-82.36475,35.606637],[-82.363622,35.606379],[-82.362616,35.605991],[-82.359883,35.606084],[-82.358846,35.600745],[-82.349035,35.602668],[-82.346483,35.605108]]}},{"type":"Feature","properties":{"site_id":"OSM-w943521124","role":"connector","kv":115.0,"nearest":true,"intersects_site":false,"distance_km":0.37026334208613215},"geometry":{"type":"LineString","coordinates":[[-82.365295,35.609945],[-82.36475,35.606637]]}},{"type":"Feature","properties":{"site_id":"OSM-w623833927","role":"line","kv":230.0,"nearest":true,"intersects_site":false,"distance_km":null},"geometry":{"type":"LineString","coordinates":[[-77.493808,34.799921],[-77.542813,34.800213],[-77.545392,34.800262],[-77.547452,34.799734],[-77.582027,34.791268]]}},{"type":"Feature","properties":{"site_id":"OSM-w623833927","role":"connector","kv":230.0,"nearest":true,"intersects_site":false,"distance_km":3.7439301828852494},"geometry":{"type":"LineString","coordinates":[[-77.550941,34.833702],[-77.545392,34.800262]]}},{"type":"Feature","properties":{"site_id":"OSM-w512313273","role":"line","kv":115.0,"nearest":true,"intersects_site":false,"distance_km":null},"geometry":{"type":"LineString","coordinates":[[-83.006739,35.484397],[-83.007985,35.48528],[-83.007455,35.488325],[-83.006295,35.493498]]}},{"type":"Feature","properties":{"site_id":"OSM-w512313273","role":"connector","kv":115.0,"nearest":true,"intersects_site":false,"distance_km":4.958785953813191},"geometry":{"type":"LineString","coordinates":[[-83.001581,35.439897],[-83.006739,35.484397]]}},{"type":"Feature","properties":{"site_id":"OSM-w956048993","role":"line","kv":100.0,"nearest":true,"intersects_site":false,"distance_km":null},"geometry":{"type":"LineString","coordinates":[[-79.081875,35.884093],[-79.081811,35.884159],[-79.081782,35.883881],[-79.082073,35.883463],[-79.082633,35.883426],[-79.086899,35.879992],[-79.09155,35.877212],[-79.092663,35.876704],[-79.095495,35.876376],[-79.096576,35.876215],[-79.099446,35.875626],[-79.100986,35.875591],[-79.103196,35.873579]]}},{"type":"Feature","properties":{"site_id":"OSM-w956048993","role":"connector","kv":100.0,"nearest":true,"intersects_site":false,"distance_km":0.02190348293938183},"geometry":{"type":"LineString","coordinates":[[-79.086015,35.88096],[-79.085844,35.88082]]}},{"type":"Feature","properties":{"site_id":"OSM-w855875963","role":"line","kv":100.0,"nearest":true,"intersects_site":false,"distance_km":null},"geometry":{"type":"LineString","coordinates":[[-80.462184,35.061113],[-80.452802,35.053918],[-80.431202,35.032019]]}},{"type":"Feature","properties":{"site_id":"OSM-w855875963","role":"connector","kv":100.0,"nearest":true,"intersects_site":false,"distance_km":1.4863425806782369},"geometry":{"type":"LineString","coordinates":[[-80.458664,35.038601],[-80.44604,35.047072]]}},{"type":"Feature","properties":{"site_id":"OSM-w623833923","role":"line","kv":230.0,"nearest":true,"intersects_site":false,"distance_km":null},"geometry":{"type":"LineString","coordinates":[[-77.4871,34.799883],[-77.542813,34.800213],[-77.545392,34.800262],[-77.547452,34.799734],[-77.580458,34.791654]]}},{"type":"Feature","properties":{"site_id":"OSM-w623833923","role":"connector","kv":230.0,"nearest":true,"intersects_site":false,"distance_km":3.7888572446426116},"geometry":{"type":"LineString","coordinates":[[-77.541371,34.834363],[-77.541629,34.800207]]}},{"type":"Feature","properties":{"site_id":"OSM-w667916771","role":"line","kv":69.0,"nearest":true,"intersects_site":false,"distance_km":null},"geometry":{"type":"LineString","coordinates":[[-79.669602,36.545789],[-79.669614,36.54595]]}},{"type":"Feature","properties":{"site_id":"OSM-w667916771","role":"connector","kv":69.0,"nearest":true,"intersects_site":false,"distance_km":0.8206366614513657},"geometry":{"type":"LineString","coordinates":[[-79.663393,36.540351],[-79.669602,36.545789]]}},{"type":"Feature","properties":{"site_id":"OSM-w1173794912","role":"line","kv":230.0,"nearest":true,"intersects_site":false,"distance_km":null},"geometry":{"type":"LineString","coordinates":[[-80.707545,35.327336],[-80.713231,35.330183],[-80.719153,35.333087],[-80.720057,35.334699],[-80.72137,35.335945],[-80.724696,35.336121],[-80.740638,35.345507]]}},{"type":"Feature","properties":{"site_id":"OSM-w1173794912","role":"connector","kv":230.0,"nearest":true,"intersects_site":false,"distance_km":0.20248832686857962},"geometry":{"type":"LineString","coordinates":[[-80.724533,35.33827],[-80.72583,35.336786]]}},{"type":"Feature","properties":{"site_id":"OSM-w191252479","role":"line","kv":230.0,"nearest":true,"intersects_site":false,"distance_km":null},"geometry":{"type":"LineString","coordinates":[[-82.963969,35.120026],[-82.962071,35.118532],[-82.954231,35.115397],[-82.95306,35.112593],[-82.95221,35.110355],[-82.950008,35.104878],[-82.950342,35.098495],[-82.944247,35.095447],[-82.938995,35.09286]]}},{"type":"Feature","properties":{"site_id":"OSM-w191252479","role":"connector","kv":230.0,"nearest":true,"intersects_site":false,"distance_km":1.5075071953056163},"geometry":{"type":"LineString","coordinates":[[-82.966695,35.09648],[-82.950342,35.098495]]}},{"type":"Feature","properties":{"site_id":"OSM-r13237015","role":"line","kv":115.0,"nearest":true,"intersects_site":false,"distance_km":null},"geometry":{"type":"LineString","coordinates":[[-79.082156,36.464356],[-79.083722,36.464954],[-79.08111,36.47453],[-79.08146,36.476662],[-79.082,36.476612]]}},{"type":"Feature","properties":{"site_id":"OSM-r13237015","role":"connector","kv":115.0,"nearest":true,"intersects_site":false,"distance_km":0.10743591787256371},"geometry":{"type":"LineString","coordinates":[[-79.079951,36.474835],[-79.08114,36.474707]]}},{"type":"Feature","properties":{"site_id":"OSM-w956420102","role":"line","kv":100.0,"nearest":true,"intersects_site":false,"distance_km":null},"geometry":{"type":"LineString","coordinates":[[-79.076056,35.967884],[-79.075405,35.967833],[-79.075246,35.96774],[-79.069147,35.974672],[-79.0683,35.975913],[-79.066052,35.980463],[-79.062825,35.98263]]}},{"type":"Feature","properties":{"site_id":"OSM-w956420102","role":"connector","kv":100.0,"nearest":true,"intersects_site":false,"distance_km":0.31611566451389544},"geometry":{"type":"LineString","coordinates":[[-79.077644,35.970425],[-79.076056,35.967884]]}},{"type":"Feature","properties":{"site_id":"OSM-w873324092","role":"line","kv":500.0,"nearest":true,"intersects_site":false,"distance_km":null},"geometry":{"type":"LineString","coordinates":[[-81.488945,35.345358],[-81.480145,35.345376],[-81.47433,35.345455],[-81.468376,35.345463],[-81.45711,35.345603],[-81.454171,35.345705]]}},{"type":"Feature","properties":{"site_id":"OSM-w873324092","role":"connector","kv":500.0,"nearest":true,"intersects_site":false,"distance_km":0.31979685747440306},"geometry":{"type":"LineString","coordinates":[[-81.472163,35.342575],[-81.47217,35.345458]]}},{"type":"Feature","properties":{"site_id":"OSM-w159455238","role":"line","kv":230.0,"nearest":true,"intersects_site":false,"distance_km":null},"geometry":{"type":"LineString","coordinates":[[-77.619584,36.442804],[-77.618632,36.451884],[-77.619761,36.452219]]}},{"type":"Feature","properties":{"site_id":"OSM-w159455238","role":"connector","kv":230.0,"nearest":true,"intersects_site":false,"distance_km":0.3773646093712844},"geometry":{"type":"LineString","coordinates":[[-77.618242,36.439581],[-77.619584,36.442804]]}},{"type":"Feature","properties":{"site_id":"OSM-w652034537","role":"line","kv":100.0,"nearest":true,"intersects_site":false,"distance_km":null},"geometry":{"type":"LineString","coordinates":[[-81.254623,35.565547],[-81.254602,35.565856],[-81.257351,35.575531],[-81.255863,35.57691],[-81.255545,35.580066],[-81.254039,35.583847],[-81.254042,35.584772],[-81.254323,35.584789]]}},{"type":"Feature","properties":{"site_id":"OSM-w652034537","role":"connector","kv":100.0,"nearest":true,"intersects_site":false,"distance_km":0.8890318898810339},"geometry":{"type":"LineString","coordinates":[[-81.244544,35.58678],[-81.254042,35.584772]]}},{"type":"Feature","properties":{"site_id":"OSM-w348373791","role":"line","kv":100.0,"nearest":true,"intersects_site":false,"distance_km":null},"geometry":{"type":"LineString","coordinates":[[-81.692866,35.720095],[-81.692225,35.720044],[-81.685939,35.721139],[-81.682077,35.733769],[-81.683933,35.737202],[-81.684228,35.737665]]}},{"type":"Feature","properties":{"site_id":"OSM-w348373791","role":"connector","kv":100.0,"nearest":true,"intersects_site":false,"distance_km":5.611733305808973},"geometry":{"type":"LineString","coordinates":[[-81.650068,35.779893],[-81.684228,35.737665]]}},{"type":"Feature","properties":{"site_id":"OSM-w1344184776","role":"line","kv":100.0,"nearest":true,"intersects_site":false,"distance_km":null},"geometry":{"type":"LineString","coordinates":[[-81.794035,35.241981],[-81.799296,35.244134],[-81.822911,35.255041],[-81.828186,35.256916]]}},{"type":"Feature","properties":{"site_id":"OSM-w1344184776","role":"connector","kv":100.0,"nearest":true,"intersects_site":false,"distance_km":0.3641951042640448},"geometry":{"type":"LineString","coordinates":[[-81.809132,35.244904],[-81.807168,35.247765]]}},{"type":"Feature","properties":{"site_id":"OSM-w1359859344","role":"line","kv":230.0,"nearest":true,"intersects_site":false,"distance_km":null},"geometry":{"type":"LineString","coordinates":[[-78.858667,36.339371],[-78.841822,36.311379],[-78.832814,36.301447]]}},{"type":"Feature","properties":{"site_id":"OSM-w1359859344","role":"connector","kv":230.0,"nearest":true,"intersects_site":false,"distance_km":1.1653857750189287},"geometry":{"type":"LineString","coordinates":[[-78.834399,36.323026],[-78.84604,36.318384]]}},{"type":"Feature","properties":{"site_id":"OSM-w1359859342","role":"line","kv":230.0,"nearest":true,"intersects_site":false,"distance_km":null},"geometry":{"type":"LineString","coordinates":[[-78.857882,36.338039],[-78.851229,36.327047],[-78.841822,36.311379],[-78.839301,36.308597]]}},{"type":"Feature","properties":{"site_id":"OSM-w1359859342","role":"connector","kv":230.0,"nearest":true,"intersects_site":false,"distance_km":0.43658517519781426},"geometry":{"type":"LineString","coordinates":[[-78.843117,36.322527],[-78.847502,36.320827]]}},{"type":"Feature","properties":{"site_id":"OSM-w956994389","role":"line","kv":115.0,"nearest":true,"intersects_site":false,"distance_km":null},"geometry":{"type":"LineString","coordinates":[[-78.459227,36.556484],[-78.459464,36.553521],[-78.46084,36.551565],[-78.461927,36.550119],[-78.462486,36.549464],[-78.464104,36.549331],[-78.46787,36.549172],[-78.468552,36.548545],[-78.468843,36.547644],[-78.469256,36.546634],[-78.474566,36.546518],[-78.482131,36.551032],[-78.483133,36.556587]]}},{"type":"Feature","properties":{"site_id":"OSM-w956994389","role":"connector","kv":115.0,"nearest":true,"intersects_site":false,"distance_km":1.8079619377087859},"geometry":{"type":"LineString","coordinates":[[-78.464285,36.530845],[-78.469256,36.546634]]}},{"type":"Feature","properties":{"site_id":"OSM-w842826379","role":"line","kv":100.0,"nearest":true,"intersects_site":false,"distance_km":null},"geometry":{"type":"LineString","coordinates":[[-82.637809,35.296765],[-82.640816,35.293566],[-82.646756,35.28904],[-82.653931,35.283653],[-82.656432,35.281732],[-82.665956,35.276705],[-82.667928,35.275715]]}},{"type":"Feature","properties":{"site_id":"OSM-w842826379","role":"connector","kv":100.0,"nearest":true,"intersects_site":false,"distance_km":1.0367154836902204},"geometry":{"type":"LineString","coordinates":[[-82.644305,35.278197],[-82.651946,35.285131]]}},{"type":"Feature","properties":{"site_id":"OSM-r20579020","role":"line","kv":115.0,"nearest":true,"intersects_site":false,"distance_km":null},"geometry":{"type":"LineString","coordinates":[[-82.7043,35.809408],[-82.690804,35.812145],[-82.68669,35.812938],[-82.681683,35.814414],[-82.680216,35.814979],[-82.677186,35.815401],[-82.676954,35.815648],[-82.675972,35.816524],[-82.673499,35.816819],[-82.672416,35.816262],[-82.658465,35.819772],[-82.632802,35.828386]]}},{"type":"Feature","properties":{"site_id":"OSM-r20579020","role":"connector","kv":115.0,"nearest":true,"intersects_site":false,"distance_km":2.9715796702621606},"geometry":{"type":"LineString","coordinates":[[-82.658162,35.791805],[-82.667899,35.817388]]}},{"type":"Feature","properties":{"site_id":"OSM-w348373787","role":"line","kv":100.0,"nearest":true,"intersects_site":false,"distance_km":null},"geometry":{"type":"LineString","coordinates":[[-81.687338,35.720898],[-81.685939,35.721139],[-81.682077,35.733769],[-81.683933,35.737202],[-81.684228,35.737665]]}},{"type":"Feature","properties":{"site_id":"OSM-w348373787","role":"connector","kv":100.0,"nearest":true,"intersects_site":false,"distance_km":4.089096100128476},"geometry":{"type":"LineString","coordinates":[[-81.6578,35.767571],[-81.684228,35.737665]]}},{"type":"Feature","properties":{"site_id":"OSM-w766808076","role":"line","kv":115.0,"nearest":true,"intersects_site":false,"distance_km":null},"geometry":{"type":"LineString","coordinates":[[-79.138773,35.531712],[-79.150489,35.523606],[-79.152768,35.522062],[-79.155248,35.520304],[-79.157282,35.518918],[-79.162479,35.51529],[-79.168035,35.51149]]}},{"type":"Feature","properties":{"site_id":"OSM-w766808076","role":"connector","kv":115.0,"nearest":true,"intersects_site":false,"distance_km":0.5143436250833051},"geometry":{"type":"LineString","coordinates":[[-79.156049,35.525861],[-79.15243,35.522291]]}},{"type":"Feature","properties":{"site_id":"OSM-w877661309","role":"line","kv":230.0,"nearest":true,"intersects_site":false,"distance_km":null},"geometry":{"type":"LineString","coordinates":[[-80.952688,35.624157],[-80.958251,35.618924],[-80.960461,35.616764],[-80.968978,35.608729],[-80.973328,35.604556],[-80.971824,35.602123]]}},{"type":"Feature","properties":{"site_id":"OSM-w877661309","role":"connector","kv":230.0,"nearest":true,"intersects_site":false,"distance_km":0.23948919387706372},"geometry":{"type":"LineString","coordinates":[[-80.967103,35.613793],[-80.965099,35.612385]]}},{"type":"Feature","properties":{"site_id":"OSM-w841495555","role":"line","kv":100.0,"nearest":true,"intersects_site":false,"distance_km":null},"geometry":{"type":"LineString","coordinates":[[-80.195178,35.835475],[-80.174062,35.843603],[-80.167881,35.846009],[-80.165355,35.845928]]}},{"type":"Feature","properties":{"site_id":"OSM-w841495555","role":"connector","kv":100.0,"nearest":true,"intersects_site":false,"distance_km":0.018963460828864392},"geometry":{"type":"LineString","coordinates":[[-80.18083,35.841195],[-80.18074,35.84104]]}},{"type":"Feature","properties":{"site_id":"OSM-r19134610","role":"line","kv":230.0,"nearest":true,"intersects_site":false,"distance_km":null},"geometry":{"type":"LineString","coordinates":[[-76.354618,36.243773],[-76.34776,36.24551],[-76.34594,36.245938],[-76.342219,36.248035],[-76.34023,36.248422],[-76.329173,36.250712],[-76.325492,36.251443],[-76.323486,36.253112]]}},{"type":"Feature","properties":{"site_id":"OSM-r19134610","role":"connector","kv":230.0,"nearest":true,"intersects_site":false,"distance_km":0.06131687275853973},"geometry":{"type":"LineString","coordinates":[[-76.342023,36.247473],[-76.342412,36.247926]]}},{"type":"Feature","properties":{"site_id":"OSM-w1109880385","role":"line","kv":230.0,"nearest":true,"intersects_site":false,"distance_km":null},"geometry":{"type":"LineString","coordinates":[[-77.826122,34.332314],[-77.82124,34.328759],[-77.820385,34.321364],[-77.809123,34.318337]]}},{"type":"Feature","properties":{"site_id":"OSM-w1109880385","role":"connector","kv":230.0,"nearest":true,"intersects_site":false,"distance_km":0.2707846289433029},"geometry":{"type":"LineString","coordinates":[[-77.823112,34.320449],[-77.820385,34.321364]]}},{"type":"Feature","properties":{"site_id":"OSM-w1430045978","role":"line","kv":230.0,"nearest":true,"intersects_site":false,"distance_km":null},"geometry":{"type":"LineString","coordinates":[[-82.341789,36.099128],[-82.340519,36.091354],[-82.338801,36.080362],[-82.338334,36.077616],[-82.337649,36.070388],[-82.337439,36.06913],[-82.337216,36.066523]]}},{"type":"Feature","properties":{"site_id":"OSM-w1430045978","role":"connector","kv":230.0,"nearest":true,"intersects_site":false,"distance_km":0.5746049988023535},"geometry":{"type":"LineString","coordinates":[[-82.345494,36.082044],[-82.339165,36.082696]]}},{"type":"Feature","properties":{"site_id":"OSM-w520928448","role":"line","kv":100.0,"nearest":true,"intersects_site":false,"distance_km":null},"geometry":{"type":"LineString","coordinates":[[-79.017727,35.943885],[-79.01773,35.944069],[-79.017497,35.944071]]}},{"type":"Feature","properties":{"site_id":"OSM-w520928448","role":"connector","kv":100.0,"nearest":true,"intersects_site":false,"distance_km":0.5079317959192658},"geometry":{"type":"LineString","coordinates":[[-79.017022,35.939343],[-79.017727,35.943885]]}},{"type":"Feature","properties":{"site_id":"OSM-w744113126","role":"line","kv":100.0,"nearest":true,"intersects_site":false,"distance_km":null},"geometry":{"type":"LineString","coordinates":[[-82.377924,35.238104],[-82.385875,35.252314],[-82.395907,35.261762],[-82.396967,35.262717],[-82.398448,35.264165],[-82.402015,35.267531]]}},{"type":"Feature","properties":{"site_id":"OSM-w744113126","role":"connector","kv":100.0,"nearest":true,"intersects_site":false,"distance_km":0.3873177930895711},"geometry":{"type":"LineString","coordinates":[[-82.394589,35.2552],[-82.391385,35.257499]]}},{"type":"Feature","properties":{"site_id":"OSM-w1329114123","role":"line","kv":115.0,"nearest":true,"intersects_site":false,"distance_km":null},"geometry":{"type":"LineString","coordinates":[[-79.473798,35.144086],[-79.466733,35.143656],[-79.459158,35.143107],[-79.455371,35.142877],[-79.45259,35.145825],[-79.445263,35.14413],[-79.442079,35.144684],[-79.437037,35.145627],[-79.437256,35.152771],[-79.435596,35.153184],[-79.429777,35.154489],[-79.429807,35.157849],[-79.427437,35.157847],[-79.425471,35.157893],[-79.422497,35.157892],[-79.420213,35.161232],[-79.421067,35.163185],[-79.422611,35.166514],[-79.412194,35.173],[-79.410417,35.171977],[-79.409815,35.171731],[-79.409759,35.171638],[-79.409095,35.171358],[-79.408038,35.171202],[-79.406396,35.17375],[-79.404826,35.17314],[-79.404083,35.174076],[-79.403076,35.175213],[-79.402376,35.17576],[-79.40056,35.177312],[-79.399921,35.177754],[-79.399272,35.178152],[-79.397858,35.179827],[-79.397418,35.180412],[-79.396071,35.181977]]}},{"type":"Feature","properties":{"site_id":"OSM-w1329114123","role":"connector","kv":115.0,"nearest":true,"intersects_site":false,"distance_km":8.900756440907328},"geometry":{"type":"LineString","coordinates":[[-79.364902,35.091541],[-79.437037,35.145627]]}},{"type":"Feature","properties":{"site_id":"OSM-w1376195300","role":"line","kv":115.0,"nearest":true,"intersects_site":false,"distance_km":null},"geometry":{"type":"LineString","coordinates":[[-76.724774,34.824011],[-76.721903,34.824462],[-76.718384,34.824938],[-76.698234,34.827839],[-76.696943,34.827944],[-76.695295,34.828033],[-76.69194,34.827186],[-76.68903,34.826488],[-76.686335,34.824918],[-76.685586,34.825139],[-76.684733,34.824746],[-76.683431,34.823736],[-76.682551,34.822852],[-76.682625,34.821596],[-76.679737,34.817825]]}},{"type":"Feature","properties":{"site_id":"OSM-w1376195300","role":"connector","kv":115.0,"nearest":true,"intersects_site":false,"distance_km":2.1326609643443235},"geometry":{"type":"LineString","coordinates":[[-76.688197,34.846351],[-76.694821,34.827917]]}},{"type":"Feature","properties":{"site_id":"OSM-w1382839794","role":"line","kv":115.0,"nearest":true,"intersects_site":false,"distance_km":null},"geometry":{"type":"LineString","coordinates":[[-76.661564,34.773671],[-76.661283,34.773083],[-76.660744,34.772201],[-76.660175,34.771123],[-76.656889,34.764459],[-76.655442,34.762691],[-76.654726,34.760099],[-76.654321,34.75939],[-76.653501,34.757622],[-76.649102,34.748695],[-76.649893,34.746843],[-76.650369,34.745946],[-76.650834,34.744931],[-76.646628,34.743898],[-76.642158,34.741568],[-76.642974,34.740295],[-76.645789,34.736102],[-76.646622,34.73481],[-76.647106,34.734373],[-76.648546,34.735202],[-76.651606,34.736843],[-76.652052,34.736594],[-76.652125,34.735808],[-76.651476,34.734381],[-76.65102,34.733015],[-76.650612,34.732113],[-76.650058,34.731486],[-76.649618,34.730563],[-76.649258,34.729699],[-76.648552,34.72822],[-76.647834,34.726604],[-76.647694,34.725733],[-76.647713,34.725174],[-76.647849,34.72468],[-76.648188,34.723892],[-76.648549,34.723348],[-76.649305,34.722433],[-76.649957,34.721822],[-76.650416,34.721517],[-76.650764,34.721338],[-76.650349,34.720668],[-76.653631,34.719362],[-76.654435,34.718627],[-76.65468,34.71801],[-76.655686,34.716701],[-76.663074,34.720766]]}},{"type":"Feature","properties":{"site_id":"OSM-w1382839794","role":"connector","kv":115.0,"nearest":true,"intersects_site":false,"distance_km":8.95622474126007},"geometry":{"type":"LineString","coordinates":[[-76.552597,34.774057],[-76.642158,34.741568]]}},{"type":"Feature","properties":{"site_id":"OSM-w1101507433","role":"line","kv":230.0,"nearest":true,"intersects_site":false,"distance_km":null},"geometry":{"type":"LineString","coordinates":[[-80.964963,35.612515],[-80.968978,35.608729],[-80.973328,35.604556],[-80.968507,35.596877]]}},{"type":"Feature","properties":{"site_id":"OSM-w1101507433","role":"connector","kv":230.0,"nearest":true,"intersects_site":false,"distance_km":0.05772050456265932},"geometry":{"type":"LineString","coordinates":[[-80.969267,35.599234],[-80.969835,35.598997]]}},{"type":"Feature","properties":{"site_id":"OSM-w344920225","role":"line","kv":69.0,"nearest":true,"intersects_site":false,"distance_km":null},"geometry":{"type":"LineString","coordinates":[[-79.10967,34.627892],[-79.114601,34.625006],[-79.116977,34.6233],[-79.11944,34.621479],[-79.123617,34.618523],[-79.127909,34.615397],[-79.140692,34.606191],[-79.141354,34.605456]]}},{"type":"Feature","properties":{"site_id":"OSM-w344920225","role":"connector","kv":69.0,"nearest":true,"intersects_site":false,"distance_km":0.8345372482254267},"geometry":{"type":"LineString","coordinates":[[-79.119719,34.611344],[-79.125705,34.617011]]}},{"type":"Feature","properties":{"site_id":"OSM-r13193234","role":"line","kv":230.0,"nearest":true,"intersects_site":false,"distance_km":null},"geometry":{"type":"LineString","coordinates":[[-79.065012,36.462273],[-79.06578,36.463706],[-79.066704,36.464596],[-79.070933,36.474466],[-79.072399,36.477835],[-79.073052,36.479214],[-79.073382,36.480183],[-79.073202,36.481073]]}},{"type":"Feature","properties":{"site_id":"OSM-r13193234","role":"connector","kv":230.0,"nearest":true,"intersects_site":false,"distance_km":0.03532439238125706},"geometry":{"type":"LineString","coordinates":[[-79.071892,36.475703],[-79.07152,36.475809]]}},{"type":"Feature","properties":{"site_id":"OSM-w1272894963","role":"line","kv":115.0,"nearest":true,"intersects_site":false,"distance_km":null},"geometry":{"type":"LineString","coordinates":[[-77.503923,34.896252],[-77.481134,34.865626]]}},{"type":"Feature","properties":{"site_id":"OSM-w1272894963","role":"connector","kv":115.0,"nearest":true,"intersects_site":false,"distance_km":0.90171246540127},"geometry":{"type":"LineString","coordinates":[[-77.482976,34.883632],[-77.491385,34.879382]]}},{"type":"Feature","properties":{"site_id":"OSM-w543958174","role":"line","kv":100.0,"nearest":true,"intersects_site":false,"distance_km":null},"geometry":{"type":"LineString","coordinates":[[-79.124572,36.066977],[-79.117514,36.065785],[-79.108129,36.064571],[-79.096947,36.063597],[-79.093352,36.062322]]}},{"type":"Feature","properties":{"site_id":"OSM-w543958174","role":"connector","kv":100.0,"nearest":true,"intersects_site":false,"distance_km":0.030772531983280272},"geometry":{"type":"LineString","coordinates":[[-79.111249,36.065247],[-79.111306,36.064973]]}},{"type":"Feature","properties":{"site_id":"OSM-w1417208487","role":"line","kv":230.0,"nearest":true,"intersects_site":false,"distance_km":null},"geometry":{"type":"LineString","coordinates":[[-78.632368,36.371885],[-78.605268,36.365341]]}},{"type":"Feature","properties":{"site_id":"OSM-w1417208487","role":"connector","kv":230.0,"nearest":true,"intersects_site":false,"distance_km":0.024144309085480837},"geometry":{"type":"LineString","coordinates":[[-78.620968,36.369357],[-78.621045,36.369148]]}},{"type":"Feature","properties":{"site_id":"OSM-w442047915","role":"line","kv":230.0,"nearest":true,"intersects_site":false,"distance_km":null},"geometry":{"type":"LineString","coordinates":[[-78.5718,35.862726],[-78.57179,35.872327],[-78.565095,35.883289],[-78.563495,35.885581],[-78.563255,35.886723]]}},{"type":"Feature","properties":{"site_id":"OSM-w442047915","role":"connector","kv":230.0,"nearest":true,"intersects_site":false,"distance_km":1.4790424367030643},"geometry":{"type":"LineString","coordinates":[[-78.584951,35.880742],[-78.570294,35.874791]]}},{"type":"Feature","properties":{"site_id":"OSM-r13218440","role":"line","kv":115.0,"nearest":true,"intersects_site":true,"distance_km":null},"geometry":{"type":"LineString","coordinates":[[-79.494132,35.250188],[-79.488513,35.254757],[-79.485305,35.25734],[-79.4842,35.25819],[-79.482019,35.26001],[-79.475842,35.26506],[-79.466968,35.272247]]}},{"type":"Feature","properties":{"site_id":"OSM-r13218440","role":"line","kv":230.0,"nearest":false,"intersects_site":true,"distance_km":null},"geometry":{"type":"LineString","coordinates":[[-79.46697,35.272503],[-79.475649,35.265471],[-79.48729,35.255974],[-79.492093,35.252137],[-79.494133,35.250411]]}},{"type":"Feature","properties":{"site_id":"OSM-w1304685289","role":"line","kv":161.0,"nearest":true,"intersects_site":false,"distance_km":null},"geometry":{"type":"LineString","coordinates":[[-84.118264,35.02035],[-84.118765,35.020349],[-84.12364,35.02107],[-84.130014,35.024804],[-84.130247,35.026226],[-84.130596,35.026383]]}},{"type":"Feature","properties":{"site_id":"OSM-w1304685289","role":"connector","kv":161.0,"nearest":true,"intersects_site":false,"distance_km":8.417972606398905},"geometry":{"type":"LineString","coordinates":[[-84.221041,35.011466],[-84.130596,35.026383]]}},{"type":"Feature","properties":{"site_id":"OSM-w1333502003","role":"line","kv":230.0,"nearest":true,"intersects_site":false,"distance_km":null},"geometry":{"type":"LineString","coordinates":[[-78.864599,34.957769],[-78.880074,34.959625],[-78.882501,34.960858]]}},{"type":"Feature","properties":{"site_id":"OSM-w1333502003","role":"connector","kv":230.0,"nearest":true,"intersects_site":false,"distance_km":0.024368898947416538},"geometry":{"type":"LineString","coordinates":[[-78.877185,34.959504],[-78.877224,34.959287]]}},{"type":"Feature","properties":{"site_id":"OSM-w1417207173","role":"line","kv":230.0,"nearest":true,"intersects_site":false,"distance_km":null},"geometry":{"type":"LineString","coordinates":[[-78.636374,36.372853],[-78.60991,36.366464]]}},{"type":"Feature","properties":{"site_id":"OSM-w1417207173","role":"connector","kv":230.0,"nearest":true,"intersects_site":false,"distance_km":0.017781038573178667},"geometry":{"type":"LineString","coordinates":[[-78.62347,36.369905],[-78.623526,36.369751]]}},{"type":"Feature","properties":{"site_id":"OSM-w106854102","role":"line","kv":100.0,"nearest":true,"intersects_site":false,"distance_km":null},"geometry":{"type":"LineString","coordinates":[[-79.095426,35.964065],[-79.094194,35.964111],[-79.090605,35.964873],[-79.078162,35.965],[-79.075255,35.96832],[-79.074195,35.969242],[-79.073343,35.970173],[-79.069289,35.974783],[-79.068306,35.976323],[-79.067546,35.977915]]}},{"type":"Feature","properties":{"site_id":"OSM-w106854102","role":"connector","kv":100.0,"nearest":true,"intersects_site":false,"distance_km":0.04027517051166693},"geometry":{"type":"LineString","coordinates":[[-79.080896,35.965331],[-79.080888,35.964968]]}},{"type":"Feature","properties":{"site_id":"OSM-w1017030754","role":"line","kv":115.0,"nearest":true,"intersects_site":false,"distance_km":null},"geometry":{"type":"LineString","coordinates":[[-75.674071,36.005778],[-75.673938,36.005581],[-75.673258,36.005937],[-75.67055,36.001112],[-75.66799,35.996685],[-75.667394,35.9956],[-75.66639,35.993906],[-75.66366,35.988887],[-75.663111,35.987929],[-75.661978,35.986081],[-75.661042,35.984366],[-75.660744,35.983891],[-75.649135,35.971929],[-75.647435,35.973292],[-75.646365,35.974234],[-75.643592,35.975308],[-75.642647,35.97571],[-75.641757,35.976048],[-75.6402,35.976716]]}},{"type":"Feature","properties":{"site_id":"OSM-w1017030754","role":"connector","kv":115.0,"nearest":true,"intersects_site":false,"distance_km":23.11115050970904},"geometry":{"type":"LineString","coordinates":[[-75.877708,35.873213],[-75.660744,35.983891]]}},{"type":"Feature","properties":{"site_id":"OSM-w1085878686","role":"line","kv":500.0,"nearest":true,"intersects_site":false,"distance_km":null},"geometry":{"type":"LineString","coordinates":[[-78.748091,35.958634],[-78.74707,35.961428],[-78.745616,35.965724],[-78.744333,35.969214],[-78.743157,35.972757],[-78.74155,35.977114],[-78.738585,35.980721]]}},{"type":"Feature","properties":{"site_id":"OSM-w1085878686","role":"connector","kv":500.0,"nearest":true,"intersects_site":false,"distance_km":0.022160088365367477},"geometry":{"type":"LineString","coordinates":[[-78.743533,35.970857],[-78.743771,35.970909]]}},{"type":"Feature","properties":{"site_id":"OSM-w1507757791","role":"line","kv":100.0,"nearest":true,"intersects_site":false,"distance_km":null},"geometry":{"type":"LineString","coordinates":[[-80.656427,35.384726],[-80.656384,35.384928],[-80.658098,35.386223],[-80.660013,35.389788],[-80.660779,35.391101],[-80.664467,35.395805],[-80.663605,35.39652],[-80.662551,35.397088],[-80.659841,35.397737],[-80.658833,35.398463],[-80.65885,35.399539],[-80.659378,35.400774],[-80.660549,35.40302],[-80.663638,35.40851],[-80.665774,35.412185],[-80.665559,35.412897],[-80.664609,35.413332],[-80.66311,35.413966],[-80.661546,35.414537],[-80.660254,35.414867],[-80.658776,35.414976],[-80.655994,35.414887],[-80.654986,35.414823],[-80.654052,35.414867],[-80.653513,35.414724]]}},{"type":"Feature","properties":{"site_id":"OSM-w1507757791","role":"connector","kv":100.0,"nearest":true,"intersects_site":false,"distance_km":1.3528364823859773},"geometry":{"type":"LineString","coordinates":[[-80.679837,35.408164],[-80.665774,35.412185]]}},{"type":"Feature","properties":{"site_id":"OSM-w1304685290","role":"line","kv":161.0,"nearest":true,"intersects_site":false,"distance_km":null},"geometry":{"type":"LineString","coordinates":[[-84.118674,35.020349],[-84.12364,35.02107],[-84.130014,35.024804],[-84.130247,35.026226],[-84.130596,35.026383]]}},{"type":"Feature","properties":{"site_id":"OSM-w1304685290","role":"connector","kv":161.0,"nearest":true,"intersects_site":false,"distance_km":8.685289790161082},"geometry":{"type":"LineString","coordinates":[[-84.224533,35.013795],[-84.130596,35.026383]]}},{"type":"Feature","properties":{"site_id":"OSM-w815440757","role":"line","kv":115.0,"nearest":true,"intersects_site":false,"distance_km":null},"geometry":{"type":"LineString","coordinates":[[-77.700822,36.177633],[-77.701064,36.176888],[-77.702601,36.173699],[-77.7034,36.172168],[-77.706844,36.165163],[-77.707612,36.163538],[-77.708216,36.162404],[-77.712222,36.154316],[-77.713187,36.152242],[-77.714591,36.149421],[-77.716745,36.144898],[-77.717592,36.143289],[-77.719915,36.138522]]}},{"type":"Feature","properties":{"site_id":"OSM-w815440757","role":"connector","kv":115.0,"nearest":true,"intersects_site":false,"distance_km":1.1799789152403413},"geometry":{"type":"LineString","coordinates":[[-77.695012,36.160482],[-77.707258,36.164287]]}},{"type":"Feature","properties":{"site_id":"OSM-w731214252","role":"line","kv":115.0,"nearest":true,"intersects_site":true,"distance_km":null},"geometry":{"type":"LineString","coordinates":[[-81.64809,36.210813],[-81.639336,36.214337],[-81.635917,36.215048],[-81.63401,36.21626],[-81.63286,36.216944],[-81.63217,36.21727],[-81.629476,36.21833],[-81.622455,36.221214]]}},{"type":"Feature","properties":{"site_id":"OSM-w731214252","role":"line","kv":115.0,"nearest":false,"intersects_site":true,"distance_km":null},"geometry":{"type":"LineString","coordinates":[[-81.648086,36.210666],[-81.644852,36.211985],[-81.643633,36.212424],[-81.643196,36.212638],[-81.639295,36.214169],[-81.635838,36.214919],[-81.632689,36.216902],[-81.624521,36.220195],[-81.62245,36.22106]]}},{"type":"Feature","properties":{"site_id":"OSM-w1463455041","role":"line","kv":161.0,"nearest":true,"intersects_site":false,"distance_km":null},"geometry":{"type":"LineString","coordinates":[[-83.933254,35.173193],[-83.932857,35.174896],[-83.930038,35.17734],[-83.928313,35.178941],[-83.927082,35.179896],[-83.926169,35.180468],[-83.924437,35.181696],[-83.924026,35.182623],[-83.923214,35.184212],[-83.922728,35.185367],[-83.920099,35.185567],[-83.918656,35.185643],[-83.918802,35.188318]]}},{"type":"Feature","properties":{"site_id":"OSM-w1463455041","role":"connector","kv":161.0,"nearest":true,"intersects_site":false,"distance_km":0.8576715607765248},"geometry":{"type":"LineString","coordinates":[[-83.913089,35.179407],[-83.918656,35.185643]]}},{"type":"Feature","properties":{"site_id":"OSM-w1508866787","role":"line","kv":100.0,"nearest":true,"intersects_site":false,"distance_km":null},"geometry":{"type":"LineString","coordinates":[[-80.703789,35.382266],[-80.706059,35.383262],[-80.70298,35.392259],[-80.70242,35.393199],[-80.702095,35.394114],[-80.702762,35.394305],[-80.701196,35.398221],[-80.700929,35.399198],[-80.701465,35.399748],[-80.701638,35.399875]]}},{"type":"Feature","properties":{"site_id":"OSM-w1508866787","role":"connector","kv":100.0,"nearest":true,"intersects_site":false,"distance_km":1.6110603768938323},"geometry":{"type":"LineString","coordinates":[[-80.6853,35.406065],[-80.700929,35.399198]]}},{"type":"Feature","properties":{"site_id":"OSM-w434541699","role":"line","kv":230.0,"nearest":true,"intersects_site":false,"distance_km":null},"geometry":{"type":"LineString","coordinates":[[-76.689992,35.896748],[-76.652885,35.909462],[-76.649772,35.910614],[-76.639461,35.914584]]}},{"type":"Feature","properties":{"site_id":"OSM-w434541699","role":"connector","kv":230.0,"nearest":true,"intersects_site":false,"distance_km":1.3282914290062247},"geometry":{"type":"LineString","coordinates":[[-76.667887,35.917318],[-76.662167,35.906287]]}},{"type":"Feature","properties":{"site_id":"OSM-w288252182","role":"line","kv":500.0,"nearest":true,"intersects_site":false,"distance_km":null},"geometry":{"type":"LineString","coordinates":[[-79.071029,35.828632],[-79.056433,35.833908],[-79.047812,35.836775],[-79.045503,35.837606],[-79.033749,35.841628],[-79.014087,35.848295],[-79.01066,35.850122]]}},{"type":"Feature","properties":{"site_id":"OSM-w288252182","role":"connector","kv":500.0,"nearest":true,"intersects_site":false,"distance_km":2.2453691480393205},"geometry":{"type":"LineString","coordinates":[[-79.050331,35.857907],[-79.040689,35.839253]]}},{"type":"Feature","properties":{"site_id":"OSM-w1376195285","role":"line","kv":115.0,"nearest":true,"intersects_site":false,"distance_km":null},"geometry":{"type":"LineString","coordinates":[[-76.74065,34.82027],[-76.740167,34.820505],[-76.739747,34.821022],[-76.73285,34.822768],[-76.73192,34.822971],[-76.73031,34.823234],[-76.728017,34.823561],[-76.727294,34.823895],[-76.726306,34.823775],[-76.721903,34.824462],[-76.718384,34.824938],[-76.698234,34.827839],[-76.696943,34.827944],[-76.695295,34.828033],[-76.69194,34.827186],[-76.68903,34.826488],[-76.686335,34.824918],[-76.685586,34.825139],[-76.684733,34.824746],[-76.683431,34.823736],[-76.682551,34.822852],[-76.682625,34.821596],[-76.68034,34.818627]]}},{"type":"Feature","properties":{"site_id":"OSM-w1376195285","role":"connector","kv":115.0,"nearest":true,"intersects_site":false,"distance_km":4.869234231234625},"geometry":{"type":"LineString","coordinates":[[-76.690443,34.871747],[-76.695295,34.828033]]}},{"type":"Feature","properties":{"site_id":"OSM-w1022658183","role":"line","kv":230.0,"nearest":true,"intersects_site":false,"distance_km":null},"geometry":{"type":"LineString","coordinates":[[-76.17266,36.506106],[-76.156649,36.49429],[-76.141408,36.480949]]}},{"type":"Feature","properties":{"site_id":"OSM-w1022658183","role":"connector","kv":230.0,"nearest":true,"intersects_site":false,"distance_km":1.4306207450651767},"geometry":{"type":"LineString","coordinates":[[-76.145609,36.503603],[-76.156649,36.49429]]}},{"type":"Feature","properties":{"site_id":"OSM-w717256909","role":"line","kv":100.0,"nearest":true,"intersects_site":false,"distance_km":null},"geometry":{"type":"LineString","coordinates":[[-79.15558,36.07232],[-79.146755,36.07083],[-79.122532,36.06662],[-79.117514,36.065785],[-79.114462,36.065398]]}},{"type":"Feature","properties":{"site_id":"OSM-w717256909","role":"connector","kv":100.0,"nearest":true,"intersects_site":false,"distance_km":0.6321551909703188},"geometry":{"type":"LineString","coordinates":[[-79.137234,36.074998],[-79.138722,36.06943]]}},{"type":"Feature","properties":{"site_id":"OSM-w434541697","role":"line","kv":230.0,"nearest":true,"intersects_site":false,"distance_km":null},"geometry":{"type":"LineString","coordinates":[[-76.685635,35.898238],[-76.651887,35.909814],[-76.635149,35.916233],[-76.634009,35.916685],[-76.633139,35.91712]]}},{"type":"Feature","properties":{"site_id":"OSM-w434541697","role":"connector","kv":230.0,"nearest":true,"intersects_site":false,"distance_km":1.528524282098403},"geometry":{"type":"LineString","coordinates":[[-76.662057,35.921268],[-76.655626,35.908523]]}},{"type":"Feature","properties":{"site_id":"OSM-w1429373608","role":"line","kv":100.0,"nearest":true,"intersects_site":false,"distance_km":null},"geometry":{"type":"LineString","coordinates":[[-80.060053,36.31024],[-80.071259,36.306463],[-80.084322,36.300084],[-80.104219,36.294468]]}},{"type":"Feature","properties":{"site_id":"OSM-w1429373608","role":"connector","kv":100.0,"nearest":true,"intersects_site":false,"distance_km":0.6838641039081864},"geometry":{"type":"LineString","coordinates":[[-80.082801,36.308028],[-80.078854,36.302758]]}},{"type":"Feature","properties":{"site_id":"OSM-w744112184","role":"line","kv":100.0,"nearest":true,"intersects_site":false,"distance_km":null},"geometry":{"type":"LineString","coordinates":[[-82.102953,35.323526],[-82.103046,35.323556],[-82.10324,35.322873],[-82.104259,35.322954],[-82.112228,35.323113],[-82.1165,35.321632],[-82.117678,35.323201],[-82.142547,35.323741],[-82.157627,35.324113],[-82.161513,35.324179],[-82.164928,35.325603],[-82.168133,35.325822],[-82.174106,35.327798],[-82.174707,35.327976],[-82.181945,35.325642],[-82.182672,35.324855],[-82.184738,35.324573],[-82.184315,35.322702],[-82.183076,35.317689],[-82.190218,35.316745],[-82.193743,35.314234]]}},{"type":"Feature","properties":{"site_id":"OSM-w744112184","role":"connector","kv":100.0,"nearest":true,"intersects_site":false,"distance_km":2.9146351727381075},"geometry":{"type":"LineString","coordinates":[[-82.147049,35.297569],[-82.146201,35.323834]]}},{"type":"Feature","properties":{"site_id":"OSM-w1222554250","role":"line","kv":115.0,"nearest":true,"intersects_site":false,"distance_km":null},"geometry":{"type":"LineString","coordinates":[[-82.090405,35.910988],[-82.090674,35.910821],[-82.092312,35.910639],[-82.092707,35.910002],[-82.092964,35.909511],[-82.093503,35.909229],[-82.09964,35.905735],[-82.103387,35.904994],[-82.109733,35.903678],[-82.111665,35.903312]]}},{"type":"Feature","properties":{"site_id":"OSM-w1222554250","role":"connector","kv":115.0,"nearest":true,"intersects_site":false,"distance_km":10.595520260209867},"geometry":{"type":"LineString","coordinates":[[-81.984986,35.953047],[-82.090405,35.910988]]}},{"type":"Feature","properties":{"site_id":"OSM-w1524201823","role":"line","kv":100.0,"nearest":true,"intersects_site":false,"distance_km":null},"geometry":{"type":"LineString","coordinates":[[-79.778027,36.11393],[-79.770273,36.110981],[-79.767166,36.109336],[-79.767025,36.107731],[-79.767379,36.105754],[-79.767521,36.105337],[-79.769051,36.104491],[-79.770105,36.103593],[-79.770817,36.103098],[-79.772934,36.10146],[-79.775679,36.098584],[-79.778558,36.098141],[-79.779464,36.098075],[-79.781891,36.096132]]}},{"type":"Feature","properties":{"site_id":"OSM-w1524201823","role":"connector","kv":100.0,"nearest":true,"intersects_site":false,"distance_km":0.009337113556004794},"geometry":{"type":"LineString","coordinates":[[-79.768251,36.104831],[-79.76831,36.104901]]}},{"type":"Feature","properties":{"site_id":"OSM-w695836412","role":"line","kv":161.0,"nearest":true,"intersects_site":false,"distance_km":null},"geometry":{"type":"LineString","coordinates":[[-83.844108,35.356456],[-83.839205,35.352784],[-83.826925,35.343827],[-83.823251,35.341564],[-83.814359,35.33625]]}},{"type":"Feature","properties":{"site_id":"OSM-w695836412","role":"connector","kv":161.0,"nearest":true,"intersects_site":false,"distance_km":0.9546505470042234},"geometry":{"type":"LineString","coordinates":[[-83.83605,35.338984],[-83.829119,35.34545]]}},{"type":"Feature","properties":{"site_id":"OSM-w957353447","role":"line","kv":115.0,"nearest":true,"intersects_site":false,"distance_km":null},"geometry":{"type":"LineString","coordinates":[[-78.45929,36.555512],[-78.459464,36.553521],[-78.46084,36.551565],[-78.461927,36.550119],[-78.462486,36.549464],[-78.464104,36.549331],[-78.46787,36.549172],[-78.468552,36.548545],[-78.468843,36.547644],[-78.469256,36.546634],[-78.474566,36.546518],[-78.482131,36.551032],[-78.48296,36.555614]]}},{"type":"Feature","properties":{"site_id":"OSM-w957353447","role":"connector","kv":115.0,"nearest":true,"intersects_site":false,"distance_km":4.295921144472017},"geometry":{"type":"LineString","coordinates":[[-78.477255,36.507871],[-78.474566,36.546518]]}},{"type":"Feature","properties":{"site_id":"OSM-r9118571","role":"line","kv":115.0,"nearest":true,"intersects_site":false,"distance_km":null},"geometry":{"type":"LineString","coordinates":[[-82.533925,35.39858],[-82.534421,35.399345],[-82.537425,35.404512],[-82.537475,35.405066],[-82.538019,35.407469],[-82.538754,35.411121],[-82.53946,35.412068],[-82.54061,35.41382],[-82.541086,35.415233],[-82.541558,35.41686],[-82.542817,35.420654],[-82.543246,35.422106],[-82.550656,35.426768],[-82.552958,35.424935]]}},{"type":"Feature","properties":{"site_id":"OSM-r9118571","role":"connector","kv":115.0,"nearest":true,"intersects_site":false,"distance_km":2.0177581110889107},"geometry":{"type":"LineString","coordinates":[[-82.521739,35.426679],[-82.543246,35.422106]]}},{"type":"Feature","properties":{"site_id":"OSM-w1230965706","role":"line","kv":230.0,"nearest":true,"intersects_site":false,"distance_km":null},"geometry":{"type":"LineString","coordinates":[[-80.968993,35.59619],[-80.975795,35.607015],[-80.977861,35.616005]]}},{"type":"Feature","properties":{"site_id":"OSM-w1230965706","role":"connector","kv":230.0,"nearest":true,"intersects_site":false,"distance_km":0.13140207652597025},"geometry":{"type":"LineString","coordinates":[[-80.975545,35.604001],[-80.974253,35.604538]]}},{"type":"Feature","properties":{"site_id":"OSM-w1237151535","role":"line","kv":100.0,"nearest":true,"intersects_site":false,"distance_km":null},"geometry":{"type":"LineString","coordinates":[[-81.990379,35.694513],[-81.988671,35.698254],[-81.986888,35.69882]]}},{"type":"Feature","properties":{"site_id":"OSM-w1237151535","role":"connector","kv":100.0,"nearest":true,"intersects_site":false,"distance_km":5.263305125020365},"geometry":{"type":"LineString","coordinates":[[-81.997779,35.745423],[-81.986888,35.69882]]}},{"type":"Feature","properties":{"site_id":"OSM-w348365683","role":"line","kv":100.0,"nearest":true,"intersects_site":false,"distance_km":null},"geometry":{"type":"MultiLineString","coordinates":[[[-81.68095,35.683583],[-81.680561,35.683421],[-81.646041,35.671016],[-81.643377,35.669352],[-81.642457,35.66863],[-81.629853,35.665763],[-81.619236,35.664065]],[[-81.617131,35.66411],[-81.615409,35.664454],[-81.615059,35.664155]]]}},{"type":"Feature","properties":{"site_id":"OSM-w348365683","role":"connector","kv":100.0,"nearest":true,"intersects_site":false,"distance_km":2.2254545834351003},"geometry":{"type":"LineString","coordinates":[[-81.645077,35.692603],[-81.655096,35.674284]]}},{"type":"Feature","properties":{"site_id":"OSM-w1192801724","role":"line","kv":230.0,"nearest":true,"intersects_site":false,"distance_km":null},"geometry":{"type":"LineString","coordinates":[[-79.237137,35.458736],[-79.272109,35.430385],[-79.298386,35.409155]]}},{"type":"Feature","properties":{"site_id":"OSM-w1192801724","role":"connector","kv":230.0,"nearest":true,"intersects_site":false,"distance_km":5.945670529137643},"geometry":{"type":"LineString","coordinates":[[-79.221299,35.396156],[-79.267346,35.434256]]}},{"type":"Feature","properties":{"site_id":"OSM-w381420329","role":"line","kv":115.0,"nearest":true,"intersects_site":false,"distance_km":null},"geometry":{"type":"LineString","coordinates":[[-77.093518,36.42864],[-77.101544,36.430444],[-77.105316,36.431053],[-77.105885,36.431534],[-77.106339,36.432024],[-77.108426,36.432352],[-77.109226,36.432635],[-77.110065,36.432873],[-77.109402,36.434642],[-77.110247,36.434913],[-77.111876,36.435788],[-77.112723,36.436137],[-77.112419,36.439439],[-77.112296,36.441193],[-77.11229,36.441737],[-77.113332,36.449957],[-77.113628,36.452744],[-77.116459,36.457593],[-77.118253,36.460785],[-77.11903,36.46207],[-77.120853,36.467251],[-77.126481,36.482882]]}},{"type":"Feature","properties":{"site_id":"OSM-w381420329","role":"connector","kv":115.0,"nearest":true,"intersects_site":false,"distance_km":2.5584523204289327},"geometry":{"type":"LineString","coordinates":[[-77.08701,36.461058],[-77.113628,36.452744]]}},{"type":"Feature","properties":{"site_id":"OSM-w1230337521","role":"line","kv":100.0,"nearest":true,"intersects_site":false,"distance_km":null},"geometry":{"type":"LineString","coordinates":[[-82.034079,35.365956],[-82.033917,35.365882],[-82.034974,35.364703],[-82.042156,35.367315],[-82.045014,35.368066]]}},{"type":"Feature","properties":{"site_id":"OSM-w1230337521","role":"connector","kv":100.0,"nearest":true,"intersects_site":false,"distance_km":1.652952850721653},"geometry":{"type":"LineString","coordinates":[[-82.015727,35.365968],[-82.033917,35.365882]]}},{"type":"Feature","properties":{"site_id":"OSM-w470889001","role":"line","kv":230.0,"nearest":true,"intersects_site":false,"distance_km":null},"geometry":{"type":"LineString","coordinates":[[-79.12634,35.735275],[-79.115461,35.752942],[-79.11395,35.755465],[-79.113606,35.755953],[-79.113489,35.761391],[-79.113193,35.769055],[-79.113109,35.77299],[-79.11198,35.7766]]}},{"type":"Feature","properties":{"site_id":"OSM-w470889001","role":"connector","kv":230.0,"nearest":true,"intersects_site":false,"distance_km":2.0008172756108173},"geometry":{"type":"LineString","coordinates":[[-79.093181,35.74902],[-79.113606,35.755953]]}},{"type":"Feature","properties":{"site_id":"OSM-w841495551","role":"line","kv":100.0,"nearest":true,"intersects_site":false,"distance_km":null},"geometry":{"type":"LineString","coordinates":[[-80.25266,35.812821],[-80.251373,35.813887],[-80.237275,35.818884],[-80.226737,35.823234],[-80.222414,35.825003],[-80.221908,35.825182]]}},{"type":"Feature","properties":{"site_id":"OSM-w841495551","role":"connector","kv":100.0,"nearest":true,"intersects_site":false,"distance_km":0.9115375482784268},"geometry":{"type":"LineString","coordinates":[[-80.232028,35.830262],[-80.227476,35.822929]]}},{"type":"Feature","properties":{"site_id":"OSM-w683711286","role":"line","kv":100.0,"nearest":true,"intersects_site":false,"distance_km":null},"geometry":{"type":"LineString","coordinates":[[-79.095702,35.964055],[-79.094194,35.964111],[-79.090605,35.964873],[-79.078162,35.965],[-79.075255,35.96832],[-79.074195,35.969242],[-79.073343,35.970173],[-79.069289,35.974783],[-79.068306,35.976323],[-79.067466,35.978083],[-79.066699,35.979581],[-79.066262,35.980569],[-79.065184,35.981265],[-79.061559,35.983705]]}},{"type":"Feature","properties":{"site_id":"OSM-w683711286","role":"connector","kv":100.0,"nearest":true,"intersects_site":false,"distance_km":0.4000778800396382},"geometry":{"type":"LineString","coordinates":[[-79.077197,35.972002],[-79.073639,35.96985]]}},{"type":"Feature","properties":{"site_id":"OSM-w1471087016","role":"line","kv":230.0,"nearest":true,"intersects_site":false,"distance_km":null},"geometry":{"type":"LineString","coordinates":[[-77.251616,34.991191],[-77.250316,34.993109],[-77.246736,34.99822],[-77.241121,35.006355],[-77.237636,35.01134],[-77.236453,35.012974],[-77.235585,35.015111],[-77.234692,35.016956],[-77.228221,35.031227],[-77.219473,35.044236],[-77.21832,35.046019]]}},{"type":"Feature","properties":{"site_id":"OSM-w1471087016","role":"connector","kv":230.0,"nearest":true,"intersects_site":false,"distance_km":3.707466265308291},"geometry":{"type":"LineString","coordinates":[[-77.270311,35.034044],[-77.232248,35.02235]]}},{"type":"Feature","properties":{"site_id":"OSM-w1382842762","role":"line","kv":115.0,"nearest":true,"intersects_site":true,"distance_km":null},"geometry":{"type":"LineString","coordinates":[[-78.406992,36.382515],[-78.42273,36.369398],[-78.428818,36.361457]]}},{"type":"Feature","properties":{"site_id":"OSM-w844059208","role":"line","kv":500.0,"nearest":true,"intersects_site":false,"distance_km":null},"geometry":{"type":"LineString","coordinates":[[-81.012787,35.205062],[-81.017705,35.191998],[-81.015351,35.188159],[-81.015866,35.182804]]}},{"type":"Feature","properties":{"site_id":"OSM-w844059208","role":"connector","kv":500.0,"nearest":true,"intersects_site":false,"distance_km":0.050995272726633754},"geometry":{"type":"LineString","coordinates":[[-81.017438,35.194261],[-81.016903,35.194126]]}},{"type":"Feature","properties":{"site_id":"OSM-w709634798","role":"line","kv":100.0,"nearest":true,"intersects_site":false,"distance_km":null},"geometry":{"type":"LineString","coordinates":[[-78.914696,35.968079],[-78.914249,35.968041]]}},{"type":"Feature","properties":{"site_id":"OSM-w709634798","role":"connector","kv":100.0,"nearest":true,"intersects_site":false,"distance_km":2.250985811450172},"geometry":{"type":"LineString","coordinates":[[-78.897326,35.982953],[-78.914249,35.968041]]}},{"type":"Feature","properties":{"site_id":"OSM-w1420964552","role":"line","kv":115.0,"nearest":true,"intersects_site":false,"distance_km":null},"geometry":{"type":"LineString","coordinates":[[-82.090405,35.910988],[-82.090674,35.910821],[-82.092312,35.910639],[-82.092707,35.910002],[-82.092964,35.909511],[-82.093503,35.909229],[-82.09964,35.905735],[-82.114293,35.90277]]}},{"type":"Feature","properties":{"site_id":"OSM-w1420964552","role":"connector","kv":115.0,"nearest":true,"intersects_site":false,"distance_km":12.065842339951272},"geometry":{"type":"LineString","coordinates":[[-81.971503,35.960747],[-82.090405,35.910988]]}},{"type":"Feature","properties":{"site_id":"OSM-w1290054923","role":"line","kv":230.0,"nearest":true,"intersects_site":false,"distance_km":null},"geometry":{"type":"LineString","coordinates":[[-77.313158,34.790593],[-77.323541,34.790275],[-77.328943,34.795094],[-77.330313,34.796275],[-77.33158,34.797725],[-77.33509,34.801621],[-77.336066,34.802753],[-77.337536,34.80357],[-77.347614,34.809445],[-77.35227,34.812163],[-77.35374,34.81306],[-77.354918,34.813203],[-77.356042,34.813398],[-77.358029,34.81333],[-77.366584,34.813197],[-77.368512,34.815454]]}},{"type":"Feature","properties":{"site_id":"OSM-w1290054923","role":"connector","kv":230.0,"nearest":true,"intersects_site":false,"distance_km":2.6433696420174604},"geometry":{"type":"LineString","coordinates":[[-77.353158,34.781692],[-77.330313,34.796275]]}},{"type":"Feature","properties":{"site_id":"OSM-w340038759","role":"line","kv":230.0,"nearest":true,"intersects_site":false,"distance_km":null},"geometry":{"type":"LineString","coordinates":[[-78.955503,34.598139],[-78.964814,34.590261],[-78.96615,34.589542],[-78.969591,34.587602],[-78.973631,34.590898],[-78.974705,34.590005],[-78.974263,34.589631]]}},{"type":"Feature","properties":{"site_id":"OSM-w340038759","role":"connector","kv":230.0,"nearest":true,"intersects_site":false,"distance_km":0.04560879292085007},"geometry":{"type":"LineString","coordinates":[[-78.967138,34.589484],[-78.966859,34.589144]]}},{"type":"Feature","properties":{"site_id":"OSM-w956420101","role":"line","kv":100.0,"nearest":true,"intersects_site":false,"distance_km":null},"geometry":{"type":"LineString","coordinates":[[-79.102109,35.963748],[-79.099128,35.963727],[-79.097037,35.964022],[-79.094194,35.964111],[-79.090605,35.964873],[-79.078162,35.965],[-79.075255,35.96832],[-79.074195,35.969242],[-79.070481,35.973431]]}},{"type":"Feature","properties":{"site_id":"OSM-w956420101","role":"connector","kv":100.0,"nearest":true,"intersects_site":false,"distance_km":0.2443330765893308},"geometry":{"type":"LineString","coordinates":[[-79.087834,35.967097],[-79.087802,35.964895]]}},{"type":"Feature","properties":{"site_id":"OSM-w1016919329","role":"line","kv":115.0,"nearest":true,"intersects_site":false,"distance_km":null},"geometry":{"type":"LineString","coordinates":[[-75.608153,35.920122],[-75.608014,35.919905],[-75.605479,35.920874],[-75.599421,35.910051],[-75.599078,35.909426],[-75.59881,35.908775],[-75.598432,35.9081],[-75.597917,35.907271],[-75.597399,35.907181],[-75.596946,35.906561],[-75.596892,35.906084],[-75.596225,35.904637],[-75.595852,35.903918],[-75.593643,35.899231],[-75.591911,35.895747],[-75.59157,35.894955],[-75.59115,35.894162],[-75.590556,35.893172],[-75.589628,35.891751],[-75.588641,35.890336],[-75.585741,35.885908],[-75.584093,35.882793],[-75.581967,35.878906],[-75.580753,35.876584],[-75.577314,35.869572],[-75.57697,35.868791],[-75.57504,35.864911],[-75.574674,35.864116],[-75.574252,35.863323],[-75.573212,35.861107],[-75.571395,35.857445],[-75.571051,35.856669],[-75.570317,35.855218],[-75.569979,35.854452],[-75.56746,35.849291],[-75.566681,35.847495],[-75.566029,35.845867],[-75.565053,35.843673]]}},{"type":"Feature","properties":{"site_id":"OSM-w1016919329","role":"connector","kv":115.0,"nearest":true,"intersects_site":false,"distance_km":20.77592678996863},"geometry":{"type":"LineString","coordinates":[[-75.806951,35.82584],[-75.608014,35.919905]]}},{"type":"Feature","properties":{"site_id":"OSM-w957353451","role":"line","kv":115.0,"nearest":true,"intersects_site":false,"distance_km":null},"geometry":{"type":"LineString","coordinates":[[-78.459289,36.555531],[-78.459464,36.553521],[-78.46084,36.551565],[-78.461927,36.550119],[-78.462486,36.549464],[-78.464104,36.549331],[-78.46787,36.549172],[-78.468552,36.548545],[-78.468843,36.547644],[-78.469256,36.546634],[-78.474566,36.546518],[-78.482131,36.551032],[-78.482963,36.555633]]}},{"type":"Feature","properties":{"site_id":"OSM-w957353451","role":"connector","kv":115.0,"nearest":true,"intersects_site":false,"distance_km":4.208171976335418},"geometry":{"type":"LineString","coordinates":[[-78.471733,36.508655],[-78.473279,36.546552]]}},{"type":"Feature","properties":{"site_id":"OSM-w61905642","role":"line","kv":115.0,"nearest":true,"intersects_site":false,"distance_km":null},"geometry":{"type":"LineString","coordinates":[[-78.411441,36.378801],[-78.42273,36.369398],[-78.432692,36.356421]]}},{"type":"Feature","properties":{"site_id":"OSM-w61905642","role":"connector","kv":115.0,"nearest":true,"intersects_site":false,"distance_km":0.09088745529194266},"geometry":{"type":"LineString","coordinates":[[-78.422067,36.368707],[-78.42293,36.369135]]}},{"type":"Feature","properties":{"site_id":"OSM-w823560732","role":"line","kv":115.0,"nearest":true,"intersects_site":false,"distance_km":null},"geometry":{"type":"LineString","coordinates":[[-79.426789,34.769441],[-79.439083,34.761357],[-79.439328,34.760912],[-79.438534,34.760589]]}},{"type":"Feature","properties":{"site_id":"OSM-w823560732","role":"connector","kv":115.0,"nearest":true,"intersects_site":false,"distance_km":0.0435817650113566},"geometry":{"type":"LineString","coordinates":[[-79.438153,34.762473],[-79.437856,34.762166]]}},{"type":"Feature","properties":{"site_id":"OSM-w388548089","role":"line","kv":100.0,"nearest":true,"intersects_site":false,"distance_km":null},"geometry":{"type":"LineString","coordinates":[[-80.936509,35.769668],[-80.923196,35.769234],[-80.903373,35.771043]]}},{"type":"Feature","properties":{"site_id":"OSM-w388548089","role":"connector","kv":100.0,"nearest":true,"intersects_site":false,"distance_km":0.33800993314669187},"geometry":{"type":"LineString","coordinates":[[-80.919511,35.766519],[-80.919925,35.769547]]}},{"type":"Feature","properties":{"site_id":"OSM-w1346438755","role":"line","kv":100.0,"nearest":true,"intersects_site":false,"distance_km":null},"geometry":{"type":"LineString","coordinates":[[-79.056645,35.891941],[-79.057169,35.891758]]}},{"type":"Feature","properties":{"site_id":"OSM-w1346438755","role":"connector","kv":100.0,"nearest":true,"intersects_site":false,"distance_km":1.3498342726422041},"geometry":{"type":"LineString","coordinates":[[-79.058737,35.879659],[-79.057169,35.891758]]}},{"type":"Feature","properties":{"site_id":"OSM-w915668589","role":"line","kv":100.0,"nearest":true,"intersects_site":false,"distance_km":null},"geometry":{"type":"LineString","coordinates":[[-80.804561,35.156294],[-80.802632,35.156588],[-80.800071,35.157946],[-80.799358,35.159799],[-80.79679,35.160661],[-80.795294,35.162191],[-80.792437,35.164651],[-80.788178,35.16858]]}},{"type":"Feature","properties":{"site_id":"OSM-w915668589","role":"connector","kv":100.0,"nearest":true,"intersects_site":false,"distance_km":0.36091830046003115},"geometry":{"type":"LineString","coordinates":[[-80.797478,35.155486],[-80.800071,35.157946]]}},{"type":"Feature","properties":{"site_id":"OSM-w957353450","role":"line","kv":115.0,"nearest":true,"intersects_site":false,"distance_km":null},"geometry":{"type":"LineString","coordinates":[[-78.459294,36.555467],[-78.459464,36.553521],[-78.46084,36.551565],[-78.461927,36.550119],[-78.462486,36.549464],[-78.464104,36.549331],[-78.46787,36.549172],[-78.468552,36.548545],[-78.468843,36.547644],[-78.469256,36.546634],[-78.474566,36.546518],[-78.482131,36.551032],[-78.482952,36.555569]]}},{"type":"Feature","properties":{"site_id":"OSM-w957353450","role":"connector","kv":115.0,"nearest":true,"intersects_site":false,"distance_km":4.383724204439583},"geometry":{"type":"LineString","coordinates":[[-78.475631,36.507028],[-78.474566,36.546518]]}},{"type":"Feature","properties":{"site_id":"OSM-w959927510","role":"line","kv":115.0,"nearest":true,"intersects_site":false,"distance_km":null},"geometry":{"type":"LineString","coordinates":[[-77.586677,34.45802],[-77.58476,34.458956],[-77.577657,34.465832],[-77.576472,34.467017],[-77.570418,34.472837],[-77.568283,34.474935],[-77.565555,34.477505],[-77.562556,34.480486],[-77.560107,34.482796]]}},{"type":"Feature","properties":{"site_id":"OSM-w959927510","role":"connector","kv":115.0,"nearest":true,"intersects_site":false,"distance_km":2.2943182471568173},"geometry":{"type":"LineString","coordinates":[[-77.586494,34.489111],[-77.56768,34.475507]]}},{"type":"Feature","properties":{"site_id":"OSM-w841495548","role":"line","kv":100.0,"nearest":true,"intersects_site":false,"distance_km":null},"geometry":{"type":"LineString","coordinates":[[-80.257647,35.807612],[-80.25285,35.812664],[-80.251373,35.813887],[-80.237275,35.818884],[-80.229081,35.822269]]}},{"type":"Feature","properties":{"site_id":"OSM-w841495548","role":"connector","kv":100.0,"nearest":true,"intersects_site":false,"distance_km":0.3466367099419286},"geometry":{"type":"LineString","coordinates":[[-80.244051,35.819891],[-80.242522,35.817025]]}},{"type":"Feature","properties":{"site_id":"OSM-w1022658180","role":"line","kv":230.0,"nearest":true,"intersects_site":false,"distance_km":null},"geometry":{"type":"LineString","coordinates":[[-76.180491,36.511892],[-76.156649,36.49429],[-76.147546,36.48632]]}},{"type":"Feature","properties":{"site_id":"OSM-w1022658180","role":"connector","kv":230.0,"nearest":true,"intersects_site":false,"distance_km":1.4941511816780517},"geometry":{"type":"LineString","coordinates":[[-76.15272,36.509634],[-76.163966,36.499693]]}},{"type":"Feature","properties":{"site_id":"OSM-w861200491","role":"line","kv":100.0,"nearest":true,"intersects_site":false,"distance_km":null},"geometry":{"type":"LineString","coordinates":[[-80.958054,35.412033],[-80.95337,35.412435],[-80.943639,35.418848],[-80.941847,35.421117],[-80.933631,35.424191]]}},{"type":"Feature","properties":{"site_id":"OSM-w861200491","role":"connector","kv":100.0,"nearest":true,"intersects_site":false,"distance_km":0.005897089735384061},"geometry":{"type":"LineString","coordinates":[[-80.947083,35.416512],[-80.947124,35.416553]]}}],"metadata":{"description":"Display geometry for grid_line_distance_km: nearest mapped >=69 kV line (OSM via Overture) and lines intersecting the site, clipped to a window; connector = shortest site-boundary-to-line segment. Proximity screening proxy only; not interconnection capacity or availability.","window_pad_m":1000.0,"simplify_m":2.0,"sites":662,"zero":109,"zero_crosses_boundary":109,"zero_inside_only":0}}